Open Date,Close date,Symbol,Action,Lots,SL,TP,Open Price,Close Price,Pips,Profit,Duration,Change
04.14.2026 16:34,04.14.2026 16:34,XAUUSD,Buy,0.10,"4,787.58000","4,799.98000","4,790","4,794.02",402.0,40.20,29s,0.22%
04.14.2026 16:21,04.14.2026 16:21,XAUUSD,Buy,0.10,"4,787.58000","4,799.98000","4,789.98","4,790.23",25.0,2.50,5s,0.01%
04.14.2026 13:38,04.14.2026 13:38,XAUUSD,Sell,0.10,"4,774.04000","4,761.64000","4,771.63","4,765.54",609.0,60.90,23s,0.34%
04.14.2026 09:52,04.14.2026 09:53,XAUUSD,Buy,0.10,"4,774.63000","4,787.03000","4,777.05","4,777.33",28.0,2.80,22s,0.02%
04.14.2026 05:51,04.14.2026 05:51,XAUUSD,Buy,0.10,"4,774.56000","4,786.96000","4,776.96","4,776.97",1.0,0.10,5s,0.00%
04.14.2026 03:26,04.14.2026 03:26,XAUUSD,Buy,0.10,"4,763.53000","4,775.93000","4,765.93","4,766.62",69.0,6.90,4s,0.04%
04.13.2026 18:05,04.13.2026 18:05,XAUUSD,Sell,0.10,"4,706.03000","4,693.63000","4,703.63","4,700.49",314.0,31.40,12s,0.17%
04.13.2026 16:01,04.13.2026 16:01,XAUUSD,Buy,0.10,"4,726.72000","4,739.12000","4,729.13","4,729.41",28.0,2.80,3s,0.02%
04.13.2026 14:41,04.13.2026 14:41,XAUUSD,Sell,0.10,"4,710.72000","4,698.32000","4,708.32","4,707.41",91.0,9.10,4s,0.05%
04.13.2026 13:25,04.13.2026 13:25,XAUUSD,Sell,0.10,"4,711.14000","4,698.74000","4,708.73","4,708.72",1.0,0.10,5s,0.00%
04.13.2026 08:57,04.13.2026 08:57,XAUUSD,Buy,0.10,"4,725.69000","4,738.09000","4,728.1","4,730",190.0,19.00,17s,0.11%
04.10.2026 11:44,04.10.2026 11:44,XAUUSD,Sell,0.10,"4,743.70000","4,731.30000","4,741.27","4,741.26",1.0,0.10,2s,0.00%
04.10.2026 09:14,04.10.2026 09:14,XAUUSD,Sell,0.10,"4,759.84000","4,747.44000","4,757.43","4,755.84",159.0,15.90,17s,0.09%
04.10.2026 05:13,04.10.2026 05:13,XAUUSD,Sell,0.10,"4,753.14000","4,740.74000","4,750.74","4,749.99",75.0,7.50,7s,0.04%
04.10.2026 03:00,04.10.2026 03:00,XAUUSD,Sell,0.10,"4,759.16000","4,746.76000","4,756.74","4,756.07",67.0,6.70,3s,0.04%
04.09.2026 18:17,04.09.2026 18:17,XAUUSD,Buy,0.10,"4,774.82000","4,787.22000","4,777.23","4,778.8",157.0,15.70,6s,0.09%
04.09.2026 16:35,04.09.2026 16:35,XAUUSD,Buy,0.10,"4,757.28000","4,769.68000","4,759.72","4,764.45",473.0,47.30,17s,0.26%
04.09.2026 13:21,04.09.2026 13:21,XAUUSD,Buy,0.10,"4,730.98000","4,743.38000","4,733.39","4,733.4",1.0,0.10,2s,0.00%
04.09.2026 12:02,04.09.2026 12:03,XAUUSD,Buy,0.10,"4,724.23000","4,736.63000","4,726.64","4,727.5",86.0,8.60,32s,0.05%
04.09.2026 11:44,04.09.2026 11:44,XAUUSD,Buy,0.10,"4,729.05000","4,741.45000","4,731.46","4,732.14",68.0,6.80,3s,0.04%
04.09.2026 10:37,04.09.2026 10:37,XAUUSD,Buy,0.10,"4,724.23000","4,736.63000","4,726.63","4,727.94",131.0,13.10,15s,0.07%
04.09.2026 10:08,04.09.2026 10:08,XAUUSD,Buy,0.10,"4,724.23000","4,736.63000","4,726.63","4,728.29",166.0,16.60,18s,0.09%
04.09.2026 09:53,04.09.2026 09:53,XAUUSD,Sell,0.10,"4,708.26000","4,695.86000","4,705.81","4,704.49",132.0,13.20,8s,0.07%
04.09.2026 05:39,04.09.2026 05:39,XAUUSD,Buy,0.10,"4,730.02000","4,742.42000","4,732.44","4,732.2",-24.0,-2.40,5s,-0.01%
04.09.2026 03:07,04.09.2026 03:07,XAUUSD,Sell,0.10,"4,702.07000","4,689.67000","4,699.65","4,698.86",79.0,7.90,4s,0.04%
04.08.2026 16:55,04.08.2026 16:55,XAUUSD,Sell,0.10,"4,771.19000","4,758.79000","4,768.79","4,767.84",95.0,9.50,3s,0.05%
04.08.2026 15:22,04.08.2026 15:22,XAUUSD,Sell,0.10,"4,773.67000","4,761.27000","4,771.24","4,769.03",221.0,22.10,4s,0.12%
04.08.2026 12:43,04.08.2026 12:43,XAUUSD,Sell,0.10,"4,792.93000","4,780.53000","4,790.52","4,783.6",692.0,69.20,25s,0.39%
04.07.2026 17:03,04.07.2026 17:03,XAUUSD,Sell,0.10,"4,631.35000","4,618.95000","4,628.95","4,627.57",138.0,13.80,15s,0.08%
04.07.2026 16:35,04.07.2026 16:35,XAUUSD,Sell,0.10,"4,649.22000","4,636.82000","4,646.82","4,644.86",196.0,19.60,17s,0.11%
04.07.2026 14:14,04.07.2026 14:14,XAUUSD,Sell,0.10,"4,638.96000","4,626.56000","4,636.53","4,629.23",730.0,73.00,25s,0.41%
04.07.2026 12:13,04.07.2026 12:13,XAUUSD,Buy,0.10,"4,688.41000","4,700.81000","4,690.81","4,693.37",256.0,25.60,13s,0.14%
04.07.2026 11:02,04.07.2026 11:02,XAUUSD,Buy,0.10,"4,654.75000","4,667.15000","4,657.15","4,659.63",248.0,24.80,6s,0.14%
04.07.2026 07:31,04.07.2026 07:31,XAUUSD,Buy,0.10,"4,651.74000","4,664.14000","4,654.15","4,655.35",120.0,12.00,13s,0.07%
04.07.2026 04:37,04.07.2026 04:37,XAUUSD,Sell,0.10,"4,647.87000","4,635.47000","4,645.42","4,640.4",502.0,50.20,13s,0.29%
04.07.2026 04:00,04.07.2026 04:00,XAUUSD,Sell,0.10,"4,651.52000","4,639.12000","4,649.11","4,639.08","1,003.0",100.30,21s,0.57%
04.06.2026 18:37,04.06.2026 18:37,XAUUSD,Sell,0.10,"4,662.03000","4,649.63000","4,659.59","4,656.56",303.0,30.30,13s,0.17%
04.06.2026 18:15,04.06.2026 18:15,XAUUSD,Sell,0.10,"4,662.03000","4,649.63000","4,659.6","4,655.56",404.0,40.40,14s,0.23%
04.06.2026 14:45,04.06.2026 14:45,XAUUSD,Sell,0.10,"4,687.19000","4,674.79000","4,684.77","4,683.04",173.0,17.30,23s,0.10%
04.06.2026 10:51,04.06.2026 10:51,XAUUSD,Buy,0.10,"4,676.43000","4,688.83000","4,678.87","4,681.41",254.0,25.40,14s,0.15%
04.06.2026 08:10,04.06.2026 08:11,XAUUSD,Buy,0.10,"4,669.55000","4,681.95000","4,671.97","4,676.4",443.0,44.30,39s,0.26%
04.06.2026 05:16,04.06.2026 05:16,XAUUSD,Buy,0.10,"4,640.73000","4,653.13000","4,643.13","4,646.34",321.0,32.10,17s,0.19%
04.02.2026 16:00,04.02.2026 16:00,XAUUSD,Sell,0.10,"4,595.33000","4,582.93000","4,592.89","4,582.86","1,003.0",100.30,13s,0.58%
04.02.2026 14:41,04.02.2026 14:41,XAUUSD,Sell,0.10,"4,606.52000","4,594.12000","4,604.1","4,602.96",114.0,11.40,16s,0.07%
04.02.2026 13:18,04.02.2026 13:18,XAUUSD,Sell,0.10,"4,615.64000","4,603.24000","4,613.22","4,613.18",4.0,0.40,2s,0.00%
04.02.2026 08:33,04.02.2026 08:33,XAUUSD,Sell,0.10,"4,659.53000","4,647.13000","4,657.05","4,647.1",995.0,99.50,14s,0.58%
04.02.2026 04:03,04.02.2026 04:03,XAUUSD,Sell,0.10,"4,751.12000","4,738.72000","4,748.72","4,747.66",106.0,10.60,1s,0.06%
04.02.2026 03:13,04.02.2026 03:14,XAUUSD,Buy,0.10,"4,790.68000","4,803.08000","4,793.1","4,793.28",18.0,1.80,37s,0.01%
04.01.2026 17:53,04.01.2026 17:53,XAUUSD,Buy,0.10,"4,760.65000","4,773.05000","4,763.06","4,766.47",341.0,34.10,16s,0.20%
04.01.2026 14:30,04.01.2026 14:30,XAUUSD,Buy,0.10,"4,745.27000","4,757.67000","4,747.68","4,750",232.0,23.20,16s,0.14%
04.01.2026 11:03,04.01.2026 11:03,XAUUSD,Buy,0.10,"4,721.83000","4,734.23000","4,724.23","4,725.32",109.0,10.90,8s,0.06%
04.01.2026 10:33,04.01.2026 10:33,XAUUSD,Buy,0.10,"4,730.82000","4,743.22000","4,733.26","4,735.77",251.0,25.10,13s,0.15%
04.01.2026 09:48,04.01.2026 09:48,XAUUSD,Buy,0.10,"4,721.83000","4,734.23000","4,724.28","4,727.7",342.0,34.20,17s,0.20%
04.01.2026 07:02,04.01.2026 07:03,XAUUSD,Sell,0.10,"4,680.68000","4,668.28000","4,678.27","4,678.3",-3.0,-0.30,25s,0.00%
04.01.2026 05:36,04.01.2026 05:37,XAUUSD,Sell,0.10,"4,683.87000","4,671.47000","4,681.47","4,680.97",50.0,5.00,40s,0.03%
03.31.2026 16:51,03.31.2026 16:51,XAUUSD,Buy,0.10,"4,595.16000","4,607.56000","4,597.56","4,598.82",126.0,12.60,3s,0.07%
03.31.2026 14:09,03.31.2026 14:09,XAUUSD,Sell,0.10,"4,545.64000","4,533.24000","4,543.23","4,543.34",-11.0,-1.10,2s,-0.01%
03.31.2026 13:36,03.31.2026 13:36,XAUUSD,Sell,0.10,"4,552.59000","4,540.19000","4,550.18","4,549.03",115.0,11.50,10s,0.07%
03.31.2026 10:19,03.31.2026 10:19,XAUUSD,Sell,0.10,"4,550.24000","4,537.84000","4,547.84","4,543.48",436.0,43.60,24s,0.26%
03.31.2026 08:13,03.31.2026 08:13,XAUUSD,Sell,0.10,"4,552.66000","4,540.26000","4,550.22","4,549.49",73.0,7.30,2s,0.04%
03.31.2026 03:36,03.31.2026 03:37,XAUUSD,Buy,0.10,"4,520.60000","4,533.00000","4,523.02","4,525.76",274.0,27.40,25s,0.16%
03.31.2026 03:02,03.31.2026 03:02,XAUUSD,Buy,0.10,"4,520.60000","4,533.00000","4,523.08","4,527.88",480.0,48.00,15s,0.29%
03.30.2026 16:58,03.30.2026 16:58,XAUUSD,Sell,0.10,"4,527.84000","4,515.44000","4,525.41","4,516.94",847.0,84.70,23s,0.51%
03.30.2026 14:15,03.30.2026 14:15,XAUUSD,Buy,0.10,"4,538.38000","4,550.78000","4,540.8","4,540.88",8.0,0.80,3s,0.00%
03.30.2026 08:49,03.30.2026 08:49,XAUUSD,Buy,0.10,"4,514.86000","4,527.26000","4,517.33","4,521.11",378.0,37.80,16s,0.23%
03.30.2026 05:41,03.30.2026 05:42,XAUUSD,Buy,0.10,"4,473.22000","4,485.62000","4,475.68","4,485.05",937.0,93.70,42s,0.56%
03.27.2026 07:30,03.27.2026 07:30,XAUUSD,Buy,0.10,"4,447.06000","4,459.46000","4,449.51","4,451.49",198.0,19.80,4s,0.12%
03.27.2026 06:55,03.27.2026 06:56,XAUUSD,Buy,0.10,"4,443.61000","4,456.01000","4,446.02","4,447.87",185.0,18.50,40s,0.11%
03.27.2026 05:39,03.27.2026 05:40,XAUUSD,Buy,0.10,"4,438.08000","4,450.48000","4,440.5","4,445.33",483.0,48.30,35s,0.29%
03.27.2026 03:56,03.27.2026 03:56,XAUUSD,Buy,0.10,"4,417.89000","4,430.29000","4,420.31","4,420.31",0.0,0.00,2s,0.00%
03.26.2026 18:21,03.26.2026 18:21,XAUUSD,Sell,0.10,"4,418.78000","4,406.38000","4,416.34","4,406.38",996.0,99.60,19s,0.61%
03.26.2026 15:45,03.26.2026 15:45,XAUUSD,Buy,0.10,"4,454.24000","4,466.64000","4,456.67","4,460.25",358.0,35.80,13s,0.22%
03.26.2026 13:01,03.26.2026 13:01,XAUUSD,Buy,0.10,"4,445.85000","4,458.25000","4,448.25","4,447.92",-33.0,-3.30,5s,-0.02%
03.26.2026 10:43,03.26.2026 10:43,XAUUSD,Sell,0.10,"4,418.29000","4,405.89000","4,415.89","4,412.75",314.0,31.40,4s,0.19%
03.26.2026 07:26,03.26.2026 07:26,XAUUSD,Sell,0.10,"4,502.36000","4,489.96000","4,499.94","4,494.2",574.0,57.40,24s,0.35%
03.26.2026 04:34,03.26.2026 04:34,XAUUSD,Sell,0.10,"4,524.79000","4,512.39000","4,522.38","4,520.53",185.0,18.50,13s,0.11%
03.25.2026 17:17,03.25.2026 17:17,XAUUSD,Sell,0.10,"4,535.39000","4,522.99000","4,532.98","4,529.56",342.0,34.20,12s,0.21%
03.25.2026 16:50,03.25.2026 16:50,XAUUSD,Buy,0.10,"4,574.04000","4,586.44000","4,576.46","4,579.06",260.0,26.00,10s,0.16%
03.25.2026 14:31,03.25.2026 14:31,XAUUSD,Sell,0.10,"4,530.20000","4,517.80000","4,527.77","4,522.24",553.0,55.30,11s,0.34%
03.25.2026 13:05,03.25.2026 13:05,XAUUSD,Buy,0.10,"4,565.46000","4,577.86000","4,567.89","4,568.65",76.0,7.60,12s,0.05%
03.25.2026 11:48,03.25.2026 11:48,XAUUSD,Sell,0.10,"4,538.25000","4,525.85000","4,535.79","4,530.79",500.0,50.00,4s,0.31%
03.25.2026 10:15,03.25.2026 10:16,XAUUSD,Buy,0.10,"4,560.89000","4,573.29000","4,563.31","4,564.35",104.0,10.40,37s,0.06%
03.25.2026 07:17,03.25.2026 07:17,XAUUSD,Sell,0.10,"4,568.16000","4,555.76000","4,565.72","4,564.18",154.0,15.40,15s,0.10%
03.25.2026 04:46,03.25.2026 04:46,XAUUSD,Buy,0.10,"4,598.64000","4,611.04000","4,601.04","4,602.22",118.0,11.80,14s,0.07%
03.24.2026 14:34,03.24.2026 14:34,XAUUSD,Sell,0.10,"4,377.04000","4,364.64000","4,374.64","4,374.51",13.0,1.30,1s,0.01%
03.24.2026 12:17,03.24.2026 12:17,XAUUSD,Buy,0.10,"4,430.28000","4,442.68000","4,432.69","4,432.7",1.0,0.10,3s,0.00%
03.24.2026 08:22,03.24.2026 08:22,XAUUSD,Buy,0.10,"4,376.88000","4,389.28000","4,379.28","4,389.28","1,000.0",100.00,43s,0.63%
03.24.2026 07:05,03.24.2026 07:06,XAUUSD,Sell,0.10,"4,329.09000","4,316.69000","4,326.64","4,320.61",603.0,60.30,52s,0.38%
03.24.2026 03:00,03.24.2026 03:00,XAUUSD,Sell,0.10,"4,363.67000","4,351.27000","4,361.24","4,361.39",-15.0,-1.50,1s,-0.01%
03.23.2026 16:18,03.23.2026 16:19,XAUUSD,Buy,0.10,"4,490.03000","4,502.43000","4,492.46","4,495.45",299.0,29.90,31s,0.19%
03.23.2026 14:49,03.23.2026 14:49,XAUUSD,Buy,0.10,"4,460.35000","4,472.75000","4,462.8","4,463.2",40.0,4.00,1s,0.03%
03.23.2026 13:05,03.23.2026 13:05,XAUUSD,Buy,0.10,"4,305.88000","4,318.28000","4,308.3","4,318.37","1,007.0",100.70,3s,0.64%
03.23.2026 07:30,03.23.2026 07:30,XAUUSD,Sell,0.10,"4,337.58000","4,325.18000","4,335.17","4,330.61",456.0,45.60,6s,0.29%
03.20.2026 11:58,03.20.2026 11:58,XAUUSD,Sell,0.10,"4,663.90000","4,651.50000","4,661.48","4,660.14",134.0,13.40,13s,0.09%
03.20.2026 04:49,03.20.2026 04:49,XAUUSD,Buy,0.10,"4,696.82000","4,709.22000","4,699.25","4,700.19",94.0,9.40,5s,0.06%
03.20.2026 03:35,03.20.2026 03:35,XAUUSD,Buy,0.10,"4,674.83000","4,687.23000","4,677.24","4,677.13",-11.0,-1.10,7s,-0.01%
03.20.2026 03:03,03.20.2026 03:03,XAUUSD,Buy,0.10,"4,662.56000","4,674.96000","4,664.98","4,667.24",226.0,22.60,5s,0.14%
03.19.2026 13:42,03.19.2026 13:42,XAUUSD,Sell,0.10,"4,668.96000","4,656.56000","4,666.51","4,658.35",816.0,81.60,16s,0.52%
03.19.2026 12:20,03.19.2026 12:20,XAUUSD,Sell,0.10,"4,689.25000","4,676.85000","4,686.79","4,676.74","1,005.0",100.50,18s,0.65%
03.19.2026 09:44,03.19.2026 09:44,XAUUSD,Sell,0.10,"4,750.10000","4,737.70000","4,747.65","4,737.69",996.0,99.60,22s,0.65%
03.19.2026 07:30,03.19.2026 07:30,XAUUSD,Sell,0.10,"4,848.13000","4,835.73000","4,845.71","4,840.79",492.0,49.20,25s,0.32%
03.18.2026 12:35,03.18.2026 12:35,XAUUSD,Sell,0.10,"4,979.57000","4,967.17000","4,977.12","4,967.13",999.0,99.90,18s,0.66%
03.18.2026 10:45,03.18.2026 10:45,XAUUSD,Sell,0.10,"4,984.19000","4,971.79000","4,981.76","4,977.42",434.0,43.40,14s,0.29%
03.18.2026 08:36,03.18.2026 08:36,XAUUSD,Buy,0.10,"5,013.59000","5,025.99000","5,016","5,016.1",10.0,1.00,3s,0.01%
03.18.2026 06:34,03.18.2026 06:34,XAUUSD,Sell,0.10,"4,988.44000","4,976.04000","4,986","4,986.16",-16.0,-1.60,2s,-0.01%
03.18.2026 04:57,03.18.2026 04:57,XAUUSD,Sell,0.10,"4,993.65000","4,981.25000","4,991.24","4,991.14",10.0,1.00,4s,0.01%
03.18.2026 03:52,03.18.2026 03:52,XAUUSD,Sell,0.10,"4,995.72000","4,983.32000","4,993.32","4,991.52",180.0,18.00,12s,0.12%
03.18.2026 03:08,03.18.2026 03:08,XAUUSD,Buy,0.10,"5,009.89000","5,022.29000","5,012.29","5,012.14",-15.0,-1.50,14s,-0.01%
03.17.2026 17:35,03.17.2026 17:36,XAUUSD,Sell,0.10,"4,994.40000","4,982.00000","4,992","4,990.95",105.0,10.50,22s,0.07%
03.17.2026 16:31,03.17.2026 16:31,XAUUSD,Sell,0.10,"5,007.84000","4,995.44000","5,005.44","5,003.11",233.0,23.30,15s,0.15%
03.17.2026 15:32,03.17.2026 15:32,XAUUSD,Buy,0.10,"5,021.45000","5,033.85000","5,023.85","5,026.19",234.0,23.40,10s,0.15%
03.17.2026 12:06,03.17.2026 12:06,XAUUSD,Sell,0.10,"5,007.74000","4,995.34000","5,005.34","5,003.98",136.0,13.60,6s,0.09%
03.17.2026 06:30,03.17.2026 06:31,XAUUSD,Buy,0.10,"5,031.27000","5,043.67000","5,033.68","5,033.93",25.0,2.50,38s,0.02%
03.17.2026 05:21,03.17.2026 05:21,XAUUSD,Buy,0.10,"5,027.28000","5,039.68000","5,029.68","5,029.42",-26.0,-2.60,2s,-0.02%
03.17.2026 03:00,03.17.2026 03:00,XAUUSD,Sell,0.10,"5,001.06000","4,988.66000","4,998.65","4,998",65.0,6.50,3s,0.04%
03.16.2026 16:08,03.16.2026 16:08,XAUUSD,Buy,0.10,"5,033.77000","5,046.17000","5,036.19","5,037.85",166.0,16.60,13s,0.11%
03.16.2026 14:28,03.16.2026 14:28,XAUUSD,Buy,0.10,"5,020.23000","5,032.63000","5,022.67","5,024.51",184.0,18.40,10s,0.12%
03.16.2026 09:15,03.16.2026 09:15,XAUUSD,Sell,0.10,"5,005.68000","4,993.28000","5,003.27","5,001.24",203.0,20.30,13s,0.13%
03.16.2026 08:14,03.16.2026 08:14,XAUUSD,Buy,0.10,"5,023.89000","5,036.29000","5,026.29","5,027.63",134.0,13.40,14s,0.09%
03.13.2026 10:03,03.13.2026 10:03,XAUUSD,Sell,0.10,"5,074.13000","5,061.73000","5,071.72","5,069.16",256.0,25.60,12s,0.17%
03.12.2026 16:33,03.12.2026 16:33,XAUUSD,Sell,0.10,"5,148.49000","5,136.09000","5,146.06","5,143.92",214.0,21.40,13s,0.14%
03.12.2026 15:23,03.12.2026 15:23,XAUUSD,Sell,0.10,"5,166.25000","5,153.85000","5,163.82","5,161.28",254.0,25.40,4s,0.17%
03.12.2026 14:05,03.12.2026 14:05,XAUUSD,Sell,0.10,"5,175.09000","5,162.69000","5,172.69","5,171.72",97.0,9.70,16s,0.06%
03.12.2026 13:19,03.12.2026 13:20,XAUUSD,Sell,0.10,"5,176.80000","5,164.40000","5,174.4","5,173.34",106.0,10.60,27s,0.07%
03.12.2026 12:00,03.12.2026 12:00,XAUUSD,Buy,0.10,"5,187.35000","5,199.75000","5,189.76","5,190.54",78.0,7.80,12s,0.05%
03.12.2026 11:59,03.12.2026 11:59,XAUUSD,Buy,0.10,"5,187.35000","5,199.75000","5,189.77","5,189.78",1.0,0.10,4s,0.00%
03.12.2026 09:42,03.12.2026 09:42,XAUUSD,Buy,0.10,"5,172.77000","5,185.17000","5,175.21","5,178.38",317.0,31.70,26s,0.21%
03.12.2026 08:31,03.12.2026 08:32,XAUUSD,Buy,0.10,"5,155.45000","5,167.85000","5,157.86","5,159.92",206.0,20.60,32s,0.14%
03.12.2026 06:37,03.12.2026 06:37,XAUUSD,Sell,0.10,"5,148.16000","5,135.76000","5,145.74","5,145.95",-21.0,-2.10,6s,-0.01%
03.11.2026 15:30,03.11.2026 15:30,XAUUSD,Sell,0.10,"5,177.84000","5,165.44000","5,175.44","5,174.68",76.0,7.60,6s,0.05%
03.11.2026 14:36,03.11.2026 14:36,XAUUSD,Sell,0.10,"5,178.05000","5,165.65000","5,175.63","5,173.95",168.0,16.80,6s,0.11%
03.11.2026 13:58,03.11.2026 13:58,XAUUSD,Sell,0.10,"5,179.61000","5,167.21000","5,177.19","5,175.94",125.0,12.50,5s,0.08%
03.11.2026 09:33,03.11.2026 09:33,XAUUSD,Sell,0.10,"5,193.03000","5,180.63000","5,190.63","5,190.4",23.0,2.30,8s,0.02%
03.11.2026 07:30,03.11.2026 07:30,XAUUSD,Sell,0.10,"5,201.68000","5,189.28000","5,199.28","5,190.87",841.0,84.10,25s,0.57%
03.10.2026 17:20,03.10.2026 17:20,XAUUSD,Buy,0.10,"5,226.28000","5,238.68000","5,228.7","5,228.45",-25.0,-2.50,1s,-0.02%
03.10.2026 15:00,03.10.2026 15:00,XAUUSD,Buy,0.10,"5,189.54000","5,201.94000","5,191.95","5,196.19",424.0,42.40,13s,0.29%
03.10.2026 12:37,03.10.2026 12:37,XAUUSD,Sell,0.10,"5,160.98000","5,148.58000","5,158.57","5,158.24",33.0,3.30,3s,0.02%
03.10.2026 09:59,03.10.2026 09:59,XAUUSD,Buy,0.10,"5,178.54000","5,190.94000","5,180.96","5,181.05",9.0,0.90,18s,0.01%
03.10.2026 03:20,03.10.2026 03:20,XAUUSD,Buy,0.10,"5,153.69000","5,166.09000","5,156.13","5,158.22",209.0,20.90,10s,0.14%
03.09.2026 15:42,03.09.2026 15:42,XAUUSD,Sell,0.10,"5,082.24000","5,069.84000","5,079.82","5,075.54",428.0,42.80,17s,0.29%
03.09.2026 12:51,03.09.2026 12:51,XAUUSD,Sell,0.10,"5,089.50000","5,077.10000","5,087.07","5,084.51",256.0,25.60,14s,0.18%
03.09.2026 11:09,03.09.2026 11:09,XAUUSD,Buy,0.10,"5,108.48000","5,120.88000","5,110.91","5,111.47",56.0,5.60,3s,0.04%
03.09.2026 10:32,03.09.2026 10:32,XAUUSD,Sell,0.10,"5,091.03000","5,078.63000","5,088.62","5,087.34",128.0,12.80,5s,0.09%
03.09.2026 07:23,03.09.2026 07:23,XAUUSD,Buy,0.10,"5,100.05000","5,112.45000","5,102.48","5,103.13",65.0,6.50,3s,0.04%
03.09.2026 04:10,03.09.2026 04:10,XAUUSD,Buy,0.10,"5,085.21000","5,097.61000","5,087.71","5,094.78",707.0,70.70,15s,0.49%
03.09.2026 03:00,03.09.2026 03:00,XAUUSD,Sell,0.10,"5,030.84000","5,018.44000","5,028.36","5,018.38",998.0,99.80,13s,0.69%
03.06.2026 10:25,03.06.2026 10:25,XAUUSD,Sell,0.10,"5,108.26000","5,095.86000","5,105.82","5,104.24",158.0,15.80,13s,0.11%
03.06.2026 09:07,03.06.2026 09:07,XAUUSD,Sell,0.10,"5,111.66000","5,099.26000","5,109.24","5,109.23",1.0,0.10,3s,0.00%
03.06.2026 03:35,03.06.2026 03:35,XAUUSD,Buy,0.10,"5,099.61000","5,112.01000","5,102.01","5,103",99.0,9.90,6s,0.07%
03.06.2026 03:00,03.06.2026 03:00,XAUUSD,Sell,0.10,"5,076.60000","5,064.20000","5,074.19","5,066.76",743.0,74.30,12s,0.52%
03.05.2026 18:26,03.05.2026 18:26,XAUUSD,Sell,0.10,"5,062.85000","5,050.45000","5,060.44","5,060.43",1.0,0.10,2s,0.00%
03.05.2026 17:08,03.05.2026 17:08,XAUUSD,Sell,0.10,"5,085.70000","5,073.30000","5,083.23","5,073.25",998.0,99.80,11s,0.70%
03.05.2026 15:16,03.05.2026 15:16,XAUUSD,Sell,0.10,"5,148.75000","5,136.35000","5,146.26","5,138.28",798.0,79.80,12s,0.56%
03.05.2026 14:05,03.05.2026 14:05,XAUUSD,Buy,0.10,"5,165.62000","5,178.02000","5,168.05","5,169.91",186.0,18.60,15s,0.13%
03.05.2026 11:06,03.05.2026 11:06,XAUUSD,Buy,0.10,"5,170.38000","5,182.78000","5,172.8","5,174.23",143.0,14.30,6s,0.10%
03.05.2026 08:10,03.05.2026 08:10,XAUUSD,Sell,0.10,"5,131.92000","5,119.52000","5,129.51","5,127.84",167.0,16.70,5s,0.12%
03.05.2026 07:33,03.05.2026 07:33,XAUUSD,Sell,0.10,"5,168.75000","5,156.35000","5,166.34","5,166.05",29.0,2.90,4s,0.02%
03.05.2026 04:23,03.05.2026 04:23,XAUUSD,Buy,0.10,"5,184.14000","5,196.54000","5,186.56","5,188.02",146.0,14.60,12s,0.10%
03.05.2026 03:06,03.05.2026 03:07,XAUUSD,Buy,0.10,"5,177.48000","5,189.88000","5,179.9","5,180.26",36.0,3.60,36s,0.03%
03.04.2026 16:48,03.04.2026 16:48,XAUUSD,Sell,0.10,"5,158.67000","5,146.27000","5,156.27","5,146.25","1,002.0",100.20,21s,0.72%
03.04.2026 14:03,03.04.2026 14:04,XAUUSD,Buy,0.10,"5,200.18000","5,212.58000","5,202.58","5,205.41",283.0,28.30,39s,0.20%
03.04.2026 11:39,03.04.2026 11:39,XAUUSD,Buy,0.10,"5,179.82000","5,192.22000","5,182.25","5,184.82",257.0,25.70,15s,0.18%
03.04.2026 11:20,03.04.2026 11:20,XAUUSD,Buy,0.10,"5,173.58000","5,185.98000","5,175.98","5,176.11",13.0,1.30,5s,0.01%
03.04.2026 10:44,03.04.2026 10:44,XAUUSD,Buy,0.10,"5,173.58000","5,185.98000","5,175.98","5,175.87",-11.0,-1.10,7s,-0.01%
03.04.2026 08:01,03.04.2026 08:02,XAUUSD,Sell,0.10,"5,154.53000","5,142.13000","5,152.13","5,144.29",784.0,78.40,33s,0.57%
03.04.2026 03:01,03.04.2026 03:02,XAUUSD,Buy,0.10,"5,146.64000","5,159.04000","5,149.07","5,158.09",902.0,90.20,39s,0.66%
03.03.2026 16:44,03.03.2026 16:44,XAUUSD,Sell,0.10,"5,077.68000","5,065.28000","5,075.27","5,065.24","1,003.0",100.30,20s,0.73%
03.03.2026 13:07,03.03.2026 13:07,XAUUSD,Sell,0.10,"5,228.69000","5,216.29000","5,226.22","5,216.22","1,000.0",100.00,12s,0.74%
03.03.2026 11:25,03.03.2026 11:25,XAUUSD,Sell,0.10,"5,281.39000","5,268.99000","5,278.94","5,268.9","1,004.0",100.40,9s,0.75%
03.03.2026 07:48,03.03.2026 07:48,XAUUSD,Sell,0.10,"5,335.46000","5,323.06000","5,333.03","5,326.56",647.0,64.70,15s,0.48%
03.03.2026 06:26,03.03.2026 06:26,XAUUSD,Buy,0.10,"5,371.17000","5,383.57000","5,373.57","5,373.7",13.0,1.30,4s,0.01%
03.02.2026 18:00,03.02.2026 18:00,XAUUSD,Sell,0.10,"5,309.34000","5,296.94000","5,306.92","5,296.91","1,001.0",100.10,15s,0.75%
03.02.2026 15:31,03.02.2026 15:31,XAUUSD,Buy,0.10,"5,414.34000","5,426.74000","5,416.76","5,416.51",-25.0,-2.50,1s,-0.02%
03.02.2026 13:45,03.02.2026 13:45,XAUUSD,Sell,0.10,"5,381.60000","5,369.20000","5,379.12","5,375.76",336.0,33.60,6s,0.25%
03.02.2026 12:02,03.02.2026 12:02,XAUUSD,Sell,0.10,"5,388.50000","5,376.10000","5,386.07","5,383.98",209.0,20.90,14s,0.16%
03.02.2026 08:05,03.02.2026 08:05,XAUUSD,Buy,0.10,"5,364.83000","5,377.23000","5,367.25","5,370.09",284.0,28.40,17s,0.22%
02.27.2026 11:48,02.27.2026 11:48,XAUUSD,Sell,0.10,"5,176.74000","5,164.34000","5,174.32","5,173.09",123.0,12.30,4s,0.09%
02.27.2026 09:16,02.27.2026 09:16,XAUUSD,Sell,0.10,"5,183.37000","5,170.97000","5,180.95","5,179.49",146.0,14.60,17s,0.11%
02.27.2026 07:25,02.27.2026 07:25,XAUUSD,Buy,0.10,"5,188.26000","5,200.66000","5,190.67","5,190.67",0.0,0.00,5s,0.00%
02.27.2026 03:40,02.27.2026 03:40,XAUUSD,Buy,0.10,"5,188.63000","5,201.03000","5,191.09","5,191.1",1.0,0.10,11s,0.00%
02.26.2026 16:30,02.26.2026 16:30,XAUUSD,Sell,0.10,"5,160.18000","5,147.78000","5,157.74","5,147.78",996.0,99.60,20s,0.76%
02.26.2026 13:52,02.26.2026 13:52,XAUUSD,Sell,0.10,"5,168.37000","5,155.97000","5,165.96","5,165.95",1.0,0.10,1s,0.00%
02.26.2026 12:57,02.26.2026 12:57,XAUUSD,Sell,0.10,"5,170.14000","5,157.74000","5,167.74","5,167.75",-1.0,-0.10,17s,0.00%
02.26.2026 09:02,02.26.2026 09:03,XAUUSD,Sell,0.10,"5,192.34000","5,179.94000","5,189.93","5,187.98",195.0,19.50,32s,0.15%
02.26.2026 07:13,02.26.2026 07:13,XAUUSD,Buy,0.10,"5,196.87000","5,209.27000","5,199.27","5,199.32",5.0,0.50,5s,0.00%
02.26.2026 06:12,02.26.2026 06:12,XAUUSD,Buy,0.10,"5,195.92000","5,208.32000","5,198.37","5,198.45",8.0,0.80,3s,0.01%
02.25.2026 18:22,02.25.2026 18:22,XAUUSD,Buy,0.10,"5,200.03000","5,212.43000","5,202.44","5,204.67",223.0,22.30,14s,0.17%
02.25.2026 17:41,02.25.2026 17:42,XAUUSD,Buy,0.10,"5,189.12000","5,201.52000","5,191.53","5,191.55",2.0,0.20,23s,0.00%
02.25.2026 16:56,02.25.2026 16:57,XAUUSD,Buy,0.10,"5,189.12000","5,201.52000","5,191.52","5,193.07",155.0,15.50,48s,0.12%
02.25.2026 15:05,02.25.2026 15:05,XAUUSD,Buy,0.10,"5,185.05000","5,197.45000","5,187.45","5,188.36",91.0,9.10,22s,0.07%
02.25.2026 12:20,02.25.2026 12:20,XAUUSD,Sell,0.10,"5,179.01000","5,166.61000","5,176.57","5,175.44",113.0,11.30,4s,0.09%
02.25.2026 11:03,02.25.2026 11:03,XAUUSD,Sell,0.10,"5,182.92000","5,170.52000","5,180.5","5,176.85",365.0,36.50,14s,0.28%
02.25.2026 09:54,02.25.2026 09:54,XAUUSD,Sell,0.10,"5,184.71000","5,172.31000","5,182.29","5,180.79",150.0,15.00,15s,0.12%
02.25.2026 07:18,02.25.2026 07:18,XAUUSD,Buy,0.10,"5,191.57000","5,203.97000","5,193.98","5,194.8",82.0,8.20,13s,0.06%
02.25.2026 03:14,02.25.2026 03:14,XAUUSD,Buy,0.10,"5,170.90000","5,183.30000","5,173.31","5,176.35",304.0,30.40,16s,0.24%
02.24.2026 15:39,02.24.2026 15:39,XAUUSD,Sell,0.10,"5,147.55000","5,135.15000","5,145.13","5,135.15",998.0,99.80,26s,0.78%
02.24.2026 14:17,02.24.2026 14:17,XAUUSD,Sell,0.10,"5,165.65000","5,153.25000","5,163.25","5,158.06",519.0,51.90,27s,0.41%
02.24.2026 12:33,02.24.2026 12:33,XAUUSD,Sell,0.10,"5,168.87000","5,156.47000","5,166.45","5,166.44",1.0,0.10,2s,0.00%
02.24.2026 08:35,02.24.2026 08:35,XAUUSD,Sell,0.10,"5,163.25000","5,150.85000","5,160.84","5,156.68",416.0,41.60,17s,0.33%
02.24.2026 03:00,02.24.2026 03:00,XAUUSD,Sell,0.10,"5,220.57000","5,208.17000","5,218.13","5,208.16",997.0,99.70,18s,0.79%
02.23.2026 16:30,02.23.2026 16:31,XAUUSD,Buy,0.10,"5,163.12000","5,175.52000","5,165.53","5,170.67",514.0,51.40,52s,0.41%
02.23.2026 16:00,02.23.2026 16:00,XAUUSD,Sell,0.10,"5,146.18000","5,133.78000","5,143.76","5,141.67",209.0,20.90,12s,0.17%
02.23.2026 15:26,02.23.2026 15:26,XAUUSD,Sell,0.10,"5,147.94000","5,135.54000","5,145.53","5,144.63",90.0,9.00,5s,0.07%
02.23.2026 14:44,02.23.2026 14:45,XAUUSD,Buy,0.10,"5,161.25000","5,173.65000","5,163.65","5,164.52",87.0,8.70,47s,0.07%
02.23.2026 08:30,02.23.2026 08:30,XAUUSD,Sell,0.10,"5,154.63000","5,142.23000","5,152.23","5,152.4",-17.0,-1.70,6s,-0.01%
02.23.2026 04:37,02.23.2026 04:37,XAUUSD,Buy,0.10,"5,165.39000","5,177.79000","5,167.79","5,169.45",166.0,16.60,17s,0.13%
02.20.2026 11:01,02.20.2026 11:01,XAUUSD,Buy,0.10,"5,027.69000","5,040.09000","5,030.09","5,029.83",-26.0,-2.60,1s,-0.02%
02.20.2026 10:54,02.20.2026 10:55,XAUUSD,Buy,0.10,"5,027.69000","5,040.09000","5,030.09","5,030.24",15.0,1.50,43s,0.01%
02.20.2026 08:01,02.20.2026 08:01,XAUUSD,Buy,0.10,"5,012.56000","5,024.96000","5,014.97","5,016.41",144.0,14.40,18s,0.12%
02.20.2026 05:42,02.20.2026 05:42,XAUUSD,Sell,0.10,"4,987.95000","4,975.55000","4,985.53","4,983.37",216.0,21.60,4s,0.17%
02.20.2026 05:05,02.20.2026 05:05,XAUUSD,Sell,0.10,"4,995.24000","4,982.84000","4,992.82","4,989.87",295.0,29.50,17s,0.24%
02.20.2026 03:00,02.20.2026 03:00,XAUUSD,Buy,0.10,"5,005.55000","5,017.95000","5,007.96","5,010.68",272.0,27.20,16s,0.22%
02.19.2026 16:30,02.19.2026 16:30,XAUUSD,Sell,0.10,"4,974.22000","4,961.82000","4,971.81","4,971.99",-18.0,-1.80,2s,-0.01%
02.19.2026 16:10,02.19.2026 16:10,XAUUSD,Sell,0.10,"4,980.42000","4,968.02000","4,977.99","4,972.75",524.0,52.40,24s,0.42%
02.19.2026 15:30,02.19.2026 15:30,XAUUSD,Sell,0.10,"4,980.42000","4,968.02000","4,978","4,972.11",589.0,58.90,14s,0.48%
02.19.2026 15:02,02.19.2026 15:02,XAUUSD,Sell,0.10,"4,980.42000","4,968.02000","4,978.01","4,975.1",291.0,29.10,12s,0.24%
02.19.2026 11:28,02.19.2026 11:28,XAUUSD,Sell,0.10,"5,008.70000","4,996.30000","5,006.24","5,003.09",315.0,31.50,23s,0.26%
02.19.2026 10:45,02.19.2026 10:45,XAUUSD,Buy,0.10,"5,019.44000","5,031.84000","5,021.87","5,021.91",4.0,0.40,4s,0.00%
02.19.2026 05:34,02.19.2026 05:34,XAUUSD,Buy,0.10,"4,975.04000","4,987.44000","4,977.47","4,978.45",98.0,9.80,7s,0.08%
02.18.2026 18:47,02.18.2026 18:47,XAUUSD,Buy,0.10,"5,006.62000","5,019.02000","5,009.02","5,010.32",130.0,13.00,7s,0.11%
02.18.2026 16:32,02.18.2026 16:32,XAUUSD,Buy,0.10,"4,966.60000","4,979.00000","4,969.03","4,978.68",965.0,96.50,24s,0.80%
02.18.2026 14:39,02.18.2026 14:39,XAUUSD,Buy,0.10,"4,922.16000","4,934.56000","4,924.58","4,925.18",60.0,6.00,16s,0.05%
02.18.2026 14:10,02.18.2026 14:11,XAUUSD,Buy,0.10,"4,922.16000","4,934.56000","4,924.57","4,924.81",24.0,2.40,39s,0.02%
02.18.2026 13:45,02.18.2026 13:45,XAUUSD,Sell,0.10,"4,911.69000","4,899.29000","4,909.28","4,908.43",85.0,8.50,28s,0.07%
02.18.2026 13:02,02.18.2026 13:02,XAUUSD,Sell,0.10,"4,915.34000","4,902.94000","4,912.9","4,912.74",16.0,1.60,8s,0.01%
02.18.2026 12:38,02.18.2026 12:38,XAUUSD,Sell,0.10,"4,915.34000","4,902.94000","4,912.91","4,910.51",240.0,24.00,6s,0.20%
02.18.2026 10:19,02.18.2026 10:19,XAUUSD,Sell,0.10,"4,927.49000","4,915.09000","4,925.06","4,924.74",32.0,3.20,4s,0.03%
02.18.2026 09:14,02.18.2026 09:14,XAUUSD,Buy,0.10,"4,937.91000","4,950.31000","4,940.31","4,941.25",94.0,9.40,4s,0.08%
02.18.2026 03:02,02.18.2026 03:02,XAUUSD,Buy,0.10,"4,884.39000","4,896.79000","4,886.81","4,886.54",-27.0,-2.70,0s,-0.02%
02.17.2026 15:56,02.17.2026 15:56,XAUUSD,Sell,0.10,"4,910.10000","4,897.70000","4,907.66","4,897.68",998.0,99.80,20s,0.83%
02.17.2026 14:15,02.17.2026 14:15,XAUUSD,Buy,0.10,"4,937.06000","4,949.46000","4,939.47","4,944.27",480.0,48.00,17s,0.40%
02.17.2026 12:51,02.17.2026 12:51,XAUUSD,Sell,0.10,"4,915.81000","4,903.41000","4,913.41","4,909.32",409.0,40.90,27s,0.34%
02.17.2026 11:53,02.17.2026 11:53,XAUUSD,Buy,0.10,"4,928.03000","4,940.43000","4,930.43","4,932.42",199.0,19.90,5s,0.17%
02.17.2026 07:06,02.17.2026 07:06,XAUUSD,Sell,0.10,"4,949.17000","4,936.77000","4,946.76","4,940.87",589.0,58.90,24s,0.50%
02.16.2026 16:37,02.16.2026 16:37,XAUUSD,Sell,0.10,"4,992.03000","4,979.63000","4,989.63","4,988.33",130.0,13.00,18s,0.11%
02.16.2026 15:38,02.16.2026 15:38,XAUUSD,Sell,0.10,"4,995.35000","4,982.95000","4,992.95","4,993.1",-15.0,-1.50,2s,-0.01%
02.16.2026 14:12,02.16.2026 14:12,XAUUSD,Sell,0.10,"5,001.36000","4,988.96000","4,998.94","4,998.31",63.0,6.30,8s,0.05%
02.16.2026 11:03,02.16.2026 11:03,XAUUSD,Buy,0.10,"5,010.96000","5,023.36000","5,013.37","5,015.38",201.0,20.10,26s,0.17%
02.16.2026 09:41,02.16.2026 09:41,XAUUSD,Buy,0.10,"5,000.74000","5,013.14000","5,003.15","5,003.47",32.0,3.20,6s,0.03%
02.16.2026 07:03,02.16.2026 07:03,XAUUSD,Sell,0.10,"4,975.56000","4,963.16000","4,973.12","4,965.87",725.0,72.50,24s,0.62%
02.16.2026 04:45,02.16.2026 04:45,XAUUSD,Sell,0.10,"5,002.61000","4,990.21000","5,000.19","4,996.71",348.0,34.80,15s,0.30%
02.13.2026 06:16,02.13.2026 06:16,XAUUSD,Buy,0.10,"4,989.03000","5,001.43000","4,991.47","4,996.75",528.0,52.80,27s,0.45%
02.13.2026 04:30,02.13.2026 04:30,XAUUSD,Buy,0.10,"4,986.35000","4,998.75000","4,988.75","4,989.11",36.0,3.60,3s,0.03%
02.13.2026 03:01,02.13.2026 03:01,XAUUSD,Buy,0.10,"4,946.02000","4,958.42000","4,948.42","4,955.12",670.0,67.00,16s,0.58%
02.12.2026 18:10,02.12.2026 18:10,XAUUSD,Sell,0.10,"5,041.82000","5,029.42000","5,039.42","5,033.69",573.0,57.30,15s,0.50%
02.12.2026 16:56,02.12.2026 16:56,XAUUSD,Sell,0.10,"5,051.10000","5,038.70000","5,048.7","5,041.08",762.0,76.20,17s,0.67%
02.12.2026 15:47,02.12.2026 15:47,XAUUSD,Buy,0.10,"5,078.41000","5,090.81000","5,080.83","5,081.05",22.0,2.20,3s,0.02%
02.12.2026 14:36,02.12.2026 14:36,XAUUSD,Buy,0.10,"5,065.99000","5,078.39000","5,068.41","5,068.21",-20.0,-2.00,3s,-0.02%
02.12.2026 11:50,02.12.2026 11:50,XAUUSD,Buy,0.10,"5,075.89000","5,088.29000","5,078.31","5,079.67",136.0,13.60,7s,0.12%
02.12.2026 11:05,02.12.2026 11:05,XAUUSD,Buy,0.10,"5,071.12000","5,083.52000","5,073.52","5,074.75",123.0,12.30,7s,0.11%
02.12.2026 08:32,02.12.2026 08:32,XAUUSD,Sell,0.10,"5,053.49000","5,041.09000","5,051.07","5,050.13",94.0,9.40,7s,0.08%
02.12.2026 07:06,02.12.2026 07:07,XAUUSD,Buy,0.10,"5,072.44000","5,084.84000","5,074.84","5,076.33",149.0,14.90,22s,0.13%
02.12.2026 06:01,02.12.2026 06:01,XAUUSD,Sell,0.10,"5,057.25000","5,044.85000","5,054.79","5,052.79",200.0,20.00,13s,0.18%
02.12.2026 05:08,02.12.2026 05:08,XAUUSD,Buy,0.10,"5,070.46000","5,082.86000","5,072.86","5,073.57",71.0,7.10,6s,0.06%
02.12.2026 03:04,02.12.2026 03:04,XAUUSD,Sell,0.10,"5,052.38000","5,039.98000","5,049.97","5,048.08",189.0,18.90,14s,0.17%
02.11.2026 15:30,02.11.2026 15:30,XAUUSD,Sell,0.10,"5,054.53000","5,042.13000","5,052.02","5,042.1",992.0,99.20,3s,0.89%
02.11.2026 11:46,02.11.2026 11:46,XAUUSD,Buy,0.10,"5,066.99000","5,079.39000","5,069.41","5,070.17",76.0,7.60,4s,0.07%
02.11.2026 10:31,02.11.2026 10:31,XAUUSD,Sell,0.10,"5,051.37000","5,038.97000","5,048.96","5,046.17",279.0,27.90,29s,0.25%
02.11.2026 08:59,02.11.2026 08:59,XAUUSD,Buy,0.10,"5,061.61000","5,074.01000","5,064.02","5,064.33",31.0,3.10,8s,0.03%
02.11.2026 08:18,02.11.2026 08:18,XAUUSD,Buy,0.10,"5,058.46000","5,070.86000","5,060.86","5,061.29",43.0,4.30,5s,0.04%
02.11.2026 07:35,02.11.2026 07:35,XAUUSD,Buy,0.10,"5,058.46000","5,070.86000","5,060.87","5,061.55",68.0,6.80,4s,0.06%
02.11.2026 04:01,02.11.2026 04:01,XAUUSD,Buy,0.10,"5,052.28000","5,064.68000","5,054.71","5,055.39",68.0,6.80,2s,0.06%
02.11.2026 03:53,02.11.2026 03:53,XAUUSD,Buy,0.10,"5,047.06000","5,059.46000","5,049.47","5,049.82",35.0,3.50,3s,0.03%
02.10.2026 17:37,02.10.2026 17:37,XAUUSD,Sell,0.10,"5,023.08000","5,010.68000","5,020.65","5,010.65","1,000.0",100.00,23s,0.91%
02.10.2026 15:33,02.10.2026 15:33,XAUUSD,Buy,0.10,"5,055.83000","5,068.23000","5,058.23","5,058.33",10.0,1.00,4s,0.01%
02.10.2026 14:43,02.10.2026 14:43,XAUUSD,Sell,0.10,"5,039.43000","5,027.03000","5,037.01","5,035.35",166.0,16.60,13s,0.15%
02.10.2026 10:41,02.10.2026 10:41,XAUUSD,Buy,0.10,"5,043.19000","5,055.59000","5,045.6","5,047.37",177.0,17.70,16s,0.16%
02.10.2026 07:27,02.10.2026 07:27,XAUUSD,Sell,0.10,"5,018.90000","5,006.50000","5,016.47","5,011.75",472.0,47.20,22s,0.43%
02.09.2026 16:30,02.09.2026 16:30,XAUUSD,Buy,0.10,"5,022.44000","5,034.84000","5,024.87","5,025.94",107.0,10.70,2s,0.10%
02.09.2026 14:31,02.09.2026 14:31,XAUUSD,Buy,0.10,"5,015.64000","5,028.04000","5,018.09","5,018.67",58.0,5.80,4s,0.05%
02.09.2026 12:02,02.09.2026 12:02,XAUUSD,Sell,0.10,"5,000.08000","4,987.68000","4,997.66","4,996.88",78.0,7.80,4s,0.07%
02.09.2026 09:22,02.09.2026 09:22,XAUUSD,Sell,0.10,"5,009.96000","4,997.56000","5,007.54","4,997.97",957.0,95.70,23s,0.88%
02.09.2026 07:30,02.09.2026 07:30,XAUUSD,Buy,0.10,"5,029.13000","5,041.53000","5,031.53","5,032.26",73.0,7.30,5s,0.07%
02.09.2026 07:29,02.09.2026 07:29,XAUUSD,Buy,0.10,"5,029.13000","5,041.53000","5,031.54","5,031.4",-14.0,-1.40,2s,-0.01%
02.06.2026 07:25,02.06.2026 07:25,XAUUSD,Buy,0.10,"4,844.21000","4,856.61000","4,846.68","4,848.4",172.0,17.20,3s,0.16%
02.06.2026 03:54,02.06.2026 03:55,XAUUSD,Buy,0.10,"4,762.28000","4,774.68000","4,764.71","4,770.24",553.0,55.30,39s,0.51%
02.05.2026 18:43,02.05.2026 18:44,XAUUSD,Buy,0.10,"4,867.59000","4,879.99000","4,870.02","4,875.53",551.0,55.10,29s,0.51%
02.05.2026 17:46,02.05.2026 17:46,XAUUSD,Sell,0.10,"4,808.44000","4,796.04000","4,806.03","4,803.41",262.0,26.20,16s,0.25%
02.05.2026 15:30,02.05.2026 15:30,XAUUSD,Sell,0.10,"4,850.18000","4,837.78000","4,847.78","4,844.13",365.0,36.50,3s,0.34%
02.05.2026 15:06,02.05.2026 15:06,XAUUSD,Sell,0.10,"4,813.18000","4,800.78000","4,810.78","4,802.31",847.0,84.70,14s,0.80%
02.05.2026 14:10,02.05.2026 14:10,XAUUSD,Sell,0.10,"4,850.18000","4,837.78000","4,847.77","4,843.66",411.0,41.10,15s,0.39%
02.05.2026 11:01,02.05.2026 11:01,XAUUSD,Sell,0.10,"4,898.39000","4,885.99000","4,895.94","4,891.54",440.0,44.00,5s,0.42%
02.05.2026 10:13,02.05.2026 10:13,XAUUSD,Buy,0.10,"4,938.43000","4,950.83000","4,940.83","4,941.48",65.0,6.50,7s,0.06%
02.05.2026 07:45,02.05.2026 07:45,XAUUSD,Buy,0.10,"4,888.74000","4,901.14000","4,891.18","4,901.14",996.0,99.60,24s,0.96%
02.05.2026 04:33,02.05.2026 04:33,XAUUSD,Sell,0.10,"4,916.67000","4,904.27000","4,914.26","4,912.95",131.0,13.10,3s,0.13%
02.05.2026 04:07,02.05.2026 04:07,XAUUSD,Sell,0.10,"4,938.50000","4,926.10000","4,936.07","4,932.43",364.0,36.40,17s,0.35%
02.04.2026 18:46,02.04.2026 18:46,XAUUSD,Sell,0.10,"4,890.11000","4,877.71000","4,887.67","4,879.48",819.0,81.90,13s,0.80%
02.04.2026 16:31,02.04.2026 16:31,XAUUSD,Sell,0.10,"5,025.73000","5,013.33000","5,023.32","5,023.32",0.0,0.00,0s,0.00%
02.04.2026 15:54,02.04.2026 15:54,XAUUSD,Buy,0.10,"5,060.90000","5,073.30000","5,063.31","5,063.31",0.0,0.00,1s,0.00%
02.04.2026 13:15,02.04.2026 13:16,XAUUSD,Sell,0.10,"5,044.17000","5,031.77000","5,041.74","5,031.76",998.0,99.80,44s,0.98%
02.04.2026 11:32,02.04.2026 11:32,XAUUSD,Sell,0.10,"5,053.50000","5,041.10000","5,051.07","5,043.41",766.0,76.60,24s,0.76%
02.04.2026 09:54,02.04.2026 09:54,XAUUSD,Buy,0.10,"5,088.06000","5,100.46000","5,090.47","5,090.77",30.0,3.00,16s,0.03%
02.04.2026 05:35,02.04.2026 05:35,XAUUSD,Buy,0.10,"5,063.10000","5,075.50000","5,065.5","5,068.42",292.0,29.20,14s,0.29%
02.04.2026 04:02,02.04.2026 04:03,XAUUSD,Buy,0.10,"5,051.26000","5,063.66000","5,053.7","5,063.13",943.0,94.30,50s,0.95%
02.03.2026 18:16,02.03.2026 18:16,XAUUSD,Buy,0.10,"4,946.16000","4,958.56000","4,948.6","4,958.59",999.0,99.90,12s,1.02%
02.03.2026 15:29,02.03.2026 15:29,XAUUSD,Buy,0.10,"4,933.89000","4,946.29000","4,936.3","4,938.01",171.0,17.10,5s,0.17%
02.03.2026 14:02,02.03.2026 14:03,XAUUSD,Buy,0.10,"4,927.50000","4,939.90000","4,929.9","4,931.52",162.0,16.20,15s,0.17%
02.03.2026 13:24,02.03.2026 13:24,XAUUSD,Sell,0.10,"4,887.03000","4,874.63000","4,884.61","4,884.05",56.0,5.60,4s,0.06%
02.03.2026 08:14,02.03.2026 08:14,XAUUSD,Buy,0.10,"4,839.91000","4,852.31000","4,842.34","4,849.09",675.0,67.50,25s,0.69%
02.02.2026 17:30,02.02.2026 17:30,XAUUSD,Sell,0.10,"4,671.85000","4,659.45000","4,669.43","4,659.34","1,009.0",100.90,10s,1.05%
02.02.2026 13:13,02.02.2026 13:14,XAUUSD,Buy,0.10,"4,731.69000","4,744.09000","4,734.15","4,741.7",755.0,75.50,32s,0.79%
02.02.2026 11:41,02.02.2026 11:41,XAUUSD,Buy,0.10,"4,711.06000","4,723.46000","4,713.49","4,713.28",-21.0,-2.10,0s,-0.02%
02.02.2026 07:38,02.02.2026 07:38,XAUUSD,Sell,0.10,"4,606.24000","4,593.84000","4,603.82","4,604.11",-29.0,-2.90,0s,-0.03%
02.02.2026 03:07,02.02.2026 03:07,XAUUSD,Sell,0.10,"4,701.22000","4,688.82000","4,698.73","4,698.08",65.0,6.50,1s,0.07%
01.30.2026 11:04,01.30.2026 11:04,XAUUSD,Sell,0.10,"5,114.74000","5,102.34000","5,112.32","5,110.34",198.0,19.80,2s,0.21%
01.30.2026 10:33,01.30.2026 10:33,XAUUSD,Sell,0.10,"5,120.34000","5,107.94000","5,117.89","5,107.73","1,016.0",101.60,7s,1.08%
01.30.2026 07:16,01.30.2026 07:16,XAUUSD,Buy,0.10,"5,228.38000","5,240.78000","5,230.79","5,235.95",516.0,51.60,25s,0.55%
01.30.2026 04:00,01.30.2026 04:00,XAUUSD,Sell,0.10,"5,285.13000","5,272.73000","5,282.64","5,279.6",304.0,30.40,3s,0.33%
01.29.2026 17:01,01.29.2026 17:01,XAUUSD,Sell,0.10,"5,473.22000","5,460.82000","5,470.76","5,460.79",997.0,99.70,10s,1.08%
01.29.2026 16:46,01.29.2026 16:46,XAUUSD,Sell,0.10,"5,502.59000","5,490.19000","5,500.16","5,499.91",25.0,2.50,1s,0.03%
01.29.2026 16:27,01.29.2026 16:27,XAUUSD,Buy,0.10,"5,540.59000","5,552.99000","5,542.99","5,548.96",597.0,59.70,16s,0.65%
01.29.2026 13:03,01.29.2026 13:03,XAUUSD,Sell,0.10,"5,476.88000","5,464.48000","5,474.44","5,473.48",96.0,9.60,8s,0.10%
01.29.2026 10:39,01.29.2026 10:40,XAUUSD,Sell,0.10,"5,518.67000","5,506.27000","5,516.23","5,511.14",509.0,50.90,39s,0.56%
01.29.2026 10:04,01.29.2026 10:05,XAUUSD,Sell,0.10,"5,539.32000","5,526.92000","5,536.91","5,532.52",439.0,43.90,19s,0.48%
01.29.2026 08:00,01.29.2026 08:00,XAUUSD,Buy,0.10,"5,562.15000","5,574.55000","5,564.59","5,571.9",731.0,73.10,25s,0.81%
01.29.2026 06:08,01.29.2026 06:08,XAUUSD,Buy,0.10,"5,549.41000","5,561.81000","5,551.83","5,551.63",-20.0,-2.00,2s,-0.02%
01.28.2026 18:57,01.28.2026 18:57,XAUUSD,Buy,0.10,"5,295.89000","5,308.29000","5,298.29","5,299.36",107.0,10.70,5s,0.12%
01.28.2026 17:00,01.28.2026 17:00,XAUUSD,Buy,0.10,"5,287.13000","5,299.53000","5,289.54","5,294.89",535.0,53.50,19s,0.60%
01.28.2026 13:04,01.28.2026 13:04,XAUUSD,Sell,0.10,"5,265.35000","5,252.95000","5,262.82","5,252.86",996.0,99.60,12s,1.13%
01.28.2026 08:51,01.28.2026 08:51,XAUUSD,Buy,0.10,"5,264.09000","5,276.49000","5,266.5","5,267.71",121.0,12.10,6s,0.14%
01.28.2026 06:58,01.28.2026 06:58,XAUUSD,Buy,0.10,"5,245.23000","5,257.63000","5,247.64","5,248.69",105.0,10.50,15s,0.12%
01.28.2026 04:32,01.28.2026 04:33,XAUUSD,Buy,0.10,"5,222.86000","5,235.26000","5,225.27","5,229.51",424.0,42.40,47s,0.48%
01.28.2026 03:06,01.28.2026 03:06,XAUUSD,Buy,0.10,"5,188.06000","5,200.46000","5,190.47","5,196.19",572.0,57.20,16s,0.66%
01.27.2026 18:11,01.27.2026 18:11,XAUUSD,Buy,0.10,"5,090.52000","5,102.92000","5,092.93","5,096.81",388.0,38.80,28s,0.45%
01.27.2026 16:05,01.27.2026 16:06,XAUUSD,Sell,0.10,"5,069.37000","5,056.97000","5,066.94","5,059.24",770.0,77.00,55s,0.89%
01.27.2026 13:47,01.27.2026 13:47,XAUUSD,Sell,0.10,"5,084.30000","5,071.90000","5,081.88","5,078.94",294.0,29.40,17s,0.34%
01.27.2026 07:47,01.27.2026 07:47,XAUUSD,Buy,0.10,"5,077.39000","5,089.79000","5,079.81","5,081.38",157.0,15.70,14s,0.18%
01.27.2026 04:40,01.27.2026 04:41,XAUUSD,Buy,0.10,"5,073.59000","5,085.99000","5,075.99","5,076.25",26.0,2.60,21s,0.03%
01.27.2026 03:11,01.27.2026 03:12,XAUUSD,Buy,0.10,"5,059.14000","5,071.54000","5,061.54","5,062.69",115.0,11.50,21s,0.13%
01.26.2026 18:03,01.26.2026 18:03,XAUUSD,Buy,0.10,"5,094.94000","5,107.34000","5,097.36","5,099.75",239.0,23.90,19s,0.28%
01.26.2026 16:58,01.26.2026 16:58,XAUUSD,Buy,0.10,"5,094.61000","5,107.01000","5,097.01","5,096.81",-20.0,-2.00,2s,-0.02%
01.26.2026 15:00,01.26.2026 15:00,XAUUSD,Sell,0.10,"5,080.95000","5,068.55000","5,078.54","5,075.35",319.0,31.90,22s,0.38%
01.26.2026 14:56,01.26.2026 14:56,XAUUSD,Sell,0.10,"5,080.95000","5,068.55000","5,078.55","5,077.36",119.0,11.90,4s,0.14%
01.26.2026 11:32,01.26.2026 11:32,XAUUSD,Buy,0.10,"5,095.87000","5,108.27000","5,098.27","5,098.28",1.0,0.10,3s,0.00%
01.26.2026 08:45,01.26.2026 08:45,XAUUSD,Buy,0.10,"5,090.65000","5,103.05000","5,093.05","5,099.34",629.0,62.90,41s,0.75%
01.26.2026 06:32,01.26.2026 06:32,XAUUSD,Sell,0.10,"5,072.43000","5,060.03000","5,070.03","5,064.71",532.0,53.20,22s,0.64%
01.23.2026 11:29,01.23.2026 11:29,XAUUSD,Sell,0.10,"4,903.76000","4,891.36000","4,901.36","4,900.74",62.0,6.20,4s,0.07%
01.23.2026 09:45,01.23.2026 09:45,XAUUSD,Sell,0.10,"4,947.99000","4,935.59000","4,945.45","4,945.69",-24.0,-2.40,2s,-0.03%
01.22.2026 16:32,01.22.2026 16:33,XAUUSD,Buy,0.10,"4,832.82000","4,845.22000","4,835.23","4,841.1",587.0,58.70,46s,0.71%
01.22.2026 15:42,01.22.2026 15:42,XAUUSD,Sell,0.10,"4,816.37000","4,803.97000","4,813.96","4,811.26",270.0,27.00,13s,0.33%
01.22.2026 11:32,01.22.2026 11:32,XAUUSD,Sell,0.10,"4,824.72000","4,812.32000","4,822.28","4,816.81",547.0,54.70,12s,0.66%
01.22.2026 09:02,01.22.2026 09:02,XAUUSD,Buy,0.10,"4,826.84000","4,839.24000","4,829.26","4,830.1",84.0,8.40,13s,0.10%
01.22.2026 07:50,01.22.2026 07:52,XAUUSD,Buy,0.10,"4,807.29000","4,819.69000","4,809.71","4,815.03",532.0,53.20,1m,0.65%
01.22.2026 07:04,01.22.2026 07:04,XAUUSD,Buy,0.10,"4,798.04000","4,810.44000","4,800.45","4,800.62",17.0,1.70,6s,0.02%
01.22.2026 03:03,01.22.2026 03:03,XAUUSD,Sell,0.10,"4,779.89000","4,767.49000","4,777.48","4,774",348.0,34.80,16s,0.43%
01.21.2026 17:19,01.21.2026 17:19,XAUUSD,Sell,0.10,"4,841.76000","4,829.36000","4,839.35","4,829.35","1,000.0",100.00,24s,1.25%
01.21.2026 15:32,01.21.2026 15:32,XAUUSD,Buy,0.10,"4,869.17000","4,881.57000","4,871.57","4,871.58",1.0,0.10,2s,0.00%
01.21.2026 12:00,01.21.2026 12:00,XAUUSD,Buy,0.10,"4,867.16000","4,879.56000","4,869.57","4,869.3",-27.0,-2.70,1s,-0.03%
01.21.2026 11:33,01.21.2026 11:33,XAUUSD,Buy,0.10,"4,867.16000","4,879.56000","4,869.9","4,874.21",431.0,43.10,4s,0.54%
01.21.2026 06:19,01.21.2026 06:19,XAUUSD,Buy,0.10,"4,847.35000","4,859.75000","4,849.76","4,850.68",92.0,9.20,16s,0.12%
01.21.2026 05:03,01.21.2026 05:03,XAUUSD,Buy,0.10,"4,841.73000","4,854.13000","4,844.15","4,844.52",37.0,3.70,20s,0.05%
01.20.2026 18:54,01.20.2026 18:55,XAUUSD,Buy,0.10,"4,748.74000","4,761.14000","4,751.14","4,751",-14.0,-1.40,20s,-0.02%
01.20.2026 15:20,01.20.2026 15:20,XAUUSD,Sell,0.10,"4,724.05000","4,711.65000","4,721.64","4,721.81",-17.0,-1.70,1s,-0.02%
01.20.2026 09:13,01.20.2026 09:13,XAUUSD,Buy,0.10,"4,714.61000","4,727.01000","4,717.03","4,717.19",16.0,1.60,8s,0.02%
01.20.2026 05:36,01.20.2026 05:37,XAUUSD,Buy,0.10,"4,673.55000","4,685.95000","4,675.95","4,675.76",-19.0,-1.90,20s,-0.02%
01.19.2026 17:54,01.19.2026 17:55,XAUUSD,Buy,0.10,"4,671.41000","4,683.81000","4,673.81","4,674.73",92.0,9.20,37s,0.12%
01.19.2026 15:33,01.19.2026 15:33,XAUUSD,Buy,0.10,"4,671.35000","4,683.75000","4,673.77","4,673.59",-18.0,-1.80,2s,-0.02%
01.19.2026 13:41,01.19.2026 13:41,XAUUSD,Sell,0.10,"4,663.67000","4,651.27000","4,661.25","4,660.39",86.0,8.60,14s,0.11%
01.19.2026 12:44,01.19.2026 12:44,XAUUSD,Sell,0.10,"4,664.21000","4,651.81000","4,661.78","4,661.51",27.0,2.70,8s,0.03%
01.19.2026 10:57,01.19.2026 10:57,XAUUSD,Sell,0.10,"4,664.35000","4,651.95000","4,661.95","4,662.06",-11.0,-1.10,2s,-0.01%
01.19.2026 08:32,01.19.2026 08:33,XAUUSD,Buy,0.10,"4,671.84000","4,684.24000","4,674.24","4,674.28",4.0,0.40,21s,0.01%
01.19.2026 07:06,01.19.2026 07:07,XAUUSD,Buy,0.10,"4,667.45000","4,679.85000","4,669.87","4,670.99",112.0,11.20,41s,0.14%
01.16.2026 08:47,01.16.2026 08:47,XAUUSD,Sell,0.10,"4,597.70000","4,585.30000","4,595.3","4,595.44",-14.0,-1.40,2s,-0.02%
01.16.2026 07:30,01.16.2026 07:30,XAUUSD,Buy,0.10,"4,599.60000","4,612.00000","4,602","4,603.35",135.0,13.50,15s,0.17%
01.16.2026 04:35,01.16.2026 04:35,XAUUSD,Sell,0.10,"4,596.26000","4,583.86000","4,593.86","4,593.44",42.0,4.20,7s,0.05%
01.15.2026 18:11,01.15.2026 18:12,XAUUSD,Buy,0.10,"4,615.68000","4,628.08000","4,618.08","4,622.97",489.0,48.90,57s,0.62%
01.15.2026 15:31,01.15.2026 15:31,XAUUSD,Sell,0.10,"4,600.21000","4,587.81000","4,597.8","4,596.37",143.0,14.30,4s,0.18%
01.15.2026 12:12,01.15.2026 12:12,XAUUSD,Buy,0.10,"4,611.12000","4,623.52000","4,613.54","4,613.88",34.0,3.40,6s,0.04%
01.15.2026 05:30,01.15.2026 05:30,XAUUSD,Sell,0.10,"4,586.00000","4,573.60000","4,583.6","4,581.38",222.0,22.20,19s,0.28%
01.15.2026 05:22,01.15.2026 05:22,XAUUSD,Sell,0.10,"4,586.00000","4,573.60000","4,583.6","4,583.72",-12.0,-1.20,1s,-0.02%
01.15.2026 03:19,01.15.2026 03:19,XAUUSD,Sell,0.10,"4,605.22000","4,592.82000","4,602.81","4,602.96",-15.0,-1.50,4s,-0.02%
01.14.2026 16:38,01.14.2026 16:38,XAUUSD,Sell,0.10,"4,626.51000","4,614.11000","4,624.09","4,622.1",199.0,19.90,12s,0.25%
01.14.2026 15:30,01.14.2026 15:30,XAUUSD,Sell,0.10,"4,628.48000","4,616.08000","4,626.08","4,624.39",169.0,16.90,4s,0.22%
01.14.2026 14:32,01.14.2026 14:32,XAUUSD,Buy,0.10,"4,635.81000","4,648.21000","4,638.23","4,637.98",-25.0,-2.50,1s,-0.03%
01.14.2026 14:08,01.14.2026 14:08,XAUUSD,Buy,0.10,"4,635.81000","4,648.21000","4,638.22","4,637.83",-39.0,-3.90,5s,-0.05%
01.14.2026 11:19,01.14.2026 11:19,XAUUSD,Buy,0.10,"4,637.19000","4,649.59000","4,639.6","4,639.35",-25.0,-2.50,3s,-0.03%
01.14.2026 07:01,01.14.2026 07:02,XAUUSD,Buy,0.10,"4,632.20000","4,644.60000","4,634.64","4,638",336.0,33.60,18s,0.43%
01.14.2026 05:39,01.14.2026 05:39,XAUUSD,Buy,0.10,"4,621.27000","4,633.67000","4,623.7","4,625.39",169.0,16.90,22s,0.22%
01.13.2026 18:27,01.13.2026 18:27,XAUUSD,Sell,0.10,"4,603.30000","4,590.90000","4,600.88","4,594.18",670.0,67.00,29s,0.87%
01.13.2026 15:08,01.13.2026 15:08,XAUUSD,Buy,0.10,"4,594.61000","4,607.01000","4,597.01","4,597.51",50.0,5.00,21s,0.06%
01.13.2026 14:30,01.13.2026 14:30,XAUUSD,Sell,0.10,"4,582.82000","4,570.42000","4,580.42","4,580.06",36.0,3.60,30s,0.05%
01.13.2026 14:23,01.13.2026 14:24,XAUUSD,Sell,0.10,"4,582.82000","4,570.42000","4,580.42","4,579.92",50.0,5.00,31s,0.07%
01.13.2026 08:40,01.13.2026 08:40,XAUUSD,Sell,0.10,"4,578.02000","4,565.62000","4,575.61","4,575.61",0.0,0.00,2s,0.00%
01.13.2026 06:20,01.13.2026 06:20,XAUUSD,Buy,0.10,"4,597.20000","4,609.60000","4,599.6","4,599.61",1.0,0.10,5s,0.00%
01.13.2026 03:31,01.13.2026 03:32,XAUUSD,Sell,0.10,"4,580.51000","4,568.11000","4,578.11","4,576.44",167.0,16.70,42s,0.22%
01.12.2026 17:26,01.12.2026 17:26,XAUUSD,Buy,0.10,"4,617.92000","4,630.32000","4,620.32","4,622.06",174.0,17.40,23s,0.23%
01.12.2026 15:07,01.12.2026 15:07,XAUUSD,Buy,0.10,"4,596.90000","4,609.30000","4,599.31","4,600.97",166.0,16.60,18s,0.22%
01.12.2026 13:25,01.12.2026 13:26,XAUUSD,Sell,0.10,"4,588.46000","4,576.06000","4,586.05","4,584.25",180.0,18.00,55s,0.24%
01.12.2026 10:47,01.12.2026 10:47,XAUUSD,Buy,0.10,"4,587.24000","4,599.64000","4,589.64","4,592.94",330.0,33.00,28s,0.43%
01.12.2026 09:15,01.12.2026 09:15,XAUUSD,Buy,0.10,"4,582.55000","4,594.95000","4,584.95","4,585.04",9.0,0.90,7s,0.01%
01.09.2026 11:20,01.09.2026 11:20,XAUUSD,Buy,0.10,"4,474.51000","4,486.91000","4,476.94","4,477.03",9.0,0.90,4s,0.01%
01.09.2026 08:46,01.09.2026 08:46,XAUUSD,Buy,0.10,"4,474.05000","4,486.45000","4,476.45","4,476.32",-13.0,-1.30,4s,-0.02%
01.09.2026 07:30,01.09.2026 07:30,XAUUSD,Buy,0.10,"4,464.40000","4,476.80000","4,466.81","4,468",119.0,11.90,17s,0.16%
01.09.2026 07:16,01.09.2026 07:16,XAUUSD,Sell,0.10,"4,462.89000","4,450.49000","4,460.48","4,460.32",16.0,1.60,6s,0.02%
01.08.2026 16:47,01.08.2026 16:47,XAUUSD,Buy,0.10,"4,433.63000","4,446.03000","4,436.03","4,437.43",140.0,14.00,19s,0.19%
01.08.2026 15:25,01.08.2026 15:25,XAUUSD,Buy,0.10,"4,433.00000","4,445.40000","4,435.4","4,435.82",42.0,4.20,3s,0.06%
01.08.2026 13:48,01.08.2026 13:48,XAUUSD,Sell,0.10,"4,425.46000","4,413.06000","4,423.02","4,422.5",52.0,5.20,25s,0.07%
01.08.2026 06:43,01.08.2026 06:44,XAUUSD,Sell,0.10,"4,435.86000","4,423.46000","4,433.46","4,433.25",21.0,2.10,35s,0.03%
01.08.2026 03:00,01.08.2026 03:00,XAUUSD,Sell,0.10,"4,452.14000","4,439.74000","4,449.73","4,444.85",488.0,48.80,40s,0.65%
01.07.2026 18:22,01.07.2026 18:22,XAUUSD,Buy,0.10,"4,451.94000","4,464.34000","4,454.35","4,460.87",652.0,65.20,29s,0.88%
01.07.2026 17:14,01.07.2026 17:15,XAUUSD,Sell,0.10,"4,430.31000","4,417.91000","4,427.91","4,426.78",113.0,11.30,21s,0.15%
01.07.2026 15:33,01.07.2026 15:33,XAUUSD,Sell,0.10,"4,443.97000","4,431.57000","4,441.56","4,441.72",-16.0,-1.60,2s,-0.02%
01.07.2026 15:06,01.07.2026 15:06,XAUUSD,Sell,0.10,"4,441.77000","4,429.37000","4,439.34","4,438.53",81.0,8.10,4s,0.11%
01.07.2026 14:18,01.07.2026 14:18,XAUUSD,Sell,0.10,"4,443.97000","4,431.57000","4,441.56","4,440.77",79.0,7.90,5s,0.11%
01.07.2026 13:25,01.07.2026 13:26,XAUUSD,Sell,0.10,"4,461.19000","4,448.79000","4,458.79","4,456.37",242.0,24.20,37s,0.33%
01.07.2026 08:46,01.07.2026 08:46,XAUUSD,Sell,0.10,"4,445.67000","4,433.27000","4,443.26","4,442.47",79.0,7.90,5s,0.11%
01.07.2026 07:33,01.07.2026 07:33,XAUUSD,Sell,0.10,"4,462.09000","4,449.69000","4,459.69","4,458.65",104.0,10.40,17s,0.14%
01.07.2026 03:06,01.07.2026 03:07,XAUUSD,Sell,0.10,"4,479.84000","4,467.44000","4,477.44","4,472.33",511.0,51.10,1m,0.70%
01.06.2026 16:33,01.06.2026 16:33,XAUUSD,Buy,0.10,"4,473.31000","4,485.71000","4,475.72","4,477.67",195.0,19.50,14s,0.27%
01.06.2026 16:02,01.06.2026 16:02,XAUUSD,Buy,0.10,"4,468.05000","4,480.45000","4,470.45","4,471.25",80.0,8.00,14s,0.11%
01.06.2026 11:11,01.06.2026 11:11,XAUUSD,Sell,0.10,"4,459.59000","4,447.19000","4,457.19","4,454.08",311.0,31.10,27s,0.43%
01.06.2026 10:25,01.06.2026 10:25,XAUUSD,Buy,0.10,"4,468.01000","4,480.41000","4,470.41","4,471.76",135.0,13.50,28s,0.19%
01.06.2026 08:25,01.06.2026 08:25,XAUUSD,Buy,0.10,"4,457.72000","4,470.12000","4,460.12","4,460.2",8.0,0.80,6s,0.01%
01.06.2026 07:47,01.06.2026 07:47,XAUUSD,Sell,0.10,"4,464.27000","4,451.87000","4,461.86","4,458.07",379.0,37.90,28s,0.53%
01.06.2026 07:04,01.06.2026 07:04,XAUUSD,Buy,0.10,"4,466.07000","4,478.47000","4,468.48","4,469.09",61.0,6.10,17s,0.08%
01.06.2026 04:13,01.06.2026 04:13,XAUUSD,Buy,0.10,"4,457.72000","4,470.12000","4,460.12","4,460.23",11.0,1.10,4s,0.02%
01.05.2026 16:55,01.05.2026 16:55,XAUUSD,Buy,0.10,"4,437.48000","4,449.88000","4,439.88","4,442.63",275.0,27.50,41s,0.38%
01.05.2026 14:42,01.05.2026 14:43,XAUUSD,Sell,0.10,"4,413.47000","4,401.07000","4,411.04","4,407.85",319.0,31.90,34s,0.45%
01.05.2026 12:38,01.05.2026 12:38,XAUUSD,Buy,0.10,"4,435.76000","4,448.16000","4,438.16","4,438.74",58.0,5.80,16s,0.08%
01.05.2026 10:15,01.05.2026 10:18,XAUUSD,Buy,0.10,"4,424.01000","4,436.41000","4,426.43","4,430.01",358.0,35.80,2m,0.50%
01.05.2026 07:30,01.05.2026 07:30,XAUUSD,Buy,0.10,"4,411.61000","4,424.01000","4,414.02","4,414.03",1.0,0.10,3s,0.00%
01.05.2026 03:02,01.05.2026 03:02,XAUUSD,Buy,0.10,"4,399.91000","4,412.31000","4,402.33","4,410.3",797.0,79.70,29s,1.14%
01.02.2026 09:56,01.02.2026 09:56,XAUUSD,Buy,0.10,"4,379.34000","4,391.74000","4,381.74","4,382.34",60.0,6.00,18s,0.09%
01.02.2026 07:10,01.02.2026 07:11,XAUUSD,Buy,0.10,"4,376.01000","4,388.41000","4,378.42","4,378.95",53.0,5.30,24s,0.08%
01.02.2026 04:50,01.02.2026 04:51,XAUUSD,Buy,0.10,"4,353.60000","4,366.00000","4,356.02","4,359.67",365.0,36.50,1m,0.52%
12.31.2025 18:05,12.31.2025 18:05,XAUUSD,Sell,0.10,"4,329.67000","4,317.27000","4,327.24","4,326.04",120.0,12.00,4s,0.17%
12.31.2025 15:46,12.31.2025 15:46,XAUUSD,Buy,0.10,"4,334.91000","4,347.31000","4,337.32","4,340.21",289.0,28.90,16s,0.42%
12.31.2025 14:24,12.31.2025 14:24,XAUUSD,Sell,0.10,"4,306.18000","4,293.78000","4,303.78","4,303.77",1.0,0.10,5s,0.00%
12.31.2025 11:43,12.31.2025 11:43,XAUUSD,Buy,0.10,"4,332.62000","4,345.02000","4,335.03","4,336.18",115.0,11.50,18s,0.17%
12.31.2025 06:54,12.31.2025 06:55,XAUUSD,Sell,0.10,"4,343.27000","4,330.87000","4,340.86","4,339.76",110.0,11.00,42s,0.16%
12.30.2025 18:09,12.30.2025 18:09,XAUUSD,Sell,0.10,"4,358.31000","4,345.91000","4,355.9","4,355.98",-8.0,-0.80,7s,-0.01%
12.30.2025 16:36,12.30.2025 16:36,XAUUSD,Sell,0.10,"4,378.76000","4,366.36000","4,376.28","4,376.52",-24.0,-2.40,0s,-0.03%
12.30.2025 14:11,12.30.2025 14:11,XAUUSD,Buy,0.10,"4,389.33000","4,401.73000","4,391.75","4,392.39",64.0,6.40,6s,0.09%
12.30.2025 12:30,12.30.2025 12:30,XAUUSD,Buy,0.10,"4,381.00000","4,393.40000","4,383.42","4,388.05",463.0,46.30,25s,0.68%
12.30.2025 12:15,12.30.2025 12:15,XAUUSD,Buy,0.10,"4,374.11000","4,386.51000","4,376.51","4,376.44",-7.0,-0.70,7s,-0.01%
12.30.2025 10:27,12.30.2025 10:27,XAUUSD,Sell,0.10,"4,361.57000","4,349.17000","4,359.15","4,357.3",185.0,18.50,20s,0.27%
12.30.2025 09:49,12.30.2025 09:50,XAUUSD,Buy,0.10,"4,377.75000","4,390.15000","4,380.15","4,382.81",266.0,26.60,25s,0.39%
12.30.2025 06:40,12.30.2025 06:41,XAUUSD,Buy,0.10,"4,366.81000","4,379.21000","4,369.22","4,369.54",32.0,3.20,22s,0.05%
12.30.2025 03:05,12.30.2025 03:05,XAUUSD,Sell,0.10,"4,328.33000","4,315.93000","4,325.92","4,324.82",110.0,11.00,21s,0.16%
12.29.2025 15:42,12.29.2025 15:42,XAUUSD,Sell,0.10,"4,436.66000","4,424.26000","4,434.25","4,427.51",674.0,67.40,17s,1.00%
12.29.2025 13:39,12.29.2025 13:39,XAUUSD,Sell,0.10,"4,455.03000","4,442.63000","4,452.63","4,447.75",488.0,48.80,43s,0.73%
12.29.2025 07:58,12.29.2025 07:58,XAUUSD,Sell,0.10,"4,510.25000","4,497.85000","4,507.85","4,508.06",-21.0,-2.10,17s,-0.03%
12.26.2025 10:59,12.26.2025 10:59,XAUUSD,Buy,0.10,"4,517.05000","4,529.45000","4,519.45","4,519.23",-22.0,-2.20,2s,-0.03%
12.26.2025 08:08,12.26.2025 08:08,XAUUSD,Buy,0.10,"4,511.13000","4,523.53000","4,513.53","4,513.53",0.0,0.00,4s,0.00%
12.26.2025 07:30,12.26.2025 07:30,XAUUSD,Buy,0.10,"4,509.29000","4,521.69000","4,511.7","4,512.96",126.0,12.60,9s,0.19%
12.26.2025 04:31,12.26.2025 04:31,XAUUSD,Sell,0.10,"4,500.01000","4,487.61000","4,497.6","4,494.47",313.0,31.30,16s,0.47%
12.24.2025 17:37,12.24.2025 17:38,XAUUSD,Sell,0.10,"4,462.99000","4,450.59000","4,460.57","4,457.4",317.0,31.70,56s,0.48%
12.24.2025 16:37,12.24.2025 16:37,XAUUSD,Sell,0.10,"4,477.02000","4,464.62000","4,474.62","4,474.45",17.0,1.70,9s,0.03%
12.24.2025 15:12,12.24.2025 15:12,XAUUSD,Sell,0.10,"4,484.75000","4,472.35000","4,482.35","4,481.47",88.0,8.80,13s,0.13%
12.24.2025 12:03,12.24.2025 12:03,XAUUSD,Buy,0.10,"4,495.59000","4,507.99000","4,498","4,498.88",88.0,8.80,19s,0.13%
12.24.2025 09:47,12.24.2025 09:48,XAUUSD,Sell,0.10,"4,487.72000","4,475.32000","4,485.32","4,484.41",91.0,9.10,48s,0.14%
12.24.2025 04:59,12.24.2025 04:59,XAUUSD,Sell,0.10,"4,485.79000","4,473.39000","4,483.37","4,475.13",824.0,82.40,15s,1.27%
12.24.2025 04:08,12.24.2025 04:08,XAUUSD,Sell,0.10,"4,509.24000","4,496.84000","4,506.83","4,505.23",160.0,16.00,31s,0.25%
12.23.2025 16:00,12.23.2025 16:00,XAUUSD,Sell,0.10,"4,480.63000","4,468.23000","4,478.22","4,474.72",350.0,35.00,27s,0.54%
12.23.2025 15:14,12.23.2025 15:15,XAUUSD,Buy,0.10,"4,491.83000","4,504.23000","4,494.24","4,494.89",65.0,6.50,38s,0.10%
12.23.2025 13:58,12.23.2025 13:59,XAUUSD,Buy,0.10,"4,490.86000","4,503.26000","4,493.26","4,493.29",3.0,0.30,13s,0.00%
12.23.2025 04:32,12.23.2025 04:32,XAUUSD,Buy,0.10,"4,488.49000","4,500.89000","4,490.89","4,493.61",272.0,27.20,27s,0.42%
12.22.2025 17:45,12.22.2025 17:45,XAUUSD,Buy,0.10,"4,426.85000","4,439.25000","4,429.26","4,431.14",188.0,18.80,19s,0.29%
12.22.2025 16:17,12.22.2025 16:17,XAUUSD,Buy,0.10,"4,424.98000","4,437.38000","4,427.38","4,428.16",78.0,7.80,25s,0.12%
12.22.2025 14:58,12.22.2025 14:59,XAUUSD,Buy,0.10,"4,413.53000","4,425.93000","4,415.93","4,415.73",-20.0,-2.00,40s,-0.03%
12.22.2025 13:02,12.22.2025 13:02,XAUUSD,Sell,0.10,"4,408.61000","4,396.21000","4,406.16","4,406.41",-25.0,-2.50,1s,-0.04%
12.22.2025 12:32,12.22.2025 12:32,XAUUSD,Sell,0.10,"4,408.61000","4,396.21000","4,406.19","4,406.34",-15.0,-1.50,2s,-0.02%
12.22.2025 08:45,12.22.2025 08:46,XAUUSD,Buy,0.10,"4,407.16000","4,419.56000","4,409.56","4,410.7",114.0,11.40,47s,0.18%
12.22.2025 04:31,12.22.2025 04:31,XAUUSD,Buy,0.10,"4,382.43000","4,394.83000","4,384.83","4,385.24",41.0,4.10,7s,0.06%
12.19.2025 11:44,12.19.2025 11:44,XAUUSD,Buy,0.10,"4,328.62000","4,341.02000","4,331.02","4,330.82",-20.0,-2.00,4s,-0.03%
12.19.2025 10:41,12.19.2025 10:41,XAUUSD,Buy,0.10,"4,327.20000","4,339.60000","4,329.6","4,329.9",30.0,3.00,7s,0.05%
12.19.2025 09:33,12.19.2025 09:34,XAUUSD,Buy,0.10,"4,327.10000","4,339.50000","4,329.5","4,329.51",1.0,0.10,38s,0.00%
12.18.2025 18:02,12.18.2025 18:02,XAUUSD,Buy,0.10,"4,340.70000","4,353.10000","4,343.1","4,344.07",97.0,9.70,19s,0.15%
12.18.2025 16:43,12.18.2025 16:43,XAUUSD,Sell,0.10,"4,317.04000","4,304.64000","4,314.64","4,313.65",99.0,9.90,6s,0.16%
12.18.2025 15:30,12.18.2025 15:30,XAUUSD,Sell,0.10,"4,323.21000","4,310.81000","4,320.8","4,320.75",5.0,0.50,16s,0.01%
12.18.2025 15:06,12.18.2025 15:06,XAUUSD,Sell,0.10,"4,319.78000","4,307.38000","4,317.38","4,315.27",211.0,21.10,25s,0.33%
12.18.2025 14:27,12.18.2025 14:27,XAUUSD,Sell,0.10,"4,323.21000","4,310.81000","4,320.79","4,320.72",7.0,0.70,7s,0.01%
12.18.2025 11:42,12.18.2025 11:42,XAUUSD,Sell,0.10,"4,324.42000","4,312.02000","4,322.02","4,321.54",48.0,4.80,15s,0.08%
12.18.2025 10:02,12.18.2025 10:02,XAUUSD,Sell,0.10,"4,332.50000","4,320.10000","4,330.08","4,329.41",67.0,6.70,10s,0.11%
12.18.2025 09:32,12.18.2025 09:32,XAUUSD,Buy,0.10,"4,335.00000","4,347.40000","4,337.4","4,337.41",1.0,0.10,7s,0.00%
12.18.2025 09:12,12.18.2025 09:12,XAUUSD,Sell,0.10,"4,333.10000","4,320.70000","4,330.68","4,330.34",34.0,3.40,13s,0.05%
12.17.2025 17:31,12.17.2025 17:31,XAUUSD,Buy,0.10,"4,343.59000","4,355.99000","4,346.21","4,346.39",18.0,1.80,16s,0.03%
12.17.2025 15:06,12.17.2025 15:06,XAUUSD,Buy,0.10,"4,320.80000","4,333.20000","4,323.2","4,323.35",15.0,1.50,4s,0.02%
12.17.2025 12:38,12.17.2025 12:38,XAUUSD,Sell,0.10,"4,310.95000","4,298.55000","4,308.55","4,307.63",92.0,9.20,4s,0.15%
12.17.2025 10:09,12.17.2025 10:09,XAUUSD,Sell,0.10,"4,313.58000","4,301.18000","4,311.18","4,308.83",235.0,23.50,14s,0.37%
12.17.2025 06:39,12.17.2025 06:39,XAUUSD,Buy,0.10,"4,325.40000","4,337.80000","4,327.8","4,328.02",22.0,2.20,5s,0.04%
12.17.2025 03:00,12.17.2025 03:00,XAUUSD,Buy,0.10,"4,312.67000","4,325.07000","4,315.08","4,315.62",54.0,5.40,10s,0.09%
12.16.2025 14:19,12.16.2025 14:19,XAUUSD,Buy,0.10,"4,289.76000","4,302.16000","4,292.16","4,292.61",45.0,4.50,17s,0.07%
12.16.2025 12:30,12.16.2025 12:30,XAUUSD,Sell,0.10,"4,277.70000","4,265.30000","4,275.29","4,275.42",-13.0,-1.30,2s,-0.02%
12.16.2025 10:18,12.16.2025 10:19,XAUUSD,Sell,0.10,"4,282.17000","4,269.77000","4,279.76","4,279.98",-22.0,-2.20,20s,-0.04%
12.16.2025 07:29,12.16.2025 07:29,XAUUSD,Sell,0.10,"4,283.07000","4,270.67000","4,280.64","4,280.19",45.0,4.50,5s,0.07%
12.16.2025 04:53,12.16.2025 04:53,XAUUSD,Sell,0.10,"4,301.52000","4,289.12000","4,299.09","4,297.4",169.0,16.90,17s,0.27%
12.16.2025 03:30,12.16.2025 03:31,XAUUSD,Buy,0.10,"4,310.81000","4,323.21000","4,313.21","4,314.17",96.0,9.60,49s,0.15%
12.16.2025 03:04,12.16.2025 03:04,XAUUSD,Sell,0.10,"4,305.49000","4,293.09000","4,303.09","4,303.09",0.0,0.00,20s,0.00%
12.15.2025 18:04,12.15.2025 18:05,XAUUSD,Sell,0.10,"4,314.08000","4,301.68000","4,311.68","4,307.75",393.0,39.30,59s,0.63%
12.15.2025 15:57,12.15.2025 15:57,XAUUSD,Sell,0.10,"4,337.74000","4,325.34000","4,335.33","4,333.12",221.0,22.10,27s,0.36%
12.15.2025 15:11,12.15.2025 15:12,XAUUSD,Sell,0.10,"4,337.74000","4,325.34000","4,335.33","4,333.95",138.0,13.80,48s,0.22%
12.15.2025 10:48,12.15.2025 10:49,XAUUSD,Buy,0.10,"4,344.98000","4,357.38000","4,347.38","4,347.65",27.0,2.70,40s,0.04%
12.15.2025 07:28,12.15.2025 07:28,XAUUSD,Buy,0.10,"4,327.68000","4,340.08000","4,330.08","4,330.82",74.0,7.40,15s,0.12%
12.15.2025 06:10,12.15.2025 06:10,XAUUSD,Buy,0.10,"4,327.27000","4,339.67000","4,329.67","4,329.54",-13.0,-1.30,15s,-0.02%
12.12.2025 07:30,12.12.2025 07:31,XAUUSD,Buy,0.10,"4,274.43000","4,286.83000","4,276.83","4,277.02",19.0,1.90,22s,0.03%
12.12.2025 06:13,12.12.2025 06:14,XAUUSD,Sell,0.10,"4,271.11000","4,258.71000","4,268.71","4,268.41",30.0,3.00,35s,0.05%
12.11.2025 17:33,12.11.2025 17:33,XAUUSD,Buy,0.10,"4,242.06000","4,254.46000","4,244.46","4,245.17",71.0,7.10,19s,0.12%
12.11.2025 16:08,12.11.2025 16:08,XAUUSD,Buy,0.10,"4,223.52000","4,235.92000","4,225.92","4,225.89",-3.0,-0.30,8s,0.00%
12.11.2025 15:32,12.11.2025 15:33,XAUUSD,Sell,0.10,"4,212.91000","4,200.51000","4,210.51","4,209.67",84.0,8.40,20s,0.14%
12.11.2025 15:16,12.11.2025 15:16,XAUUSD,Sell,0.10,"4,211.27000","4,198.87000","4,208.87","4,205.58",329.0,32.90,26s,0.54%
12.11.2025 14:01,12.11.2025 14:03,XAUUSD,Sell,0.10,"4,212.91000","4,200.51000","4,210.35","4,209.09",126.0,12.60,1m,0.21%
12.11.2025 13:37,12.11.2025 13:38,XAUUSD,Sell,0.10,"4,214.30000","4,201.90000","4,211.9","4,211.72",18.0,1.80,42s,0.03%
12.11.2025 11:47,12.11.2025 11:48,XAUUSD,Buy,0.10,"4,217.21000","4,229.61000","4,219.61","4,221.14",153.0,15.30,47s,0.25%
12.11.2025 10:40,12.11.2025 10:40,XAUUSD,Buy,0.10,"4,216.16000","4,228.56000","4,218.56","4,218.48",-8.0,-0.80,9s,-0.01%
12.11.2025 09:36,12.11.2025 09:37,XAUUSD,Buy,0.10,"4,213.04000","4,225.44000","4,215.44","4,216.4",96.0,9.60,1m,0.16%
12.11.2025 07:39,12.11.2025 07:39,XAUUSD,Sell,0.10,"4,210.99000","4,198.59000","4,208.59","4,207.16",143.0,14.30,16s,0.24%
12.11.2025 06:47,12.11.2025 06:47,XAUUSD,Sell,0.10,"4,211.83000","4,199.43000","4,209.43","4,209.14",29.0,2.90,20s,0.05%
12.11.2025 03:44,12.11.2025 03:44,XAUUSD,Buy,0.10,"4,236.28000","4,248.68000","4,238.68","4,238.46",-22.0,-2.20,6s,-0.04%
12.11.2025 03:02,12.11.2025 03:02,XAUUSD,Buy,0.10,"4,242.80000","4,255.20000","4,245.2","4,245.38",18.0,1.80,8s,0.03%
12.10.2025 16:01,12.10.2025 16:01,XAUUSD,Buy,0.10,"4,199.90000","4,212.30000","4,202.44","4,202.12",-32.0,-3.20,1s,-0.05%
12.10.2025 15:44,12.10.2025 15:45,XAUUSD,Buy,0.10,"4,199.90000","4,212.30000","4,202.3","4,202.46",16.0,1.60,22s,0.03%
12.10.2025 10:10,12.10.2025 10:10,XAUUSD,Sell,0.10,"4,204.21000","4,191.81000","4,201.75","4,200.5",125.0,12.50,27s,0.21%
12.10.2025 09:59,12.10.2025 10:00,XAUUSD,Sell,0.10,"4,205.62000","4,193.22000","4,203.2","4,202.66",54.0,5.40,32s,0.09%
12.10.2025 07:12,12.10.2025 07:12,XAUUSD,Sell,0.10,"4,206.19000","4,193.79000","4,203.79","4,203.79",0.0,0.00,14s,0.00%
12.10.2025 05:40,12.10.2025 05:40,XAUUSD,Sell,0.10,"4,209.35000","4,196.95000","4,206.88","4,207.07",-19.0,-1.90,5s,-0.03%
12.10.2025 04:43,12.10.2025 04:43,XAUUSD,Buy,0.10,"4,215.66000","4,228.06000","4,218.09","4,218.36",27.0,2.70,8s,0.04%
12.10.2025 03:00,12.10.2025 03:00,XAUUSD,Sell,0.10,"4,209.49000","4,197.09000","4,207.07","4,207.49",-42.0,-4.20,2s,-0.07%
12.09.2025 17:58,12.09.2025 17:58,XAUUSD,Buy,0.10,"4,207.67000","4,220.07000","4,210.11","4,211.55",144.0,14.40,28s,0.24%
12.09.2025 17:29,12.09.2025 17:29,XAUUSD,Buy,0.10,"4,205.59000","4,217.99000","4,208.16","4,208.16",0.0,0.00,16s,0.00%
12.09.2025 16:51,12.09.2025 16:51,XAUUSD,Buy,0.10,"4,205.59000","4,217.99000","4,208.06","4,207.85",-21.0,-2.10,3s,-0.03%
12.09.2025 15:27,12.09.2025 15:27,XAUUSD,Sell,0.10,"4,201.01000","4,188.61000","4,198.61","4,198.91",-30.0,-3.00,2s,-0.05%
12.09.2025 14:49,12.09.2025 14:50,XAUUSD,Buy,0.10,"4,204.12000","4,216.52000","4,206.52","4,206.15",-37.0,-3.70,28s,-0.06%
12.09.2025 11:05,12.09.2025 11:05,XAUUSD,Buy,0.10,"4,196.37000","4,208.77000","4,198.82","4,202.97",415.0,41.50,39s,0.69%
12.09.2025 10:01,12.09.2025 10:02,XAUUSD,Buy,0.10,"4,183.42000","4,195.82000","4,185.83","4,185.53",-30.0,-3.00,41s,-0.05%
12.09.2025 06:54,12.09.2025 06:55,XAUUSD,Sell,0.10,"4,188.40000","4,176.00000","4,186","4,185.03",97.0,9.70,27s,0.16%
12.09.2025 04:04,12.09.2025 04:04,XAUUSD,Buy,0.10,"4,194.82000","4,207.22000","4,197.22","4,196.85",-37.0,-3.70,3s,-0.06%
12.09.2025 03:30,12.09.2025 03:31,XAUUSD,Buy,0.10,"4,193.08000","4,205.48000","4,195.5","4,195.54",4.0,0.40,21s,0.01%
12.09.2025 03:03,12.09.2025 03:03,XAUUSD,Buy,0.10,"4,193.24000","4,205.64000","4,195.67","4,196.14",47.0,4.70,26s,0.08%
12.08.2025 15:51,12.08.2025 15:51,XAUUSD,Sell,0.10,"4,201.97000","4,189.57000","4,199.56","4,198.71",85.0,8.50,5s,0.14%
12.08.2025 14:51,12.08.2025 14:52,XAUUSD,Buy,0.10,"4,211.50000","4,223.90000","4,214.01","4,215.27",126.0,12.60,35s,0.21%
12.08.2025 14:03,12.08.2025 14:03,XAUUSD,Buy,0.10,"4,210.32000","4,222.72000","4,212.78","4,212.39",-39.0,-3.90,4s,-0.07%
12.08.2025 12:31,12.08.2025 12:31,XAUUSD,Sell,0.10,"4,205.57000","4,193.17000","4,203.09","4,201.38",171.0,17.10,25s,0.29%
12.08.2025 10:00,12.08.2025 10:01,XAUUSD,Sell,0.10,"4,207.07000","4,194.67000","4,204.64","4,203.58",106.0,10.60,18s,0.18%
12.08.2025 07:33,12.08.2025 07:33,XAUUSD,Buy,0.10,"4,210.85000","4,223.25000","4,213.32","4,214.67",135.0,13.50,25s,0.23%
12.08.2025 04:54,12.08.2025 04:55,XAUUSD,Buy,0.10,"4,209.33000","4,221.73000","4,211.75","4,211.21",-54.0,-5.40,23s,-0.09%
12.05.2025 09:10,12.05.2025 09:10,XAUUSD,Buy,0.10,"4,226.89000","4,239.29000","4,229.33","4,230.12",79.0,7.90,26s,0.13%
12.05.2025 05:54,12.05.2025 05:54,XAUUSD,Buy,0.10,"4,208.21000","4,220.61000","4,210.65","4,210.35",-30.0,-3.00,22s,-0.05%
12.05.2025 03:07,12.05.2025 03:08,XAUUSD,Sell,0.10,"4,202.05000","4,189.65000","4,199.59","4,199.92",-33.0,-3.30,23s,-0.06%
12.04.2025 18:09,12.04.2025 18:09,XAUUSD,Buy,0.10,"4,210.78000","4,223.18000","4,213.29","4,213.89",60.0,6.00,29s,0.10%
12.04.2025 16:13,12.04.2025 16:13,XAUUSD,Buy,0.10,"4,204.06000","4,216.46000","4,206.49","4,206.09",-40.0,-4.00,2s,-0.07%
12.04.2025 13:09,12.04.2025 13:09,XAUUSD,Buy,0.10,"4,200.24000","4,212.64000","4,202.7","4,205.79",309.0,30.90,35s,0.52%
12.04.2025 11:43,12.04.2025 11:44,XAUUSD,Buy,0.10,"4,194.06000","4,206.46000","4,196.46","4,197.45",99.0,9.90,51s,0.17%
12.04.2025 10:06,12.04.2025 10:06,XAUUSD,Buy,0.10,"4,192.48000","4,204.88000","4,194.88","4,195.15",27.0,2.70,12s,0.05%
12.04.2025 07:38,12.04.2025 07:38,XAUUSD,Sell,0.10,"4,189.60000","4,177.20000","4,187.2","4,184.97",223.0,22.30,25s,0.38%
12.04.2025 05:02,12.04.2025 05:02,XAUUSD,Sell,0.10,"4,201.41000","4,189.01000","4,198.91","4,188.89","1,002.0",100.20,33s,1.74%
12.04.2025 04:34,12.04.2025 04:34,XAUUSD,Sell,0.10,"4,204.62000","4,192.22000","4,202.15","4,202.45",-30.0,-3.00,4s,-0.05%
12.04.2025 04:03,12.04.2025 04:03,XAUUSD,Sell,0.10,"4,204.62000","4,192.22000","4,202.18","4,202.24",-6.0,-0.60,2s,-0.01%
12.04.2025 03:45,12.04.2025 03:45,XAUUSD,Buy,0.10,"4,213.32000","4,225.72000","4,215.8","4,216.33",53.0,5.30,13s,0.09%
12.04.2025 03:00,12.04.2025 03:00,XAUUSD,Buy,0.10,"4,210.21000","4,222.61000","4,212.66","4,213.81",115.0,11.50,27s,0.20%
12.03.2025 18:55,12.03.2025 18:56,XAUUSD,Sell,0.10,"4,207.65000","4,195.25000","4,205.22","4,202.28",294.0,29.40,57s,0.51%
12.03.2025 14:00,12.03.2025 14:00,XAUUSD,Buy,0.10,"4,207.86000","4,220.26000","4,210.27","4,210.28",1.0,0.10,5s,0.00%
12.03.2025 12:38,12.03.2025 12:38,XAUUSD,Sell,0.10,"4,201.90000","4,189.50000","4,199.49","4,199.48",1.0,0.10,6s,0.00%
12.03.2025 12:11,12.03.2025 12:12,XAUUSD,Sell,0.10,"4,199.41000","4,187.01000","4,197","4,195.77",123.0,12.30,37s,0.22%
12.03.2025 11:08,12.03.2025 11:09,XAUUSD,Sell,0.10,"4,201.90000","4,189.50000","4,199.39","4,197.89",150.0,15.00,38s,0.26%
12.03.2025 09:24,12.03.2025 09:24,XAUUSD,Sell,0.10,"4,205.69000","4,193.29000","4,203.25","4,203.26",-1.0,-0.10,6s,0.00%
12.03.2025 07:31,12.03.2025 07:31,XAUUSD,Sell,0.10,"4,219.77000","4,207.37000","4,217.35","4,215.9",145.0,14.50,17s,0.26%
12.03.2025 04:04,12.03.2025 04:04,XAUUSD,Buy,0.10,"4,218.66000","4,231.06000","4,221.07","4,221.06",-1.0,-0.10,22s,0.00%
12.03.2025 03:00,12.03.2025 03:01,XAUUSD,Buy,0.10,"4,213.85000","4,226.25000","4,216.27","4,217.24",97.0,9.70,23s,0.17%
12.02.2025 17:36,12.02.2025 17:36,XAUUSD,Sell,0.10,"4,183.31000","4,170.91000","4,180.82","4,179.75",107.0,10.70,5s,0.19%
12.02.2025 16:02,12.02.2025 16:02,XAUUSD,Buy,0.10,"4,212.69000","4,225.09000","4,215.18","4,217.53",235.0,23.50,18s,0.42%
12.02.2025 11:06,12.02.2025 11:06,XAUUSD,Sell,0.10,"4,209.64000","4,197.24000","4,207.21","4,206.28",93.0,9.30,15s,0.17%
12.02.2025 08:03,12.02.2025 08:04,XAUUSD,Buy,0.10,"4,223.73000","4,236.13000","4,226.17","4,226.06",-11.0,-1.10,49s,-0.02%
12.02.2025 03:01,12.02.2025 03:01,XAUUSD,Sell,0.10,"4,223.85000","4,211.45000","4,221.42","4,221.27",15.0,1.50,5s,0.03%
12.01.2025 16:30,12.01.2025 16:30,XAUUSD,Sell,0.10,"4,246.61000","4,234.21000","4,244.11","4,244.52",-41.0,-4.10,1s,-0.07%
12.01.2025 15:30,12.01.2025 15:30,XAUUSD,Buy,0.10,"4,256.08000","4,268.48000","4,258.52","4,259.34",82.0,8.20,16s,0.15%
12.01.2025 14:11,12.01.2025 14:11,XAUUSD,Sell,0.10,"4,250.68000","4,238.28000","4,248.28","4,247.9",38.0,3.80,11s,0.07%
12.01.2025 12:03,12.01.2025 12:04,XAUUSD,Buy,0.10,"4,251.25000","4,263.65000","4,253.66","4,253.88",22.0,2.20,21s,0.04%
12.01.2025 10:00,12.01.2025 10:00,XAUUSD,Buy,0.10,"4,244.47000","4,256.87000","4,246.95","4,246.75",-20.0,-2.00,5s,-0.04%
12.01.2025 07:13,12.01.2025 07:13,XAUUSD,Sell,0.10,"4,235.07000","4,222.67000","4,232.61","4,229.67",294.0,29.40,25s,0.53%
11.28.2025 07:09,11.28.2025 07:09,XAUUSD,Sell,0.10,"4,180.96000","4,168.56000","4,178.28","4,173.75",453.0,45.30,14s,0.82%
11.27.2025 17:23,11.27.2025 17:23,XAUUSD,Buy,0.10,"4,158.22000","4,170.62000","4,160.65","4,160.42",-23.0,-2.30,26s,-0.04%
11.27.2025 15:00,11.27.2025 15:00,XAUUSD,Sell,0.10,"4,154.75000","4,142.35000","4,152.35","4,151.58",77.0,7.70,16s,0.14%
11.27.2025 10:01,11.27.2025 10:01,XAUUSD,Buy,0.10,"4,159.69000","4,172.09000","4,162.19","4,162.25",6.0,0.60,5s,0.01%
11.27.2025 08:12,11.27.2025 08:12,XAUUSD,Buy,0.10,"4,152.25000","4,164.65000","4,154.69","4,154.4",-29.0,-2.90,3s,-0.05%
11.27.2025 06:07,11.27.2025 06:07,XAUUSD,Sell,0.10,"4,146.57000","4,134.17000","4,144.07","4,143.55",52.0,5.20,13s,0.09%
11.27.2025 04:49,11.27.2025 04:50,XAUUSD,Sell,0.10,"4,151.14000","4,138.74000","4,148.74","4,148.45",29.0,2.90,8s,0.05%
11.27.2025 03:05,11.27.2025 03:05,XAUUSD,Sell,0.10,"4,163.72000","4,151.32000","4,161.31","4,159.67",164.0,16.40,28s,0.30%
11.26.2025 18:40,11.26.2025 18:40,XAUUSD,Buy,0.10,"4,163.27000","4,175.67000","4,165.71","4,166.4",69.0,6.90,27s,0.13%
11.26.2025 17:00,11.26.2025 17:00,XAUUSD,Sell,0.10,"4,142.32000","4,129.92000","4,139.74","4,137.07",267.0,26.70,15s,0.49%
11.26.2025 16:06,11.26.2025 16:06,XAUUSD,Sell,0.10,"4,151.44000","4,139.04000","4,149.03","4,149.29",-26.0,-2.60,4s,-0.05%
11.26.2025 13:30,11.26.2025 13:32,XAUUSD,Buy,0.10,"4,162.74000","4,175.14000","4,165.15","4,168.52",337.0,33.70,1m,0.62%
11.26.2025 10:27,11.26.2025 10:27,XAUUSD,Buy,0.10,"4,166.13000","4,178.53000","4,168.61","4,168.21",-40.0,-4.00,2s,-0.07%
11.26.2025 08:15,11.26.2025 08:15,XAUUSD,Sell,0.10,"4,159.00000","4,146.60000","4,156.55","4,156.17",38.0,3.80,30s,0.07%
11.26.2025 04:25,11.26.2025 04:25,XAUUSD,Buy,0.10,"4,156.88000","4,169.28000","4,159.47","4,162.69",322.0,32.20,13s,0.59%
11.25.2025 16:46,11.25.2025 16:46,XAUUSD,Sell,0.10,"4,118.39000","4,105.99000","4,115.83","4,112.95",288.0,28.80,15s,0.53%
11.25.2025 15:10,11.25.2025 15:10,XAUUSD,Buy,0.10,"4,136.31000","4,148.71000","4,139.2","4,139.57",37.0,3.70,9s,0.07%
11.25.2025 14:20,11.25.2025 14:20,XAUUSD,Buy,0.10,"4,136.30000","4,148.70000","4,138.73","4,138.49",-24.0,-2.40,5s,-0.04%
11.25.2025 10:34,11.25.2025 10:35,XAUUSD,Sell,0.10,"4,132.61000","4,120.21000","4,130.08","4,129.87",21.0,2.10,34s,0.04%
11.25.2025 07:53,11.25.2025 07:54,XAUUSD,Buy,0.10,"4,145.98000","4,158.38000","4,148.4","4,148.12",-28.0,-2.80,8s,-0.05%
11.25.2025 04:19,11.25.2025 04:20,XAUUSD,Buy,0.10,"4,141.96000","4,154.36000","4,144.46","4,145.49",103.0,10.30,35s,0.19%
11.25.2025 03:01,11.25.2025 03:01,XAUUSD,Sell,0.10,"4,127.54000","4,115.14000","4,124.97","4,124.51",46.0,4.60,3s,0.09%
11.24.2025 18:03,11.24.2025 18:03,XAUUSD,Buy,0.10,"4,091.49000","4,103.89000","4,093.93","4,093.72",-21.0,-2.10,2s,-0.04%
11.24.2025 16:56,11.24.2025 16:56,XAUUSD,Buy,0.10,"4,083.66000","4,096.06000","4,086.06","4,085.8",-26.0,-2.60,1s,-0.05%
11.24.2025 14:42,11.24.2025 14:42,XAUUSD,Buy,0.10,"4,074.69000","4,087.09000","4,077.17","4,077.81",64.0,6.40,13s,0.12%
11.24.2025 12:03,11.24.2025 12:03,XAUUSD,Buy,0.10,"4,071.80000","4,084.20000","4,074.37","4,076.82",245.0,24.50,22s,0.46%
11.24.2025 11:07,11.24.2025 11:07,XAUUSD,Buy,0.10,"4,065.17000","4,077.57000","4,067.61","4,069.19",158.0,15.80,15s,0.30%
11.24.2025 10:00,11.24.2025 10:00,XAUUSD,Buy,0.10,"4,058.75000","4,071.15000","4,061.15","4,062.58",143.0,14.30,26s,0.27%
11.24.2025 09:32,11.24.2025 09:32,XAUUSD,Buy,0.10,"4,055.65000","4,068.05000","4,058.14","4,058.58",44.0,4.40,7s,0.08%
11.24.2025 07:22,11.24.2025 07:22,XAUUSD,Sell,0.10,"4,043.10000","4,030.70000","4,040.52","4,040.93",-41.0,-4.10,2s,-0.08%
11.24.2025 04:53,11.24.2025 04:53,XAUUSD,Sell,0.10,"4,045.04000","4,032.64000","4,042.64","4,042.04",60.0,6.00,17s,0.11%
11.24.2025 03:30,11.24.2025 03:30,XAUUSD,Sell,0.10,"4,056.95000","4,044.55000","4,054.47","4,053.32",115.0,11.50,16s,0.22%
11.24.2025 03:07,11.24.2025 03:07,XAUUSD,Sell,0.10,"4,060.46000","4,048.06000","4,057.97","4,056",197.0,19.70,35s,0.37%
11.21.2025 11:05,11.21.2025 11:05,XAUUSD,Buy,0.10,"4,045.71000","4,058.11000","4,048.14","4,048.02",-12.0,-1.20,5s,-0.02%
11.21.2025 10:03,11.21.2025 10:03,XAUUSD,Sell,0.10,"4,027.24000","4,014.84000","4,024.7","4,022.9",180.0,18.00,14s,0.34%
11.21.2025 08:00,11.21.2025 08:00,XAUUSD,Buy,0.10,"4,059.92000","4,072.32000","4,062.51","4,064.07",156.0,15.60,12s,0.30%
11.21.2025 07:48,11.21.2025 07:48,XAUUSD,Sell,0.10,"4,050.12000","4,037.72000","4,047.71","4,045.98",173.0,17.30,25s,0.33%
11.21.2025 06:41,11.21.2025 06:41,XAUUSD,Sell,0.10,"4,051.79000","4,039.39000","4,049.34","4,048.75",59.0,5.90,17s,0.11%
11.21.2025 04:56,11.21.2025 04:56,XAUUSD,Sell,0.10,"4,062.95000","4,050.55000","4,060.54","4,058.2",234.0,23.40,25s,0.45%
11.21.2025 03:00,11.21.2025 03:00,XAUUSD,Sell,0.10,"4,075.76000","4,063.36000","4,073.24","4,068.18",506.0,50.60,39s,0.98%
11.20.2025 18:22,11.20.2025 18:22,XAUUSD,Sell,0.10,"4,069.19000","4,056.79000","4,066.68","4,066.64",4.0,0.40,2s,0.01%
11.20.2025 16:49,11.20.2025 16:49,XAUUSD,Buy,0.10,"4,093.99000","4,106.39000","4,096.45","4,103.95",750.0,75.00,24s,1.48%
11.20.2025 14:11,11.20.2025 14:11,XAUUSD,Buy,0.10,"4,070.24000","4,082.64000","4,072.69","4,073.85",116.0,11.60,16s,0.23%
11.20.2025 09:44,11.20.2025 09:44,XAUUSD,Sell,0.10,"4,061.00000","4,048.60000","4,058.54","4,058.93",-39.0,-3.90,1s,-0.08%
11.20.2025 04:06,11.20.2025 04:07,XAUUSD,Sell,0.10,"4,067.98000","4,055.58000","4,065.58","4,065.65",-7.0,-0.70,5s,-0.01%
11.19.2025 17:35,11.19.2025 17:36,XAUUSD,Buy,0.10,"4,117.69000","4,130.09000","4,120.09","4,120.89",80.0,8.00,27s,0.16%
11.19.2025 16:55,11.19.2025 16:55,XAUUSD,Buy,0.10,"4,117.69000","4,130.09000","4,120.19","4,122.04",185.0,18.50,16s,0.37%
11.19.2025 15:34,11.19.2025 15:34,XAUUSD,Sell,0.10,"4,109.02000","4,096.62000","4,106.6","4,106.98",-38.0,-3.80,4s,-0.08%
11.19.2025 14:10,11.19.2025 14:11,XAUUSD,Buy,0.10,"4,116.69000","4,129.09000","4,119.14","4,119.66",52.0,5.20,29s,0.10%
11.19.2025 11:44,11.19.2025 11:44,XAUUSD,Buy,0.10,"4,094.67000","4,107.07000","4,097.11","4,098.92",181.0,18.10,22s,0.36%
11.19.2025 10:00,11.19.2025 10:00,XAUUSD,Sell,0.10,"4,087.38000","4,074.98000","4,084.98","4,084.72",26.0,2.60,16s,0.05%
11.19.2025 07:16,11.19.2025 07:16,XAUUSD,Buy,0.10,"4,078.10000","4,090.50000","4,080.53","4,085.43",490.0,49.00,25s,0.99%
11.19.2025 05:05,11.19.2025 05:05,XAUUSD,Buy,0.10,"4,075.86000","4,088.26000","4,078.33","4,078.36",3.0,0.30,4s,0.01%
11.19.2025 03:06,11.19.2025 03:07,XAUUSD,Sell,0.10,"4,067.29000","4,054.89000","4,064.79","4,063.57",122.0,12.20,30s,0.25%
11.18.2025 15:30,11.18.2025 15:30,XAUUSD,Buy,0.10,"4,048.03000","4,060.43000","4,050.45","4,050.94",49.0,4.90,13s,0.10%
11.18.2025 13:33,11.18.2025 13:33,XAUUSD,Buy,0.10,"4,048.03000","4,060.43000","4,050.5","4,050.13",-37.0,-3.70,3s,-0.07%
11.18.2025 12:46,11.18.2025 12:46,XAUUSD,Buy,0.10,"4,044.73000","4,057.13000","4,047.31","4,050.23",292.0,29.20,23s,0.59%
11.18.2025 11:54,11.18.2025 11:54,XAUUSD,Buy,0.10,"4,040.25000","4,052.65000","4,042.67","4,042.47",-20.0,-2.00,6s,-0.04%
11.18.2025 10:31,11.18.2025 10:31,XAUUSD,Buy,0.10,"4,022.70000","4,035.10000","4,025.26","4,026.45",119.0,11.90,29s,0.24%
11.18.2025 09:01,11.18.2025 09:01,XAUUSD,Sell,0.10,"4,007.49000","3,995.09000","4,005.03","4,005.05",-2.0,-0.20,3s,0.00%
11.18.2025 06:17,11.18.2025 06:17,XAUUSD,Sell,0.10,"4,010.88000","3,998.48000","4,008.46","4,007.16",130.0,13.00,22s,0.27%
11.18.2025 03:51,11.18.2025 03:51,XAUUSD,Sell,0.10,"4,029.72000","4,017.32000","4,027.3","4,026.58",72.0,7.20,4s,0.15%
11.17.2025 18:03,11.17.2025 18:04,XAUUSD,Sell,0.10,"4,063.18000","4,050.78000","4,060.71","4,060.31",40.0,4.00,9s,0.08%
11.17.2025 16:00,11.17.2025 16:00,XAUUSD,Sell,0.10,"4,063.47000","4,051.07000","4,061.06","4,061.26",-20.0,-2.00,5s,-0.04%
11.17.2025 15:05,11.17.2025 15:05,XAUUSD,Buy,0.10,"4,087.05000","4,099.45000","4,089.52","4,090.56",104.0,10.40,31s,0.21%
11.17.2025 12:53,11.17.2025 12:54,XAUUSD,Sell,0.10,"4,074.61000","4,062.21000","4,072.21","4,068.53",368.0,36.80,1m,0.76%
11.17.2025 09:55,11.17.2025 09:56,XAUUSD,Buy,0.10,"4,085.54000","4,097.94000","4,087.95","4,087.69",-26.0,-2.60,11s,-0.05%
11.17.2025 07:17,11.17.2025 07:18,XAUUSD,Sell,0.10,"4,072.62000","4,060.22000","4,070.21","4,070.25",-4.0,-0.40,23s,-0.01%
11.17.2025 05:01,11.17.2025 05:01,XAUUSD,Sell,0.10,"4,074.47000","4,062.07000","4,071.98","4,071.14",84.0,8.40,6s,0.17%
11.14.2025 08:48,11.14.2025 08:48,XAUUSD,Sell,0.10,"4,176.22000","4,163.82000","4,173.76","4,174.16",-40.0,-4.00,2s,-0.08%
11.14.2025 08:16,11.14.2025 08:16,XAUUSD,Sell,0.10,"4,186.54000","4,174.14000","4,184.14","4,184.02",12.0,1.20,4s,0.02%
11.14.2025 07:09,11.14.2025 07:09,XAUUSD,Sell,0.10,"4,199.56000","4,187.16000","4,197.15","4,193.58",357.0,35.70,38s,0.74%
11.14.2025 03:54,11.14.2025 03:54,XAUUSD,Buy,0.10,"4,187.73000","4,200.13000","4,190.15","4,192.32",217.0,21.70,24s,0.45%
11.13.2025 16:08,11.13.2025 16:08,XAUUSD,Sell,0.10,"4,221.87000","4,209.47000","4,219.45","4,214.91",454.0,45.40,17s,0.96%
11.13.2025 14:56,11.13.2025 14:56,XAUUSD,Buy,0.10,"4,238.19000","4,250.59000","4,240.59","4,242.34",175.0,17.50,18s,0.37%
11.13.2025 12:58,11.13.2025 12:58,XAUUSD,Sell,0.10,"4,227.50000","4,215.10000","4,224.98","4,222.54",244.0,24.40,33s,0.52%
11.13.2025 12:21,11.13.2025 12:21,XAUUSD,Buy,0.10,"4,237.16000","4,249.56000","4,239.66","4,240.05",39.0,3.90,7s,0.08%
11.13.2025 09:59,11.13.2025 09:59,XAUUSD,Buy,0.10,"4,217.16000","4,229.56000","4,219.59","4,219.92",33.0,3.30,36s,0.07%
11.13.2025 05:47,11.13.2025 05:48,XAUUSD,Buy,0.10,"4,206.78000","4,219.18000","4,209.18","4,209.52",34.0,3.40,47s,0.07%
11.13.2025 03:00,11.13.2025 03:00,XAUUSD,Buy,0.10,"4,205.75000","4,218.15000","4,208.24","4,208.21",-3.0,-0.30,2s,-0.01%
11.12.2025 16:51,11.12.2025 16:51,XAUUSD,Buy,0.10,"4,137.37000","4,149.77000","4,139.85","4,139.43",-42.0,-4.20,2s,-0.09%
11.12.2025 14:15,11.12.2025 14:15,XAUUSD,Buy,0.10,"4,128.66000","4,141.06000","4,131.12","4,131.49",37.0,3.70,18s,0.08%
11.12.2025 10:22,11.12.2025 10:23,XAUUSD,Buy,0.10,"4,123.05000","4,135.45000","4,125.5","4,126.49",99.0,9.90,33s,0.21%
11.12.2025 07:30,11.12.2025 07:30,XAUUSD,Sell,0.10,"4,106.07000","4,093.67000","4,103.66","4,103.16",50.0,5.00,6s,0.11%
11.12.2025 06:05,11.12.2025 06:06,XAUUSD,Sell,0.10,"4,109.15000","4,096.75000","4,106.71","4,105.56",115.0,11.50,43s,0.25%
11.12.2025 04:41,11.12.2025 04:41,XAUUSD,Sell,0.10,"4,128.71000","4,116.31000","4,126.15","4,121.36",479.0,47.90,23s,1.04%
11.11.2025 15:34,11.11.2025 15:35,XAUUSD,Buy,0.10,"4,142.06000","4,154.46000","4,144.54","4,144.86",32.0,3.20,42s,0.07%
11.11.2025 14:52,11.11.2025 14:52,XAUUSD,Sell,0.10,"4,139.31000","4,126.91000","4,136.9","4,136.8",10.0,1.00,27s,0.02%
11.11.2025 14:20,11.11.2025 14:20,XAUUSD,Sell,0.10,"4,139.31000","4,126.91000","4,136.86","4,137.13",-27.0,-2.70,12s,-0.06%
11.11.2025 11:02,11.11.2025 11:03,XAUUSD,Buy,0.10,"4,135.36000","4,147.76000","4,137.79","4,138.99",120.0,12.00,36s,0.26%
11.11.2025 07:35,11.11.2025 07:35,XAUUSD,Sell,0.10,"4,132.12000","4,119.72000","4,129.67","4,129.15",52.0,5.20,15s,0.11%
11.11.2025 05:09,11.11.2025 05:10,XAUUSD,Buy,0.10,"4,138.59000","4,150.99000","4,141.09","4,140.87",-22.0,-2.20,24s,-0.05%
11.10.2025 18:30,11.10.2025 18:30,XAUUSD,Buy,0.10,"4,091.83000","4,104.23000","4,094.27","4,094.82",55.0,5.50,13s,0.12%
11.10.2025 16:34,11.10.2025 16:34,XAUUSD,Sell,0.10,"4,078.16000","4,065.76000","4,075.69","4,075.97",-28.0,-2.80,1s,-0.06%
11.10.2025 14:00,11.10.2025 14:00,XAUUSD,Buy,0.10,"4,083.61000","4,096.01000","4,086.02","4,086.1",8.0,0.80,6s,0.02%
11.10.2025 11:37,11.10.2025 11:37,XAUUSD,Buy,0.10,"4,082.88000","4,095.28000","4,085.4","4,085.75",35.0,3.50,5s,0.08%
11.10.2025 10:06,11.10.2025 10:07,XAUUSD,Buy,0.10,"4,076.81000","4,089.21000","4,079.24","4,083.05",381.0,38.10,1m,0.84%
11.10.2025 07:30,11.10.2025 07:30,XAUUSD,Buy,0.10,"4,054.40000","4,066.80000","4,056.97","4,059.89",292.0,29.20,22s,0.65%
11.10.2025 06:03,11.10.2025 06:03,XAUUSD,Buy,0.10,"4,050.91000","4,063.31000","4,053.31","4,054.6",129.0,12.90,22s,0.29%
11.10.2025 03:11,11.10.2025 03:11,XAUUSD,Buy,0.10,"4,025.39000","4,037.79000","4,027.84","4,028.92",108.0,10.80,11s,0.24%
11.07.2025 10:11,11.07.2025 10:11,XAUUSD,Buy,0.10,"4,007.68000","4,020.08000","4,010.32","4,009.91",-41.0,-4.10,3s,-0.09%
11.07.2025 08:48,11.07.2025 08:48,XAUUSD,Buy,0.10,"4,001.20000","4,013.60000","4,003.65","4,003.41",-24.0,-2.40,25s,-0.05%
11.07.2025 08:23,11.07.2025 08:23,XAUUSD,Buy,0.10,"3,996.42000","4,008.82000","3,998.85","3,999.77",92.0,9.20,17s,0.20%
11.07.2025 06:02,11.07.2025 06:03,XAUUSD,Sell,0.10,"3,990.70000","3,978.30000","3,988.23","3,987.39",84.0,8.40,43s,0.19%
11.07.2025 03:05,11.07.2025 03:06,XAUUSD,Buy,0.10,"3,992.83000","4,005.23000","3,995.27","3,995.1",-17.0,-1.70,22s,-0.04%
11.06.2025 17:01,11.06.2025 17:01,XAUUSD,Sell,0.10,"3,991.02000","3,978.62000","3,988.52","3,988.07",45.0,4.50,5s,0.10%
11.06.2025 16:18,11.06.2025 16:18,XAUUSD,Sell,0.10,"4,005.59000","3,993.19000","4,003.06","4,001.65",141.0,14.10,13s,0.32%
11.06.2025 14:53,11.06.2025 14:53,XAUUSD,Sell,0.10,"4,006.69000","3,994.29000","4,004.26","4,003.44",82.0,8.20,12s,0.18%
11.06.2025 13:42,11.06.2025 13:42,XAUUSD,Buy,0.10,"4,014.13000","4,026.53000","4,016.56","4,016.74",18.0,1.80,19s,0.04%
11.06.2025 08:55,11.06.2025 08:55,XAUUSD,Buy,0.10,"3,988.68000","4,001.08000","3,991.12","3,992.56",144.0,14.40,14s,0.32%
11.06.2025 07:28,11.06.2025 07:28,XAUUSD,Buy,0.10,"3,988.24000","4,000.64000","3,990.68","3,990.88",20.0,2.00,15s,0.04%
11.06.2025 05:38,11.06.2025 05:38,XAUUSD,Buy,0.10,"3,987.78000","4,000.18000","3,990.19","3,990.39",20.0,2.00,25s,0.05%
11.06.2025 04:02,11.06.2025 04:03,XAUUSD,Buy,0.10,"3,974.81000","3,987.21000","3,977.26","3,978.67",141.0,14.10,13s,0.32%
11.06.2025 03:08,11.06.2025 03:08,XAUUSD,Sell,0.10,"3,968.64000","3,956.24000","3,966.22","3,965.52",70.0,7.00,12s,0.16%
11.05.2025 18:46,11.05.2025 18:47,XAUUSD,Buy,0.10,"3,983.12000","3,995.52000","3,985.53","3,989.53",400.0,40.00,1m,0.91%
11.05.2025 15:00,11.05.2025 15:00,XAUUSD,Buy,0.10,"3,967.49000","3,979.89000","3,969.99","3,971.13",114.0,11.40,18s,0.26%
11.05.2025 12:03,11.05.2025 12:03,XAUUSD,Sell,0.10,"3,964.33000","3,951.93000","3,961.91","3,961.75",16.0,1.60,3s,0.04%
11.05.2025 10:05,11.05.2025 10:06,XAUUSD,Buy,0.10,"3,975.99000","3,988.39000","3,978.54","3,982.64",410.0,41.00,41s,0.95%
11.05.2025 07:24,11.05.2025 07:24,XAUUSD,Buy,0.10,"3,973.62000","3,986.02000","3,976.03","3,975.87",-16.0,-1.60,6s,-0.04%
11.05.2025 06:31,11.05.2025 06:32,XAUUSD,Buy,0.10,"3,962.87000","3,975.27000","3,965.37","3,966.16",79.0,7.90,34s,0.18%
11.05.2025 04:48,11.05.2025 04:48,XAUUSD,Buy,0.10,"3,946.99000","3,959.39000","3,949.5","3,949.12",-38.0,-3.80,5s,-0.09%
11.05.2025 03:04,11.05.2025 03:05,XAUUSD,Buy,0.10,"3,940.78000","3,953.18000","3,943.27","3,944.2",93.0,9.30,35s,0.22%
11.04.2025 14:32,11.04.2025 14:33,XAUUSD,Sell,0.10,"3,988.27000","3,975.87000","3,985.84","3,985.86",-2.0,-0.20,20s,0.00%
11.04.2025 10:01,11.04.2025 10:01,XAUUSD,Buy,0.10,"3,993.94000","4,006.34000","3,996.4","3,997.75",135.0,13.50,26s,0.31%
11.04.2025 07:45,11.04.2025 07:45,XAUUSD,Sell,0.10,"3,977.91000","3,965.51000","3,975.48","3,973.8",168.0,16.80,26s,0.39%
11.04.2025 04:03,11.04.2025 04:03,XAUUSD,Sell,0.10,"3,980.23000","3,967.83000","3,977.82","3,975.94",188.0,18.80,23s,0.44%
11.04.2025 03:27,11.04.2025 03:27,XAUUSD,Sell,0.10,"3,983.38000","3,970.98000","3,980.97","3,981.25",-28.0,-2.80,2s,-0.07%
11.03.2025 18:13,11.03.2025 18:13,XAUUSD,Sell,0.10,"4,004.24000","3,991.84000","4,001.81","4,002.29",-48.0,-4.80,1s,-0.11%
11.03.2025 17:00,11.03.2025 17:00,XAUUSD,Buy,0.10,"4,025.27000","4,037.67000","4,027.84","4,030.44",260.0,26.00,15s,0.61%
11.03.2025 11:44,11.03.2025 11:44,XAUUSD,Sell,0.10,"4,000.03000","3,987.63000","3,997.58","3,996.49",109.0,10.90,16s,0.26%
11.03.2025 11:26,11.03.2025 11:27,XAUUSD,Sell,0.10,"4,013.64000","4,001.24000","4,011.21","4,005.74",547.0,54.70,1m,1.31%
11.03.2025 09:01,11.03.2025 09:01,XAUUSD,Buy,0.10,"4,016.42000","4,028.82000","4,018.86","4,020.52",166.0,16.60,34s,0.40%
11.03.2025 08:00,11.03.2025 08:00,XAUUSD,Buy,0.10,"4,013.20000","4,025.60000","4,015.61","4,015.76",15.0,1.50,13s,0.04%
11.03.2025 07:31,11.03.2025 07:31,XAUUSD,Buy,0.10,"4,013.20000","4,025.60000","4,015.67","4,017.41",174.0,17.40,21s,0.42%
11.03.2025 07:03,11.03.2025 07:03,XAUUSD,Sell,0.10,"4,004.07000","3,991.67000","4,001.61","4,001.38",23.0,2.30,5s,0.06%
11.03.2025 05:30,11.03.2025 05:31,XAUUSD,Buy,0.10,"4,004.21000","4,016.61000","4,006.67","4,007.54",87.0,8.70,35s,0.21%
11.03.2025 05:01,11.03.2025 05:01,XAUUSD,Buy,0.10,"4,004.14000","4,016.54000","4,006.57","4,008.69",212.0,21.20,15s,0.52%
11.03.2025 04:21,11.03.2025 04:21,XAUUSD,Buy,0.10,"4,004.21000","4,016.61000","4,006.71","4,006.32",-39.0,-3.90,2s,-0.09%
10.31.2025 09:04,10.31.2025 09:04,XAUUSD,Buy,0.10,"4,012.54000","4,024.94000","4,015.1","4,016.32",122.0,12.20,12s,0.30%
10.31.2025 07:46,10.31.2025 07:46,XAUUSD,Buy,0.10,"4,008.13000","4,020.53000","4,010.62","4,010.86",24.0,2.40,5s,0.06%
10.31.2025 06:07,10.31.2025 06:07,XAUUSD,Sell,0.10,"3,993.36000","3,980.96000","3,990.84","3,990.56",28.0,2.80,5s,0.07%
10.31.2025 04:14,10.31.2025 04:14,XAUUSD,Sell,0.10,"4,012.21000","3,999.81000","4,009.73","4,009.73",0.0,0.00,5s,0.00%
10.30.2025 15:52,10.30.2025 15:52,XAUUSD,Buy,0.10,"3,982.64000","3,995.04000","3,985.16","3,984.96",-20.0,-2.00,3s,-0.05%
10.30.2025 14:58,10.30.2025 14:58,XAUUSD,Sell,0.10,"3,966.18000","3,953.78000","3,963.53","3,961.34",219.0,21.90,11s,0.54%
10.30.2025 11:00,10.30.2025 11:01,XAUUSD,Buy,0.10,"3,974.71000","3,987.11000","3,977.12","3,984.45",733.0,73.30,1m,1.83%
10.30.2025 06:34,10.30.2025 06:34,XAUUSD,Buy,0.10,"3,964.04000","3,976.44000","3,966.59","3,970.38",379.0,37.90,14s,0.95%
10.30.2025 04:04,10.30.2025 04:05,XAUUSD,Sell,0.10,"3,940.53000","3,928.13000","3,938.09","3,935.99",210.0,21.00,30s,0.53%
10.30.2025 03:06,10.30.2025 03:06,XAUUSD,Buy,0.10,"3,961.79000","3,974.19000","3,964.42","3,966.2",178.0,17.80,6s,0.45%
10.29.2025 17:27,10.29.2025 17:27,XAUUSD,Sell,0.10,"4,004.98000","3,992.58000","4,002.55","4,002.21",34.0,3.40,4s,0.09%
10.29.2025 15:13,10.29.2025 15:13,XAUUSD,Sell,0.10,"4,015.90000","4,003.50000","4,013.42","4,010.09",333.0,33.30,22s,0.85%
10.29.2025 14:15,10.29.2025 14:15,XAUUSD,Buy,0.10,"4,027.32000","4,039.72000","4,029.79","4,029.91",12.0,1.20,5s,0.03%
10.29.2025 08:25,10.29.2025 08:25,XAUUSD,Buy,0.10,"3,969.76000","3,982.16000","3,972.23","3,973.62",139.0,13.90,26s,0.36%
10.28.2025 15:18,10.28.2025 15:18,XAUUSD,Buy,0.10,"3,927.78000","3,940.18000","3,930.22","3,932.04",182.0,18.20,18s,0.47%
10.28.2025 07:31,10.28.2025 07:31,XAUUSD,Sell,0.10,"3,966.27000","3,953.87000","3,963.85","3,964.15",-30.0,-3.00,2s,-0.08%
10.28.2025 06:22,10.28.2025 06:22,XAUUSD,Sell,0.10,"3,983.26000","3,970.86000","3,980.85","3,977.24",361.0,36.10,27s,0.94%
10.28.2025 03:00,10.28.2025 03:01,XAUUSD,Buy,0.10,"4,007.76000","4,020.16000","4,010.39","4,012.13",174.0,17.40,33s,0.46%
10.27.2025 16:01,10.27.2025 16:01,XAUUSD,Sell,0.10,"4,017.95000","4,005.55000","4,015.43","4,015.13",30.0,3.00,2s,0.08%
10.27.2025 15:47,10.27.2025 15:48,XAUUSD,Sell,0.10,"4,017.95000","4,005.55000","4,015.42","4,014.59",83.0,8.30,26s,0.22%
10.27.2025 13:11,10.27.2025 13:11,XAUUSD,Sell,0.10,"4,026.52000","4,014.12000","4,024.09","4,022.75",134.0,13.40,5s,0.35%
10.27.2025 10:53,10.27.2025 10:53,XAUUSD,Sell,0.10,"4,056.30000","4,043.90000","4,053.6","4,043.39","1,021.0",102.10,18s,2.77%
10.27.2025 08:08,10.27.2025 08:08,XAUUSD,Buy,0.10,"4,081.99000","4,094.39000","4,084.42","4,084.04",-38.0,-3.80,4s,-0.10%
10.27.2025 07:27,10.27.2025 07:27,XAUUSD,Buy,0.10,"4,079.39000","4,091.79000","4,081.85","4,084.17",232.0,23.20,26s,0.63%
10.27.2025 06:41,10.27.2025 06:41,XAUUSD,Sell,0.10,"4,060.97000","4,048.57000","4,058.48","4,058.67",-19.0,-1.90,3s,-0.05%
10.27.2025 06:01,10.27.2025 06:02,XAUUSD,Sell,0.10,"4,067.60000","4,055.20000","4,065.2","4,063.51",169.0,16.90,15s,0.46%
10.24.2025 10:51,10.24.2025 10:52,XAUUSD,Sell,0.10,"4,084.03000","4,071.63000","4,081.58","4,076.37",521.0,52.10,48s,1.45%
10.24.2025 09:00,10.24.2025 09:00,XAUUSD,Sell,0.10,"4,105.29000","4,092.89000","4,102.87","4,102.87",0.0,0.00,8s,0.00%
10.24.2025 07:30,10.24.2025 07:30,XAUUSD,Sell,0.10,"4,108.32000","4,095.92000","4,105.83","4,103.83",200.0,20.00,18s,0.56%
10.24.2025 07:21,10.24.2025 07:22,XAUUSD,Sell,0.10,"4,110.30000","4,097.90000","4,107.9","4,108.21",-31.0,-3.10,19s,-0.09%
10.24.2025 03:29,10.24.2025 03:29,XAUUSD,Buy,0.10,"4,130.51000","4,142.91000","4,133.02","4,133.03",1.0,0.10,5s,0.00%
10.23.2025 15:23,10.23.2025 15:23,XAUUSD,Sell,0.10,"4,104.15000","4,091.75000","4,101.72","4,100.54",118.0,11.80,21s,0.33%
10.23.2025 08:52,10.23.2025 08:52,XAUUSD,Buy,0.10,"4,098.26000","4,110.66000","4,100.68","4,100.51",-17.0,-1.70,3s,-0.05%
10.23.2025 03:20,10.23.2025 03:21,XAUUSD,Sell,0.10,"4,083.17000","4,070.77000","4,080.71","4,079.61",110.0,11.00,25s,0.31%
10.22.2025 17:54,10.22.2025 17:54,XAUUSD,Sell,0.10,"4,017.51000","4,005.11000","4,014.89","4,011.74",315.0,31.50,14s,0.89%
10.22.2025 13:41,10.22.2025 13:41,XAUUSD,Sell,0.10,"4,063.94000","4,051.54000","4,061.3","4,051.48",982.0,98.20,18s,2.86%
10.22.2025 09:31,10.22.2025 09:31,XAUUSD,Buy,0.10,"4,144.54000","4,156.94000","4,146.96","4,148.52",156.0,15.60,12s,0.46%
10.22.2025 08:17,10.22.2025 08:18,XAUUSD,Buy,0.10,"4,140.56000","4,152.96000","4,142.97","4,144.77",180.0,18.00,40s,0.53%
10.22.2025 06:25,10.22.2025 06:25,XAUUSD,Buy,0.10,"4,118.23000","4,130.63000","4,120.65","4,120.86",21.0,2.10,4s,0.06%
10.21.2025 15:08,10.21.2025 15:08,XAUUSD,Sell,0.10,"4,251.62000","4,239.22000","4,249.09","4,249.28",-19.0,-1.90,4s,-0.06%
10.21.2025 14:56,10.21.2025 14:57,XAUUSD,Sell,0.10,"4,251.62000","4,239.22000","4,249.13","4,246.07",306.0,30.60,39s,0.91%
10.21.2025 10:33,10.21.2025 10:33,XAUUSD,Sell,0.10,"4,319.41000","4,307.01000","4,316.8","4,306.88",992.0,99.20,36s,3.04%
10.21.2025 08:12,10.21.2025 08:12,XAUUSD,Sell,0.10,"4,335.47000","4,323.07000","4,332.99","4,332.94",5.0,0.50,3s,0.02%
10.21.2025 05:00,10.21.2025 05:00,XAUUSD,Sell,0.10,"4,349.19000","4,336.79000","4,346.72","4,346.48",24.0,2.40,4s,0.07%
10.21.2025 04:30,10.21.2025 04:30,XAUUSD,Sell,0.10,"4,349.19000","4,336.79000","4,346.61","4,341.94",467.0,46.70,24s,1.45%
10.21.2025 04:17,10.21.2025 04:17,XAUUSD,Sell,0.10,"4,358.32000","4,345.92000","4,355.78","4,354.86",92.0,9.20,13s,0.29%
10.20.2025 17:20,10.20.2025 17:20,XAUUSD,Buy,0.10,"4,324.64000","4,337.04000","4,327.17","4,333.87",670.0,67.00,16s,2.13%
10.20.2025 14:48,10.20.2025 14:48,XAUUSD,Buy,0.10,"4,263.71000","4,276.11000","4,266.14","4,265.74",-40.0,-4.00,1s,-0.13%
10.20.2025 13:06,10.20.2025 13:06,XAUUSD,Sell,0.10,"4,252.80000","4,240.40000","4,250.26","4,250.17",9.0,0.90,3s,0.03%
10.20.2025 08:49,10.20.2025 08:49,XAUUSD,Sell,0.10,"4,251.41000","4,239.01000","4,248.91","4,247.07",184.0,18.40,12s,0.59%
10.20.2025 08:23,10.20.2025 08:23,XAUUSD,Sell,0.10,"4,251.41000","4,239.01000","4,248.83","4,248.25",58.0,5.80,4s,0.19%
10.20.2025 05:30,10.20.2025 05:31,XAUUSD,Buy,0.10,"4,266.52000","4,278.92000","4,268.92","4,269.63",71.0,7.10,11s,0.23%
10.17.2025 10:19,10.17.2025 10:19,XAUUSD,Sell,0.10,"4,344.53000","4,332.13000","4,342.1","4,341.88",22.0,2.20,18s,0.07%
10.16.2025 15:34,10.16.2025 15:34,XAUUSD,Buy,0.10,"4,245.05000","4,257.45000","4,247.45","4,247.68",23.0,2.30,5s,0.07%
10.16.2025 12:55,10.16.2025 12:55,XAUUSD,Buy,0.10,"4,233.35000","4,245.75000","4,235.76","4,236.85",109.0,10.90,13s,0.35%
10.16.2025 11:01,10.16.2025 11:01,XAUUSD,Buy,0.10,"4,231.58000","4,243.98000","4,234.03","4,234.56",53.0,5.30,6s,0.17%
10.16.2025 08:33,10.16.2025 08:33,XAUUSD,Sell,0.10,"4,207.69000","4,195.29000","4,205.18","4,205.15",3.0,0.30,2s,0.01%
10.16.2025 04:00,10.16.2025 04:00,XAUUSD,Buy,0.10,"4,210.74000","4,223.14000","4,213.18","4,214.52",134.0,13.40,13s,0.44%
10.16.2025 03:15,10.16.2025 03:15,XAUUSD,Buy,0.10,"4,213.45000","4,225.85000","4,215.89","4,216.96",107.0,10.70,28s,0.35%
10.15.2025 17:04,10.15.2025 17:04,XAUUSD,Buy,0.10,"4,201.79000","4,214.19000","4,204.3","4,204.4",10.0,1.00,4s,0.03%
10.15.2025 12:21,10.15.2025 12:21,XAUUSD,Sell,0.10,"4,175.77000","4,163.37000","4,172.76","4,165.52",724.0,72.40,10s,2.42%
10.15.2025 09:43,10.15.2025 09:43,XAUUSD,Buy,0.10,"4,191.31000","4,203.71000","4,193.78","4,193.42",-36.0,-3.60,2s,-0.12%
10.15.2025 08:14,10.15.2025 08:14,XAUUSD,Buy,0.10,"4,188.09000","4,200.49000","4,190.57","4,190.62",5.0,0.50,3s,0.02%
10.15.2025 06:46,10.15.2025 06:46,XAUUSD,Buy,0.10,"4,184.38000","4,196.78000","4,186.86","4,186.9",4.0,0.40,8s,0.01%
10.15.2025 04:02,10.15.2025 04:02,XAUUSD,Buy,0.10,"4,167.25000","4,179.65000","4,169.73","4,169.42",-31.0,-3.10,2s,-0.10%
