date,ret
2019-01-01,-0.001463781735092264
2019-01-02,0.003119931185105601
2019-01-03,0.006706356767602818
2019-01-04,-0.008408389858972272
2019-01-06,-0.0012396424102446204
2019-01-07,0.00308139652597278
2019-01-08,-0.0034527573565068955
2019-01-09,0.005488182083454861
2019-01-10,-0.004364782248183842
2019-01-11,-0.0011103303426883335
2019-01-13,1.3205442506686858e-05
2019-01-14,0.0020596946558957795
2019-01-15,-0.0019668500586569808
2019-01-16,0.0020316928576690095
2019-01-17,-0.0010387677723652418
2019-01-18,-0.009038533714581827
2019-01-20,0.0002887342903185549
2019-01-21,-0.0028147599461999426
2019-01-22,0.0032689519894656114
2019-01-23,-0.0011701069211474918
2019-01-24,-0.0023837623716097796
2019-01-25,0.009453694779273103
2019-01-27,-0.0015906741922718732
2019-01-28,0.002394679856765453
2019-01-29,0.004653042692644598
2019-01-30,0.005928274742345146
2019-01-31,0.0008770879165030277
2019-02-01,-0.003353532753719576
2019-02-03,-0.0011609158336020088
2019-02-04,-0.004629197274262995
2019-02-05,0.0019234947681399403
2019-02-06,-0.00682214878672988
2019-02-07,0.002403321788714275
2019-02-08,0.0021902127253648276
2019-02-10,-0.0009131739033161911
2019-02-11,-0.005026651989421436
2019-02-12,0.0013994302865773015
2019-02-13,-0.0025644841837726574
2019-02-14,0.0027761950831519584
2019-02-15,0.006448785135779005
2019-02-17,-0.00039670462615136627
2019-02-18,0.003466839453541303
2019-02-19,0.009472242997418532
2019-02-20,0.00026651775515903456
2019-02-21,-0.01153262292575034
2019-02-22,0.0010559781563374976
2019-02-24,-0.0014072477019344558
2019-02-25,-0.0006854138656965698
2019-02-26,0.0007887374024247036
2019-02-27,-0.0066205983365746
2019-02-28,-0.0057808981322030354
2019-03-01,-0.016588606366828806
2019-03-03,0.0013560711840674977
2019-03-04,-0.006820017326071268
2019-03-05,0.00011654785260574517
2019-03-06,-0.0011957125165477436
2019-03-07,-0.0014583228122245324
2019-03-08,0.009455637572827877
2019-03-10,-0.000963194415013644
2019-03-11,-0.004155055252984145
2019-03-12,0.0067023848668302955
2019-03-13,0.005184777799626424
2019-03-14,-0.010677094272326984
2019-03-15,0.003942703490951415
2019-03-17,-0.0015362694002019842
2019-03-18,0.0016631361226551963
2019-03-19,0.001572799921436726
2019-03-20,0.006512994599428329
2019-03-21,-0.005671429603189982
2019-03-22,0.0028809304564784846
2019-03-24,-0.001736342485939759
2019-03-25,0.006877421775045806
2019-03-26,-0.004238384933147115
2019-03-27,-0.005859392804942098
2019-03-28,-0.014159859776146018
2019-03-29,-0.0002400319010138637
2019-03-31,-0.0007871364718175013
2019-04-01,-0.003940488558648327
2019-04-02,0.002866431293040066
2019-04-03,-0.0004977943760847997
2019-04-04,-0.0002786906185771154
2019-04-05,-0.0012460384104884563
2019-04-07,-0.0002555554264872428
2019-04-08,0.004271023001746398
2019-04-09,0.004576465104453656
2019-04-10,0.002094919073881727
2019-04-11,-0.012677960089234275
2019-04-12,-0.00205706060125303
2019-04-14,-0.0016033150669017046
2019-04-15,-0.0015818061279478921
2019-04-16,-0.009671472648594097
2019-04-17,-0.002381521275053892
2019-04-18,0.00048659699958006407
2019-04-21,0.00031906603804644643
2019-04-22,-0.0022166036931908044
2019-04-23,-0.0030935243896506497
2019-04-24,0.002021449387076081
2019-04-25,0.0
2019-04-26,0.0
2019-04-28,0.0
2019-04-29,0.0
2019-04-30,0.0
2019-05-01,0.0
2019-05-02,0.0
2019-05-03,0.0
2019-05-05,0.0
2019-05-06,0.0
2019-05-07,0.0
2019-05-08,0.0
2019-05-09,0.0
2019-05-10,0.0
2019-05-12,0.0
2019-05-13,0.0
2019-05-14,-0.004138482044426953
2019-05-15,-0.0009637640150562718
2019-05-16,-0.00877560386752896
2019-05-17,-0.006978762722067557
2019-05-19,0.0
2019-05-20,0.0
2019-05-21,0.0
2019-05-22,0.0
2019-05-23,0.0
2019-05-24,0.0
2019-05-26,0.0
2019-05-27,0.0
2019-05-28,0.0
2019-05-29,0.0
2019-05-30,0.0
2019-05-31,0.0
2019-06-02,0.0013367326794795976
2019-06-03,0.009465389711806887
2019-06-04,-0.000369790389223224
2019-06-05,0.009471815708955406
2019-06-06,0.0013848344472871693
2019-06-07,0.009475021524117444
2019-06-09,-0.0019171962706306597
2019-06-10,-0.004844249186320315
2019-06-11,-0.0016799224813200814
2019-06-12,0.0038585669148412044
2019-06-13,0.007648940621723789
2019-06-14,0.009479328601669987
2019-06-16,-0.0029639621847017544
2019-06-17,0.00031901191475878577
2019-06-18,0.00947746570868714
2019-06-19,0.009479703996170642
2019-06-20,0.009484489770067748
2019-06-21,0.009496673732408803
2019-06-23,0.004309054872060388
2019-06-24,0.009502440882868958
2019-06-25,-0.005309374375094257
2019-06-26,-0.005922382941281016
2019-06-27,-0.00021479490276797483
2019-06-28,-0.0015521182161271525
2019-06-30,-0.004206375052338061
2019-07-01,-0.005186912027242052
2019-07-02,0.00949474462227829
2019-07-03,-0.009493133600466688
2019-07-04,0.0012711909218777592
2019-07-05,-0.020492663536141813
2019-07-07,-0.0029021247699207633
2019-07-08,-0.001490382376228479
2019-07-09,0.00019150245510441615
2019-07-10,0.009498292402355177
2019-07-11,-0.013184054235571717
2019-07-12,0.007462420795915509
2019-07-14,3.532550331777136e-05
2019-07-15,-0.0010662275597935985
2019-07-16,-0.0077413018980567695
2019-07-17,0.009501824744791868
2019-07-18,0.009508639176198442
2019-07-19,-0.012750326607132418
2019-07-21,-0.0023206813122462044
2019-07-22,-0.0013965745325159491
2019-07-23,-0.005176852375416675
2019-07-24,0.005307005317591119
2019-07-25,-0.007675980985458443
2019-07-26,0.0015993102400380169
2019-07-28,0.00041585170305366505
2019-07-29,0.0025914251993567274
2019-07-30,0.0039222210989799606
2019-07-31,-0.013512417893172736
2019-08-01,0.009504293175179193
2019-08-02,0.0012377545741289952
2019-08-04,-0.0007035220550343666
2019-08-05,0.009513745376239452
2019-08-06,0.0014383461732867477
2019-08-07,0.009525981303348318
2019-08-08,0.001196685241814374
2019-08-09,-0.005250158728048087
2019-08-11,0.0016627546301705336
2019-08-12,0.009533549455418963
2019-08-13,0.009537044691721328
2019-08-14,0.009533568104054316
2019-08-15,0.005908897627672872
2019-08-16,-0.00969735957728085
2019-08-18,-0.0025079377253869996
2019-08-19,-0.009255915802306346
2019-08-20,0.006249812004318021
2019-08-21,-0.002826514927677216
2019-08-22,-0.0038621062355412706
2019-08-23,0.009532537088173478
2019-08-25,0.009544056516148827
2019-08-26,-0.012566182021240251
2019-08-27,0.00954204815690744
2019-08-28,-0.0035634270579440333
2019-08-29,-0.006960534225876154
2019-08-30,-0.0061145655139027925
2019-09-01,2.1592266042855625e-05
2019-09-02,-0.0023412541405210983
2019-09-03,0.009541346018392054
2019-09-04,0.0009444650667355342
2019-09-05,-0.020451267028883693
2019-09-06,-0.008349057380423209
2019-09-08,-0.0019052128427128438
2019-09-09,-0.006838384475665331
2019-09-10,-0.006645644072056038
2019-09-11,0.003564259222520739
2019-09-12,0.009531144716871767
2019-09-13,-0.006686406532181915
2019-09-15,-0.000988825606999534
2019-09-16,-0.005809984940519004
2019-09-17,0.0013685050250836959
2019-09-18,-0.006896574701231631
2019-09-19,0.0052243835864488
2019-09-20,0.009533197960741993
2019-09-22,-0.00022655397532875366
2019-09-23,0.0037970211543604956
2019-09-24,0.006662962463711319
2019-09-25,-0.02045701601188236
2019-09-26,-0.0002854402251658827
2019-09-27,-0.0072521528480644195
2019-09-29,0.0006001734280407315
2019-09-30,-0.020467862835983952
2019-10-01,0.004963472938078671
2019-10-02,0.009527531100265397
2019-10-03,0.009533325555425892
2019-10-04,-0.00311609509526632
2019-10-06,-0.0030048919614674347
2019-10-07,-0.011076127738528271
2019-10-08,0.009530835815993753
2019-10-09,0.0013853096200141868
2019-10-10,-0.012121609052142202
2019-10-11,-0.004087670389322761
2019-10-13,-0.0028848324875278522
2019-10-14,0.003994462987225048
2019-10-15,-0.006719443131179985
2019-10-16,0.005000354276112766
2019-10-17,0.001389238435596706
2019-10-18,-0.0026105392903915917
2019-10-20,-0.0003620909545655767
2019-10-21,-0.005484246201086804
2019-10-22,0.0026838266260128312
2019-10-23,0.0017376900745453825
2019-10-24,0.0066242430944410775
2019-10-25,0.009534167174091689
2019-10-27,-0.000852770473802787
2019-10-28,-0.008624100270957648
2019-10-29,-0.0034858971995508554
2019-10-30,0.004863322026148839
2019-10-31,0.009531843033657176
2019-11-01,0.0006480118599395523
2019-11-03,-0.0011546276259852
2019-11-04,-0.004570812897426013
2019-11-05,-0.015258866436799133
2019-11-06,0.0034580210526316355
2019-11-07,-0.014952946165904412
2019-11-08,-0.0073675358588593375
2019-11-10,0.000696919983717887
2019-11-11,-0.004209422535674031
2019-11-12,0.0013946541463823621
2019-11-13,0.0030926675663518017
2019-11-14,0.0034164720416427256
2019-11-15,-0.0013905261810965178
2019-11-17,0.0007974601235859522
2019-11-18,0.001334215549329272
2019-11-19,0.0014541451630986327
2019-11-20,-0.0005378210988641832
2019-11-21,-0.006814320450082902
2019-11-22,-0.0027050308249285484
2019-11-24,-0.000344469113516003
2019-11-25,-0.004971121617874089
2019-11-26,0.004046511148024778
2019-11-27,-0.00297374504261708
2019-11-28,-0.0010639721857078582
2019-11-29,0.004629095444530561
2019-12-01,-0.0020511622569752566
2019-12-02,8.209253881433497e-05
2019-12-03,0.009521415952436883
2019-12-04,-0.0011851831785258044
2019-12-05,-0.00022364617819186071
2019-12-06,-0.011378311757475786
2019-12-08,-0.0001528006369661816
2019-12-09,0.00026712969146530603
2019-12-10,0.0013962513389297521
2019-12-11,0.009521797494902017
2019-12-12,-0.006877070666309358
2019-12-13,0.006579688283854795
2019-12-15,-0.0011931410658816875
2019-12-16,0.0003710869659604511
2019-12-17,-0.000334158449396273
2019-12-18,-0.00039103400369344335
2019-12-19,0.0013464814616540094
2019-12-20,-0.0008793379261829016
2019-12-22,-0.0002658768388123245
2019-12-23,0.004236178984142206
2019-12-24,0.00952875217615516
2019-12-25,-0.00046886734188894785
2019-12-26,0.0073360965963846685
2019-12-27,-0.0007212978066590166
2019-12-29,0.0008647279646538867
2019-12-30,0.00046054387787191356
2019-12-31,0.0009222229997266865
2020-01-01,-0.00077892080949819
2020-01-02,0.00640385166353269
2020-01-03,0.009542102977115621
2020-01-05,0.009551205813808118
2020-01-06,-0.003930165790924275
2020-01-07,0.009552342368556573
2020-01-08,0.009561110640872571
2020-01-09,-0.0038595392173602252
2020-01-10,0.005422934116502992
2020-01-12,-0.0018510002446651191
2020-01-13,-0.009402649546062423
2020-01-14,0.0023427767081398137
2020-01-15,0.0039174559124864755
2020-01-16,-0.0030586443651224233
2020-01-17,0.0026156675911698617
2020-01-19,-0.0005606475511325991
2020-01-20,0.002247977622988491
2020-01-21,-0.0034332894564064187
2020-01-22,0.00264688781885518
2020-01-23,-0.0007557489760562188
2020-01-24,0.006336230231313995
2020-01-26,0.0017204390950629137
2020-01-27,-0.0014532541836344047
2020-01-28,-0.008462650175672767
2020-01-29,0.005056220968970795
2020-01-30,-0.0016550464649538234
2020-01-31,0.008583554747143857
2020-02-02,-0.0029766761140412085
2020-02-03,-0.0071536653884025515
2020-02-04,-0.016068436705232468
2020-02-05,0.0008217355157050511
2020-02-06,0.005777430746342403
2020-02-07,0.002384138105015754
2020-02-09,0.0017801136421493257
2020-02-10,-0.0022543332412548757
2020-02-11,-0.0035326719672649485
2020-02-12,0.0012954789698453456
2020-02-13,0.0043574983372703475
2020-02-14,0.003679433406566885
2020-02-16,0.00020229375835250816
2020-02-17,0.0003392361690191164
2020-02-18,0.009558126836535381
2020-02-19,0.005484706227765243
2020-02-20,0.006830876805136847
2020-02-21,0.009568456646846453
2020-02-23,0.009576936512675648
2020-02-24,0.009579699485131822
2020-02-25,-0.008904919261944451
2020-02-26,0.0018618635100975018
2020-02-27,0.009574081781165636
2020-02-28,-0.050425369524582764
2020-03-01,-0.004576536812749615
2020-03-02,0.009558305280460408
2020-03-03,0.009560272505410215
2020-03-04,-0.006053598315224541
2020-03-05,0.009572259958399247
2020-03-06,0.009581969259213768
2020-03-08,0.0026450016077692088
2020-03-09,-0.020195312132363346
2020-03-10,-0.00891134561318751
2020-03-11,0.009576334018259965
2020-03-12,-0.05042588271798355
2020-03-13,0.009556014481539116
2020-03-15,0.0
2020-03-16,0.0
2020-03-17,0.0
2020-03-18,0.0
2020-03-19,0.0
2020-03-20,0.0
2020-03-22,0.0
2020-03-23,0.0
2020-03-24,0.0
2020-03-25,0.0
2020-03-26,0.0
2020-03-27,-0.00018453044383270737
2020-03-29,-0.008393017692432605
2020-03-30,-0.006751322595164118
2020-03-31,-0.023648677913916824
2020-04-01,0.00955655169530289
2020-04-02,0.009560032884399303
2020-04-03,0.0023894647735342505
2020-04-05,0.001782643734935687
2020-04-06,0.009567695222661652
2020-04-07,-0.008640577965081303
2020-04-08,-0.0005948955533378331
2020-04-09,0.009574986885309635
2020-04-12,-0.0006819995991028712
2020-04-13,0.009584746677676795
2020-04-14,0.009592318820659912
2020-04-15,-0.005947695065268096
2020-04-16,0.009591955222331954
2020-04-17,-0.019975891366591086
2020-04-19,-0.003113321324524741
2020-04-20,0.009582201297802174
2020-04-21,-0.002452586482209072
2020-04-22,0.009585153226618999
2020-04-23,0.009591035020255413
2020-04-24,-0.0007232758261545533
2020-04-26,-0.0012395822955209531
2020-04-27,-0.009414776561380511
2020-04-28,-0.0031547826575285313
2020-04-29,0.004686808013913676
2020-04-30,-0.015354851134980814
2020-05-01,0.009585274888690805
2020-05-03,0.00045174034883548666
2020-05-04,0.002041963227008096
2020-05-05,-0.00035632416693825536
2020-05-06,-0.008647710144110969
2020-05-07,0.009585711791530149
2020-05-08,-0.007869569326297307
2020-05-10,0.00231963882512376
2020-05-11,-0.0053510568776904514
2020-05-12,0.0024782658383395
2020-05-13,0.009588833903581576
2020-05-14,0.009592624169608058
2020-05-15,0.009595995740640807
2020-05-17,0.009596511089028134
2020-05-18,-0.013726922241220239
2020-05-19,0.006147114522651772
2020-05-20,0.0004163807747774666
2020-05-21,-0.012725727578895582
2020-05-22,0.004102283604539844
2020-05-24,-0.0008663969669174719
2020-05-25,-0.0026523237013726785
2020-05-26,-0.008403809109010868
2020-05-27,-0.0014479908543029107
2020-05-28,0.0058955964506018374
2020-05-29,0.00367667345273324
2020-05-31,0.0018417935624216125
2020-06-01,0.0007029887079205514
2020-06-02,-0.009142332853719334
2020-06-03,-0.015469270846908745
2020-06-04,0.009588343777639808
2020-06-05,-0.016469480650696332
2020-06-07,0.003383550226047642
2020-06-08,0.009583644360909024
2020-06-09,0.009587557918652283
2020-06-10,0.009591404314186725
2020-06-11,-0.005456719341966886
2020-06-12,0.0013569353993346327
2020-06-14,0.0009651739798341582
2020-06-15,-0.0053675688029974754
2020-06-16,0.0009436873291850522
2020-06-17,0.00023748772738733226
2020-06-18,-0.0028811170189671025
2020-06-19,0.009593773829517363
2020-06-21,-0.0010587494529128007
2020-06-22,0.0032263874237784393
2020-06-23,0.00711364861185019
2020-06-24,-0.004088337494239274
2020-06-25,0.0017781788565283136
2020-06-26,0.002508823356182625
2020-06-28,-0.002484621824782784
2020-06-29,0.0006210450720637861
2020-06-30,0.005132520552642715
2020-07-01,-0.008638058613154106
2020-07-02,0.003795017046470058
2020-07-03,-0.0007659909049845066
2020-07-05,0.0006710395135133262
2020-07-06,0.005516390603040091
2020-07-07,0.004416760280853756
2020-07-08,0.009609872456159366
2020-07-09,-0.0033094992634194664
2020-07-10,-0.003525991435610785
2020-07-12,2.223225143787596e-05
2020-07-13,0.0008889343233099592
2020-07-14,0.003475168057085416
2020-07-15,0.0016913758624082266
2020-07-16,-0.008560548228098987
2020-07-17,0.00578372859186237
2020-07-19,-0.00042015924035206326
2020-07-20,0.004588657281480401
2020-07-21,0.009614933537528571
2020-07-22,0.009620202616478495
2020-07-23,0.009625653435298271
2020-07-24,0.009628768923504121
2020-07-26,0.005702980250138289
2020-07-27,0.009634181075141855
2020-07-28,-0.004889394436767882
2020-07-29,0.009642119104807003
2020-07-30,-0.005239529332312095
2020-07-31,0.009642268528573767
2020-08-02,0.0011405337718265961
2020-08-03,-0.003727372497571746
2020-08-04,0.009645590795081599
2020-08-05,0.009655305706906401
2020-08-06,0.009656240608002365
2020-08-07,-0.017199983761746203
2020-08-09,-0.0036253975496974007
2020-08-10,0.009654666321333005
2020-08-11,-0.050345152675820834
2020-08-12,0.009633311070076924
2020-08-13,0.009635746392068038
2020-08-14,-0.00713090527294607
2020-08-16,-0.008714960296974794
2020-08-17,0.009637758969993462
2020-08-18,0.009647124950534524
2020-08-19,-0.03904286701028099
2020-08-20,0.009636848090443484
2020-08-21,-0.006989267962910385
2020-08-23,-0.0028574109166189902
2020-08-24,0.00963824756786086
2020-08-25,-0.00036277606610816423
2020-08-26,0.009637203251695465
2020-08-27,0.009641631742826723
2020-08-28,0.00963688388272799
2020-08-30,0.003514336682307409
2020-08-31,-0.002999024316070843
2020-09-01,0.009644265199277571
2020-09-02,-0.014489608851538854
2020-09-03,-0.008953159189844533
2020-09-04,0.009636900269471883
2020-09-06,0.0019313002257242285
2020-09-07,-0.0022991239339989833
2020-09-08,-0.0005490896507997684
2020-09-09,0.009637327873218079
2020-09-10,-0.0021209528573292342
2020-09-11,-0.002896302096140683
2020-09-13,0.0007662783914646267
2020-09-14,0.009639679520670805
2020-09-15,-0.002024936921911892
2020-09-16,0.00964173023822382
2020-09-17,-0.006817446539686664
2020-09-18,0.0010272118696386195
2020-09-20,-0.0009950820378459495
2020-09-21,-0.016394132604613972
2020-09-22,-0.007072005925941367
2020-09-23,-0.026274218180519542
2020-09-24,0.009622580064247696
2020-09-25,-0.003987160988250454
2020-09-27,0.0012369262275686117
2020-09-28,0.00962414856226085
2020-09-29,0.007182137302066139
2020-09-30,-0.005172310161454057
2020-10-01,0.009629142020063456
2020-10-02,-0.0025732174150647066
2020-10-04,-0.0008472404019690911
2020-10-05,0.004813743342345912
2020-10-06,-0.017503823079637677
2020-10-07,0.0032461643613385088
2020-10-08,0.004070258599216322
2020-10-09,0.009630653247771492
2020-10-11,-0.0002540455457001825
2020-10-12,-0.0024276852542096713
2020-10-13,-0.016815628092540422
2020-10-14,0.009630280062852412
2020-10-15,0.0039000002634067797
2020-10-16,-0.004212352947965075
2020-10-18,0.00016845048713786266
2020-10-19,0.0012521715706545317
2020-10-20,0.0037063993588818036
2020-10-21,0.009633620644534598
2020-10-22,-0.008858871207003068
2020-10-23,-0.002288812431821136
2020-10-25,-0.0029333294103183203
2020-10-26,0.0016029245603545812
2020-10-27,0.0012180965939559136
2020-10-28,-0.013830823052071534
2020-10-29,-0.006304885088813678
2020-10-30,0.009625336862303265
2020-11-01,-0.0003212696491287998
2020-11-02,0.00962706943168047
2020-11-03,0.009630553831473484
2020-11-04,-0.005366486129568849
2020-11-05,0.009632483810911937
2020-11-06,0.00181391400506047
2020-11-08,0.0015792801715669236
2020-11-09,-0.05035742277753243
2020-11-10,0.009625814121561275
2020-11-11,0.0
2020-11-12,0.0
2020-11-13,0.0
2020-11-15,0.0
2020-11-16,-0.000701977120941587
2020-11-17,0.0
2020-11-18,-0.006358515071593166
2020-11-19,-0.00477759340756239
2020-11-20,0.0035334816576177586
2020-11-22,0.0007246210178599368
2020-11-23,-0.019868501323213536
2020-11-24,0.0
2020-11-25,0.0
2020-11-26,0.0
2020-11-27,0.0
2020-11-29,0.0
2020-11-30,0.0
2020-12-01,0.0
2020-12-02,0.0
2020-12-03,0.0
2020-12-04,0.0
2020-12-06,0.0
2020-12-07,0.0
2020-12-08,0.0
2020-12-09,0.0
2020-12-10,0.0
2020-12-11,0.0
2020-12-13,0.0
2020-12-14,0.0
2020-12-15,0.0
2020-12-16,0.0
2020-12-17,0.009624529589213917
2020-12-18,-0.0018088232561473748
2020-12-20,-0.0008190812488255631
2020-12-21,0.009628243903863836
2020-12-22,-0.008254588321700066
2020-12-23,0.004099914976249715
2020-12-24,0.0031492185964642344
2020-12-27,0.0023776887081295005
2020-12-28,-0.006452559414603529
2020-12-29,0.0007209828386900192
2020-12-30,0.008325180263574008
2020-12-31,0.0010485056551762647
2021-01-03,0.003851447613068378
2021-01-04,0.00963408737470756
2021-01-05,0.004063830466676033
2021-01-06,-0.006358947115808687
2021-01-07,-0.006363833873453431
2021-01-08,-0.0063652691642380735
2021-01-10,0.0
2021-01-11,0.0
2021-01-12,0.0
2021-01-13,0.0
2021-01-14,0.0
2021-01-15,0.0
2021-01-17,0.0
2021-01-18,0.0
2021-01-19,0.0
2021-01-20,0.0
2021-01-21,0.0
2021-01-22,0.0
2021-01-24,0.0
2021-01-25,0.0
2021-01-26,0.0
2021-01-27,0.0
2021-01-28,0.0
2021-01-29,0.0
2021-01-31,0.0
2021-02-01,0.0
2021-02-02,0.0
2021-02-03,0.0
2021-02-04,0.0
2021-02-05,0.0
2021-02-07,0.0
2021-02-08,0.0
2021-02-09,0.0
2021-02-10,0.0
2021-02-11,0.0
2021-02-12,0.0
2021-02-14,0.0
2021-02-15,0.0
2021-02-16,0.0
2021-02-17,0.0
2021-02-18,0.0
2021-02-19,0.0
2021-02-21,0.0
2021-02-22,0.0
2021-02-23,0.0
2021-02-24,0.0
2021-02-25,0.0
2021-02-26,0.0
2021-02-28,0.0
2021-03-01,0.0
2021-03-02,0.0
2021-03-03,0.0
2021-03-04,0.0
2021-03-05,0.0
2021-03-07,0.0
2021-03-08,0.0
2021-03-09,0.0
2021-03-10,0.0
2021-03-11,0.0
2021-03-12,0.0
2021-03-14,0.0
2021-03-15,0.0
2021-03-16,0.0
2021-03-17,0.0
2021-03-18,0.0
2021-03-19,0.0
2021-03-21,0.0
2021-03-22,0.0
2021-03-23,0.0
2021-03-24,0.0
2021-03-25,0.0
2021-03-26,0.0
2021-03-28,0.0
2021-03-29,0.0
2021-03-30,0.0
2021-03-31,0.0
2021-04-01,0.0
2021-04-04,0.0
2021-04-05,0.0
2021-04-06,0.0
2021-04-07,0.0
2021-04-08,0.0
2021-04-09,-0.006399061635069515
2021-04-11,-0.0013766377687454002
2021-04-12,-0.006401925106424085
2021-04-13,0.00807222271943833
2021-04-14,-0.006400791276491611
2021-04-15,0.009596903760196843
2021-04-16,0.009603141981625544
2021-04-18,-0.0005756900120315795
2021-04-19,-0.003022499894465699
2021-04-20,0.00232503281569371
2021-04-21,0.009606043960991573
2021-04-22,-0.006390285677965251
2021-04-23,-0.006392575389897458
2021-04-25,-0.0009876949205227053
2021-04-26,0.002516891968032551
2021-04-27,-0.0029719518532563202
2021-04-28,-0.0063942828979793535
2021-04-29,-0.006392428374814002
2021-04-30,-0.003011728822583157
2021-05-02,0.0
2021-05-03,0.0
2021-05-04,-0.006390523010731523
2021-05-05,0.003317256819774076
2021-05-06,0.009607882239194052
2021-05-07,0.00961424600524181
2021-05-09,0.0011044872179466405
2021-05-10,-0.0004302422154750599
2021-05-11,-0.006381260501684396
2021-05-12,-0.00638137827930839
2021-05-13,0.0037138967965852205
2021-05-14,0.009616461053263699
2021-05-16,0.0009633900922079195
2021-05-17,0.009621008064407043
2021-05-18,0.00024078656946028545
2021-05-19,-0.006374322543040423
2021-05-20,0.0039623435335228024
2021-05-21,0.0033459129699752606
2021-05-23,0.00032516472090288363
2021-05-24,-0.003582360577574022
2021-05-25,0.009627135580960072
2021-05-26,-0.0014629995969770637
2021-05-27,0.0006239369206628662
2021-05-28,-0.0063688193775593566
2021-05-30,-0.00015236389963312776
2021-05-31,0.001838430337672403
2021-06-01,-0.0063668805405512905
2021-06-02,0.004309552587021857
2021-06-03,-0.006366936312436857
2021-06-04,-0.006374157877519989
2021-06-06,-0.0015332574106559373
2021-06-07,0.004636888245699926
2021-06-08,-0.0063686892255314705
2021-06-09,-0.0028400522903435236
2021-06-10,-0.006370645314672583
2021-06-11,-0.006368777408063758
2021-06-13,-0.002064197941343518
2021-06-14,-0.0063736154877497226
2021-06-15,-0.006374985670190515
2021-06-16,-0.006376780016449107
2021-06-17,0.0
2021-06-18,0.0
2021-06-20,0.0
2021-06-21,0.0
2021-06-22,0.0
2021-06-23,0.0
2021-06-24,0.0
2021-06-25,0.0
2021-06-27,0.0
2021-06-28,0.0
2021-06-29,0.0
2021-06-30,0.0
2021-07-01,0.0
2021-07-02,0.0
2021-07-04,0.0
2021-07-05,0.0
2021-07-06,0.0
2021-07-07,0.0
2021-07-08,0.0
2021-07-09,0.0
2021-07-11,0.0
2021-07-12,0.0
2021-07-13,0.0
2021-07-14,0.0
2021-07-15,0.0
2021-07-16,-0.006382641626598604
2021-07-18,0.002207200764706373
2021-07-19,-0.006385550025666649
2021-07-20,0.0
2021-07-21,0.0
2021-07-22,0.0
2021-07-23,0.0
2021-07-25,0.0
2021-07-26,0.0
2021-07-27,0.0
2021-07-28,0.0
2021-07-29,0.0
2021-07-30,0.0
2021-08-01,0.0
2021-08-02,0.0
2021-08-03,0.0
2021-08-04,0.0
2021-08-05,0.0
2021-08-06,0.0
2021-08-08,0.0
2021-08-09,0.0
2021-08-10,0.0
2021-08-11,0.0
2021-08-12,0.0
2021-08-13,0.0
2021-08-15,0.0
2021-08-16,0.0
2021-08-17,0.0
2021-08-18,0.0
2021-08-19,0.0
2021-08-20,0.0
2021-08-22,0.0
2021-08-23,0.0
2021-08-24,-0.0020280738617849984
2021-08-25,-0.00638852885215252
2021-08-26,-0.0063907263882647825
2021-08-27,0.009609681678681033
2021-08-29,-0.00036516983697155916
2021-08-30,-0.004806454948008876
2021-08-31,0.001878091946962759
2021-09-01,-0.0011298451065030078
2021-09-02,-0.002388243444189072
2021-09-03,0.009613137411380849
2021-09-05,-0.0017399173320684271
2021-09-06,-0.0025773506148978474
2021-09-07,-0.006383892317108207
2021-09-08,-0.006389844440929625
2021-09-09,0.001846248697406253
2021-09-10,0.0
2021-09-12,0.0
2021-09-13,0.0
2021-09-14,0.0
2021-09-15,0.0
2021-09-16,0.0
2021-09-17,0.0
2021-09-19,0.0
2021-09-20,0.0
2021-09-21,0.0
2021-09-22,0.0
2021-09-23,0.0
2021-09-24,0.0
2021-09-26,0.0
2021-09-27,0.0
2021-09-28,0.0
2021-09-29,0.0
2021-09-30,0.0
2021-10-01,0.0
2021-10-03,0.0
2021-10-04,0.0
2021-10-05,0.0
2021-10-06,0.0
2021-10-07,0.0
2021-10-08,0.0
2021-10-10,0.0
2021-10-11,0.0
2021-10-12,0.0
2021-10-13,0.0
2021-10-14,0.0
2021-10-15,-0.006389907413699572
2021-10-17,0.0
2021-10-18,0.0
2021-10-19,0.0
2021-10-20,0.0
2021-10-21,0.0
2021-10-22,0.0
2021-10-24,0.0006332034011112225
2021-10-25,0.007077661451489091
2021-10-26,-0.006387219970814669
2021-10-27,0.0013047274625057924
2021-10-28,0.0012780491714946577
2021-10-29,-0.0063890004023375805
2021-10-31,-0.002114380705182384
2021-11-01,0.0063653544935020415
2021-11-02,-0.0031968670814205027
2021-11-03,-0.006391714675030696
2021-11-04,0.0
2021-11-05,0.0
2021-11-07,-0.0018532949329157127
2021-11-08,0.004458303707689526
2021-11-09,0.002515726028118139
2021-11-10,0.009617447247341739
2021-11-11,0.007062156062071738
2021-11-12,-0.006375897858885826
2021-11-14,-0.002474638433178306
2021-11-15,-0.0020852899678790587
2021-11-16,-0.006375901290469177
2021-11-17,0.008361222089624433
2021-11-18,-0.006375058803862426
2021-11-19,-0.0063764525691274564
2021-11-21,-0.0012759039367811133
2021-11-22,-0.006379426826994399
2021-11-23,-0.006386973798556959
2021-11-24,0.0
2021-11-25,0.0
2021-11-26,0.0
2021-11-28,0.0
2021-11-29,0.0
2021-11-30,0.0
2021-12-01,0.0
2021-12-02,0.0
2021-12-03,0.0
2021-12-05,0.0
2021-12-06,0.0
2021-12-07,0.0
2021-12-08,0.0
2021-12-09,0.0
2021-12-10,0.0
2021-12-12,0.0
2021-12-13,0.0
2021-12-14,0.0
2021-12-15,0.0
2021-12-16,0.0
2021-12-17,0.0
2021-12-19,0.0
2021-12-20,0.0
2021-12-21,0.0
2021-12-22,0.0
2021-12-23,0.0
2021-12-26,0.0
2021-12-27,0.0
2021-12-28,-0.0036065385617105377
2021-12-29,-0.006387506995885247
2021-12-30,0.005765079787307772
2021-12-31,0.007016894522966866
2022-01-02,-0.0005195219960144459
2022-01-03,-0.006382870588647088
2022-01-04,0.005024323401462577
2022-01-05,-0.0023910928071495404
2022-01-06,-0.006386691621165999
2022-01-07,0.0
2022-01-09,0.0
2022-01-10,0.0
2022-01-11,0.0
2022-01-12,0.0
2022-01-13,-0.006383526338397343
2022-01-14,-0.0022024157370019973
2022-01-16,-0.0008123083425608115
2022-01-17,0.0010846416938469835
2022-01-18,-0.006384839945066855
2022-01-19,0.00961414819355206
2022-01-20,-0.0001718863548343502
2022-01-21,-0.002838733815954327
2022-01-23,-0.0003412329301769456
2022-01-24,0.004496922469786157
2022-01-25,0.0027989659014351206
2022-01-26,-0.006378510345498784
2022-01-27,-0.006384225248209536
2022-01-28,-0.006389503872224943
2022-01-30,0.0
2022-01-31,0.0
2022-02-01,0.0
2022-02-02,0.0
2022-02-03,0.0
2022-02-04,0.0
2022-02-06,0.0
2022-02-07,0.0
2022-02-08,0.0
2022-02-09,0.0
2022-02-10,-0.003552488979644372
2022-02-11,0.00961679699218489
2022-02-13,-0.00028452593085425597
2022-02-14,0.005818993798092737
2022-02-15,-0.0063741458784090385
2022-02-16,0.009622203224441479
2022-02-17,0.00962563001120977
2022-02-18,-0.00636843986245612
2022-02-20,0.0017045293131694116
2022-02-21,-0.006367500753376592
2022-02-22,-0.0063666038552061335
2022-02-23,0.006203415118315399
2022-02-24,0.009633631191174932
2022-02-25,-0.006367184606782021
2022-02-27,-0.006364734166108255
2022-02-28,-0.006366484855275086
2022-03-01,0.00963277301490207
2022-03-02,-0.006360418249932511
2022-03-03,0.0028200810092769333
2022-03-04,0.009638206808224286
2022-03-06,0.006804857197265886
2022-03-07,-0.00635200502059732
2022-03-08,-0.006350231503023507
2022-03-09,-0.006342511332232041
2022-03-10,-0.006351806880136421
2022-03-11,-0.006350847647917361
2022-03-13,-0.006352690677176125
2022-03-14,-0.006354583344308573
2022-03-15,-0.006358595902375862
2022-03-16,-0.006364996045007089
2022-03-17,0.00963671993390383
2022-03-18,-0.00636012583825715
2022-03-20,-0.0016238514633919578
2022-03-21,0.009635212993921635
2022-03-22,-0.006361665895112762
2022-03-23,0.009635326067986701
2022-03-24,0.00964027279655527
2022-03-25,-0.006357296895855641
2022-03-27,-0.0003091517081525976
2022-03-28,-0.006357678827917096
2022-03-29,-0.006363837088305287
2022-03-30,0.00963471234640962
2022-03-31,-0.0063619557607328
2022-04-01,-0.006361444227864764
2022-04-03,4.6782701628227076e-05
2022-04-04,0.0031955057160583445
2022-04-05,-0.006362426142729692
2022-04-06,0.0012882343690931945
2022-04-07,0.00440302379088384
2022-04-08,0.007015445361786926
2022-04-10,-0.0011612742775691887
2022-04-11,0.009640024725158885
2022-04-12,0.009641510612822252
2022-04-13,0.00539742551451045
2022-04-14,-0.006354056066295538
2022-04-17,0.006020147535153862
2022-04-18,-0.00516455604449368
2022-04-19,-0.0063540596479230655
2022-04-20,0.003267350296882597
2022-04-21,-0.006357752862278392
2022-04-22,-0.006358818319007905
2022-04-24,0.0006656227353935319
2022-04-25,-0.006362212351648121
2022-04-26,0.0034250398052281363
2022-04-27,-0.00636717305075697
2022-04-28,-0.006371255687504531
2022-04-29,0.009630688323103374
2022-05-01,0.0004130542008350485
2022-05-02,-0.006368980738151287
2022-05-03,-0.00637571829286489
2022-05-04,0.009625323426171102
2022-05-05,-0.006369624472097113
2022-05-06,0.0
2022-05-08,0.0
2022-05-09,0.0
2022-05-10,0.0
2022-05-11,0.0
2022-05-12,0.0
2022-05-13,0.0
2022-05-15,0.0
2022-05-16,0.0
2022-05-17,0.0
2022-05-18,0.0
2022-05-19,0.0
2022-05-20,0.0
2022-05-22,0.0
2022-05-23,0.0
2022-05-24,0.0
2022-05-25,0.0
2022-05-26,0.0
2022-05-27,0.0
2022-05-29,0.0
2022-05-30,0.0
2022-05-31,0.0
2022-06-01,0.0
2022-06-02,0.0
2022-06-03,0.0
2022-06-05,0.0
2022-06-06,0.0
2022-06-07,0.0
2022-06-08,0.0
2022-06-09,0.0
2022-06-10,0.0
2022-06-12,0.0
2022-06-13,-0.006372959776820855
2022-06-14,0.0
2022-06-15,0.0
2022-06-16,0.0
2022-06-17,0.0
2022-06-19,0.0
2022-06-20,0.0
2022-06-21,0.0
2022-06-22,0.0
2022-06-23,0.0
2022-06-24,0.0
2022-06-26,0.0
2022-06-27,0.0
2022-06-28,0.0
2022-06-29,0.0
2022-06-30,0.0
2022-07-01,0.0
2022-07-03,0.0
2022-07-04,0.0
2022-07-05,0.0
2022-07-06,0.0
2022-07-07,0.0
2022-07-08,0.0
2022-07-10,0.0
2022-07-11,0.0
2022-07-12,0.0
2022-07-13,0.0
2022-07-14,0.0
2022-07-15,0.0
2022-07-17,0.0
2022-07-18,0.0
2022-07-19,0.0
2022-07-20,0.0
2022-07-21,0.0
2022-07-22,0.0
2022-07-24,0.0
2022-07-25,0.0
2022-07-26,0.0
2022-07-27,0.0
2022-07-28,0.0
2022-07-29,0.0
2022-07-31,0.0
2022-08-01,0.0
2022-08-02,-0.006394998640076079
2022-08-03,0.003584729292310605
2022-08-04,0.009603087975550244
2022-08-05,-0.0063903496640761795
2022-08-07,-5.637779436506996e-06
2022-08-08,0.007836891663116224
2022-08-09,0.002361037515008003
2022-08-10,-0.0017614387610173738
2022-08-11,-0.0019089636448479342
2022-08-12,0.006855939186522435
2022-08-14,-0.002215492579514652
2022-08-15,-0.006389101814048296
2022-08-16,-0.002072563332384885
2022-08-17,-0.006394255583503924
2022-08-18,-0.004072266150668793
2022-08-19,0.0
2022-08-21,0.0
2022-08-22,0.0
2022-08-23,0.0
2022-08-24,0.0
2022-08-25,0.0
2022-08-26,0.0
2022-08-28,0.0
2022-08-29,0.0
2022-08-30,0.0
2022-08-31,0.0
2022-09-01,0.0
2022-09-02,0.0
2022-09-04,0.0
2022-09-05,0.0
2022-09-06,0.0
2022-09-07,0.0
2022-09-08,0.0
2022-09-09,0.0
2022-09-11,0.0
2022-09-12,0.0
2022-09-13,0.0
2022-09-14,0.0
2022-09-15,0.0
2022-09-16,0.0
2022-09-18,0.0
2022-09-19,0.0
2022-09-20,0.0
2022-09-21,0.0
2022-09-22,0.0
2022-09-23,0.0
2022-09-25,0.0
2022-09-26,0.0
2022-09-27,0.0
2022-09-28,0.0
2022-09-29,0.0
2022-09-30,0.0
2022-10-02,0.0
2022-10-03,0.0
2022-10-04,0.0
2022-10-05,0.0
2022-10-06,-0.006407387921762946
2022-10-07,-0.00640892030435359
2022-10-09,0.00023828285354336157
2022-10-10,-0.0064125940198622566
2022-10-11,0.0
2022-10-12,0.0
2022-10-13,0.0
2022-10-14,0.0
2022-10-16,0.0
2022-10-17,0.0
2022-10-18,0.0
2022-10-19,0.0
2022-10-20,0.0
2022-10-21,0.0
2022-10-23,0.0
2022-10-24,0.0
2022-10-25,0.0
2022-10-26,0.0
2022-10-27,0.0
2022-10-28,0.0
2022-10-30,0.0
2022-10-31,0.0
2022-11-01,0.0
2022-11-02,0.0
2022-11-03,0.0
2022-11-04,0.0
2022-11-06,0.0
2022-11-07,0.0
2022-11-08,0.0
2022-11-09,-0.003330707722800973
2022-11-10,0.009589769555978291
2022-11-11,0.009600444533995582
2022-11-13,-0.0018511628802485962
2022-11-14,0.003005731305769076
2022-11-15,0.0059624798942917315
2022-11-16,-0.004239613116348672
2022-11-17,-0.006394667033519012
2022-11-18,-0.006397750550174195
2022-11-20,0.0009372408657590584
2022-11-21,-0.006399509858476481
2022-11-22,0.0011568860608173522
2022-11-23,-0.006402080017369876
2022-11-24,0.0013754946215878046
2022-11-25,-0.0008261322141995605
2022-11-27,-0.003286275613158052
2022-11-28,-0.006399840749141571
2022-11-29,0.009597959472017439
2022-11-30,0.009599713394790687
2022-12-01,0.009605228355657726
2022-12-02,-0.0063884145915155165
2022-12-04,0.0011977034829173366
2022-12-05,-0.006389155460379242
2022-12-06,0.0005432027027867589
2022-12-07,0.00960470022724096
2022-12-08,0.0008226500748779863
2022-12-09,0.003163713215545514
2022-12-11,-0.0008570535956433064
2022-12-12,-0.006390026900712486
2022-12-13,0.009607157588733341
2022-12-14,-0.006386826886679131
2022-12-15,-0.006387257030789757
2022-12-16,0.008693155751201146
2022-12-18,-0.0011114477443804898
2022-12-19,-0.0025126680346747934
2022-12-20,0.009608305052025465
2022-12-21,-0.0016454473663211392
2022-12-22,-0.006385712121003415
2022-12-23,0.002265484949273404
2022-12-26,0.0005210975046762224
2022-12-27,0.009611479126716043
2022-12-28,-0.006386246320314115
2022-12-29,0.0047295856628204215
2022-12-30,0.0043297032076059045
2023-01-02,0.0009623190246311432
2023-01-03,0.009617336828323657
2023-01-04,0.009618808635400251
2023-01-05,-0.006377436826511178
2023-01-06,0.009618052997874778
2023-01-08,0.0007218063149485134
2023-01-09,6.418502402923435e-05
2023-01-10,0.003239940012991834
2023-01-11,-0.0005220749816874064
2023-01-12,0.009627039627039603
2023-01-13,0.00963118392594173
2023-01-15,-0.0021829501800985775
2023-01-16,0.00014607184126165285
2023-01-17,-0.006364991096824296
2023-01-18,-0.00636676904762656
2023-01-19,0.009632897617767772
2023-01-20,-0.003606919777486159
2023-01-22,0.0001749624116362125
2023-01-23,-0.006363225965467576
2023-01-24,-0.006362462362167261
2023-01-25,-0.006361401307756404
2023-01-26,-0.006359306948226488
2023-01-27,-0.006362573129705323
2023-01-29,0.0005536793993902017
2023-01-30,-0.003940100109648886
2023-01-31,-0.006364201111853927
2023-02-01,0.009636778369425447
2023-02-02,-0.006358425691953638
2023-02-03,-0.006365528567362964
2023-02-05,0.00011638459046564375
2023-02-06,0.0012544192816037073
2023-02-07,0.00198023511277979
2023-02-08,0.0006941274150962034
2023-02-09,-0.006373362206677275
2023-02-10,0.0009090884683228737
2023-02-12,-0.0010832027391777424
2023-02-13,-0.006375825810106013
2023-02-14,-0.006377489747108889
2023-02-15,-0.006377396128454835
2023-02-16,-0.001535634061670351
2023-02-17,-0.006381626327855128
2023-02-19,-0.0013649154779349884
2023-02-20,0.001299912704607031
2023-02-21,-0.006380092905565866
2023-02-22,-0.0063813830584196676
2023-02-23,-0.0014355889065141613
2023-02-24,-0.0063839582253450555
2023-02-26,9.222657030920854e-05
2023-02-27,0.0026440496463100657
2023-02-28,-0.0063852281513726745
2023-03-01,0.0
2023-03-02,0.0
2023-03-03,0.0
2023-03-05,0.0
2023-03-06,0.0
2023-03-07,0.0
2023-03-08,0.0
2023-03-09,0.0
2023-03-10,0.0
2023-03-12,0.0
2023-03-13,0.0
2023-03-14,0.0
2023-03-15,-0.006367852816832929
2023-03-16,-0.0063643698353829095
2023-03-17,0.00963566240478432
2023-03-19,-0.00400826954440895
2023-03-20,0.0096459147413281
2023-03-21,-0.006354153333215243
2023-03-22,0.009639738862140975
2023-03-23,0.009644591572250782
2023-03-24,-0.006351545923197256
2023-03-26,-0.0024411581383555485
2023-03-27,-0.006354314666855591
2023-03-28,0.006705805143500617
2023-03-29,-0.0063549938763556866
2023-03-30,0.009643438374690219
2023-03-31,-0.005214912313956202
2023-04-02,-0.006354915940694516
2023-04-03,0.009642312399240686
2023-04-04,0.009647324071391688
2023-04-05,-0.0011227979928130722
2023-04-06,-0.0063465046344994705
2023-04-09,0.005677402912998856
2023-04-10,-0.006349054933766853
2023-04-11,0.005852664443055683
2023-04-12,0.009650809772138412
2023-04-13,0.009653131356677612
2023-04-14,-0.006343196977905434
2023-04-16,0.0017848404151518053
2023-04-17,-0.0063495082419037
2023-04-18,0.005533446178922926
2023-04-19,-0.00634902186621987
2023-04-20,0.005437249674592627
2023-04-21,-0.006349091489398865
2023-04-23,0.0015938423262322975
2023-04-24,0.004882731306168352
2023-04-25,-0.006350885107684147
2023-04-26,-0.006349979876157159
2023-04-27,-0.006351492966374673
2023-04-28,0.0010383609701099617
2023-04-30,-0.0021854925497311914
2023-05-01,-0.00306534623563899
2023-05-02,0.009646702854388647
2023-05-03,0.009652742466371843
2023-05-04,-0.006341161528286671
2023-05-05,-0.006341501063044008
2023-05-07,-0.0006610109649470984
2023-05-08,0.0022425995702304224
2023-05-09,0.007065025944675117
2023-05-10,-0.006343770196499076
2023-05-11,-0.006344586884629336
2023-05-12,-0.006347175036726133
2023-05-14,0.0006505610466360904
2023-05-15,0.002060707517875119
2023-05-16,-0.006347505777283503
2023-05-17,-0.006351825092668241
2023-05-18,-0.006353062107659694
2023-05-19,0.009642551670432592
2023-05-21,0.0017794278509550173
2023-05-22,-0.006353407734075808
2023-05-23,-0.006355384970769591
2023-05-24,-0.0063544420449280535
2023-05-25,-0.006357192973503969
2023-05-26,0.002377252992179802
2023-05-28,0.000430981659850961
2023-05-29,-0.0015265447454601386
2023-05-30,0.009639425058104096
2023-05-31,0.003646336506665578
2023-06-01,-0.006356012155272185
2023-06-02,-0.006354081676526157
2023-06-04,0.0007755342069649322
2023-06-05,0.005771465362230015
2023-06-06,0.0007036454442782432
2023-06-07,-0.006356536199884353
2023-06-08,0.009639994548488896
2023-06-09,-0.002608861580734983
2023-06-11,-6.0735233172306516e-05
2023-06-12,-0.0003673703680081545
2023-06-13,-0.00635717474774529
2023-06-14,0.00032924435847504204
2023-06-15,0.0
2023-06-16,0.0
2023-06-18,0.0
2023-06-19,0.0
2023-06-20,0.0
2023-06-21,0.0
2023-06-22,0.0
2023-06-23,0.0
2023-06-25,0.0
2023-06-26,0.0
2023-06-27,0.0
2023-06-28,0.0
2023-06-29,0.0
2023-06-30,0.0
2023-07-02,0.0
2023-07-03,0.0
2023-07-04,0.0
2023-07-05,0.0
2023-07-06,0.0
2023-07-07,0.0
2023-07-09,0.0
2023-07-10,0.0
2023-07-11,0.0
2023-07-12,0.0
2023-07-13,0.0
2023-07-14,-0.002998075435578079
2023-07-16,-0.0007589373444254705
2023-07-17,0.0007167522929673335
2023-07-18,0.009642006909266709
2023-07-19,-0.0001820613900893273
2023-07-20,-0.006353958136865504
2023-07-21,-0.006354941675476843
2023-07-23,-0.0005964828921569266
2023-07-24,-0.003764862102937843
2023-07-25,0.00520373625192832
2023-07-26,0.0030276277391762772
2023-07-27,-0.006354986675321557
2023-07-28,0.005345712517748381
2023-07-30,-0.0007316420641598254
2023-07-31,0.002681492339870239
2023-08-01,-0.006356455770458808
2023-08-02,0.0
2023-08-03,0.0
2023-08-04,0.0
2023-08-06,0.0
2023-08-07,0.0
2023-08-08,0.0
2023-08-09,0.0
2023-08-10,0.0
2023-08-11,0.0
2023-08-13,0.0
2023-08-14,0.0
2023-08-15,0.0
2023-08-16,0.0
2023-08-17,0.0
2023-08-18,0.0
2023-08-20,0.0
2023-08-21,0.0
2023-08-22,0.0
2023-08-23,0.0
2023-08-24,0.0
2023-08-25,0.0
2023-08-27,0.0
2023-08-28,0.0
2023-08-29,0.0
2023-08-30,0.0
2023-08-31,0.0
2023-09-01,-0.0006583101996839895
2023-09-03,-0.00011340510158003298
2023-09-04,-0.0018604171766493705
2023-09-05,-0.006361287525515931
2023-09-06,-0.00528409813473413
2023-09-07,0.0
2023-09-08,0.0
2023-09-10,0.0
2023-09-11,0.0
2023-09-12,0.0
2023-09-13,0.0
2023-09-14,0.0
2023-09-15,0.0
2023-09-17,0.0
2023-09-18,0.0
2023-09-19,0.0
2023-09-20,0.0
2023-09-21,0.0
2023-09-22,0.0
2023-09-24,0.0
2023-09-25,0.0
2023-09-26,0.0
2023-09-27,0.0
2023-09-28,0.0
2023-09-29,0.0
2023-10-01,0.0
2023-10-02,0.0
2023-10-03,0.0
2023-10-04,0.0
2023-10-05,0.0
2023-10-06,0.0
2023-10-08,0.0
2023-10-09,0.0
2023-10-10,0.0
2023-10-11,0.0
2023-10-12,0.0
2023-10-13,0.0
2023-10-15,0.0
2023-10-16,0.0
2023-10-17,0.00234089055958902
2023-10-18,0.009636281445417571
2023-10-19,0.009641168253642775
2023-10-20,0.009645934979499601
2023-10-22,0.001845851333476303
2023-10-23,0.0006644872162297152
2023-10-24,-0.006354706062686681
2023-10-25,0.0047902795343544614
2023-10-26,0.0003883250330958973
2023-10-27,0.009647238761404935
2023-10-29,-0.001067792339338445
2023-10-30,-0.003984571021982536
2023-10-31,-0.006350817756189633
2023-11-01,-0.0063528892809880865
2023-11-02,-0.0004080614812631266
2023-11-03,0.0032560916320510712
2023-11-05,-0.0019998011746761453
2023-11-06,-0.00635204095745088
2023-11-07,-0.006354124667059578
2023-11-08,-0.006355546886983811
2023-11-09,0.003880489136424558
2023-11-10,-0.006357315134082495
2023-11-12,0.0
2023-11-13,0.0
2023-11-14,0.0
2023-11-15,0.0
2023-11-16,0.0
2023-11-17,-0.001415885458044342
2023-11-19,-0.0019633938043118783
2023-11-20,0.00303367173038297
2023-11-21,0.009646674322056395
2023-11-22,-0.006350137428940893
2023-11-23,0.001515845788692051
2023-11-24,0.0028785420736034454
2023-11-26,0.00030135007833608337
2023-11-27,0.006073152520533048
2023-11-28,0.009652625284413007
2023-11-29,-0.00022990023797119486
2023-11-30,-0.006342364417577015
2023-12-01,0.00965687367804459
2023-12-03,0.00966224774128175
2023-12-04,-0.006330490329617002
2023-12-05,-0.006344163841655184
2023-12-06,0.0037001171456098004
2023-12-07,0.00014800087813854367
2023-12-08,-0.006345165099863719
2023-12-10,0.0
2023-12-11,0.0
2023-12-12,0.0
2023-12-13,0.0
2023-12-14,0.0
2023-12-15,0.0
2023-12-17,0.0
2023-12-18,0.0
2023-12-19,0.0
2023-12-20,-0.0063430002229501155
2023-12-21,0.009655521135008716
2023-12-22,-0.0002372490798683009
2023-12-25,0.0005114404354549993
2023-12-26,0.00515046732838057
2023-12-27,0.006132430489844167
2023-12-28,-0.006336618570284762
2023-12-29,-0.0022534107212413743
2024-01-01,0.00015368966710906605
2024-01-02,-0.002359924889454272
2024-01-03,-0.006339892448318199
2024-01-04,0.00026090808741642123
2024-01-05,-0.0063424443087712725
2024-01-07,-0.0004353387449037508
2024-01-08,-0.00634242638444209
2024-01-09,-0.0003447146624381668
2024-01-10,-0.0023041610814931606
2024-01-11,-0.006345383091524031
2024-01-12,0.009656028952534396
2024-01-14,-0.0008264591910755773
2024-01-15,0.002769196957302055
2024-01-16,-0.006340794294129777
2024-01-17,-0.006345158292058139
2024-01-18,0.006703143311412435
2024-01-19,0.0024707524676640495
2024-01-21,-0.0014189184195809936
2024-01-22,-0.003733652937970618
2024-01-23,0.003889750803560247
2024-01-24,-0.0063449541826926525
2024-01-25,0.0017656058979172253
2024-01-26,-0.0016875966594494458
2024-01-28,-0.0015512186205515854
2024-01-29,0.004194168226702737
2024-01-30,0.002259920385811227
2024-01-31,0.0013553562352525389
2024-02-01,0.009656838353706457
2024-02-02,-0.006340678192945528
2024-02-04,-0.0008034101058109629
2024-02-05,-0.00634327944663357
2024-02-06,0.0
2024-02-07,0.0
2024-02-08,-0.0063437447057177266
2024-02-09,0.0
2024-02-11,0.0005683236182941577
2024-02-12,-0.006345615009566177
2024-02-13,-0.006346743214359184
2024-02-14,0.0
2024-02-15,0.0
2024-02-16,0.0
2024-02-18,0.0
2024-02-19,0.0
2024-02-20,0.0
2024-02-21,0.0
2024-02-22,-0.0008604611439837784
2024-02-23,0.004865002358414827
2024-02-25,-0.0005210650372734177
2024-02-26,-0.0017060190022001164
2024-02-27,-0.0009157216107837812
2024-02-28,0.0018437742447939033
2024-02-29,0.004379292972733814
2024-03-01,0.009657561889573596
2024-03-03,0.00043711437265687596
2024-03-04,0.009664018008634655
2024-03-05,0.00966894542565341
2024-03-06,0.009671044129430036
2024-03-07,0.006501475173539487
2024-03-08,0.00967620549849315
2024-03-10,0.0008398290053075359
2024-03-11,0.0005821455501389127
2024-03-12,-0.0063205781397766315
2024-03-13,0.00967546090347051
2024-03-14,-0.006321792476032292
2024-03-15,-0.003085684413592858
2024-03-17,0.00015449604364856643
2024-03-18,0.0022755222989128184
2024-03-19,-0.006323761554240493
2024-03-20,0.009675472940238277
2024-03-21,-0.006317622369689755
2024-03-22,-0.006320845565570426
2024-03-24,0.0009697641395075825
2024-03-25,0.0017432730643558388
2024-03-26,0.009677834310185712
2024-03-27,0.004808740160551488
2024-03-28,0.009680447738368935
2024-03-31,0.0030154996682951584
2024-04-01,-0.006311674202503617
2024-04-02,0.009688731871410793
2024-04-03,-0.006307061448259807
2024-04-04,-0.006304677009725662
2024-04-05,-0.006305853823718995
2024-04-07,-0.006301318267419876
2024-04-08,0.009697126378345392
2024-04-09,0.009700686496898842
2024-04-10,-0.006297275891137614
2024-04-11,0.009700277671328741
2024-04-12,0.009705506812258565
2024-04-14,0.005011270788887232
2024-04-15,-0.006296027522101713
2024-04-16,-0.0062939022833688905
2024-04-17,-0.006293798542339485
2024-04-18,0.009704368795704134
2024-04-19,0.009705843420452782
2024-04-21,-0.0008083312566619345
2024-04-22,-0.006293328248976936
2024-04-23,-0.006299966360915197
2024-04-24,-0.00337032947876116
2024-04-25,0.009697765841927308
2024-04-26,0.0025788070121238417
2024-04-28,-0.0003938246581322865
2024-04-29,-0.0062996863995890325
2024-04-30,-0.006300042220226789
2024-05-01,0.009694481240056984
2024-05-02,-0.006301246558258001
2024-05-03,-0.006303804280602279
2024-05-05,-0.004981222786057001
2024-05-06,0.009694839518282296
2024-05-07,-0.006300949064370781
2024-05-08,-0.003079747313859872
2024-05-09,0.009696811540219072
2024-05-10,0.009701682722528727
2024-05-12,-0.001403786456867609
2024-05-13,-0.006296569328376456
2024-05-14,0.007150570399119039
2024-05-15,0.009702847779530092
2024-05-16,-0.006292672117336501
2024-05-17,0.009705608370815674
2024-05-19,0.000987547877661555
2024-05-20,0.009710765912523183
2024-05-21,-0.006288527130824339
2024-05-22,-0.006289069378302592
2024-05-23,-0.006293856509866325
2024-05-24,0.00034178020745256605
2024-05-26,1.7120612575619162e-05
2024-05-27,0.006217013565754465
2024-05-28,0.002814189124561947
2024-05-29,-0.006296673652624821
2024-05-30,-0.0062993711068391745
2024-05-31,-0.006298652012807841
2024-06-02,-0.0010213003641363887
2024-06-03,0.00969902764431094
2024-06-04,-0.0062978108773296005
2024-06-05,0.009699400260576991
2024-06-06,0.008952688715399747
2024-06-07,-0.006294529121566837
2024-06-09,0.0014003569537333093
2024-06-10,0.004691698048352693
2024-06-11,0.0019408396740012738
2024-06-12,0.009697631373768589
2024-06-13,-0.006301666275218729
2024-06-14,0.009695935746879622
2024-06-16,-0.0013083963007989837
2024-06-17,-0.0063005907036742
2024-06-18,-0.006301653275416003
2024-06-19,0.0001503297590642304
2024-06-20,0.009699478595362876
2024-06-21,-0.006296518701010957
2024-06-23,-0.0018899807342510808
2024-06-24,0.00476930739393583
2024-06-25,-0.00630032413554923
2024-06-26,-0.0063017442975715696
2024-06-27,0.009695425464519687
2024-06-28,-0.0008777213443098684
2024-06-30,-0.0009414030344127006
2024-07-01,0.0028488288315413764
2024-07-02,-0.001139318938551103
2024-07-03,0.009699585642768805
2024-07-04,-0.0011743632682910084
2024-07-05,0.009702968826578352
2024-07-07,-0.0001089919169917331
2024-07-08,-0.006293388490369504
2024-07-09,0.0010894948224649081
2024-07-10,0.0030302415228507045
2024-07-11,0.009704978446568273
2024-07-12,-0.006289750090546879
2024-07-14,-0.0019109164730533232
2024-07-15,0.009709371723944734
2024-07-16,0.009711034558202783
2024-07-17,-0.006283613462401778
2024-07-18,-0.0062844123735635565
2024-07-19,-0.0062867503322208305
2024-07-21,0.003929957881112703
2024-07-22,-0.00629028358632926
2024-07-23,0.005073145888948518
2024-07-24,-0.006290648428339406
2024-07-25,-0.00629183142982806
2024-07-26,0.009703852247655617
2024-07-28,0.00357255789700731
2024-07-29,-0.006292039625605162
2024-07-30,0.009706017609545207
2024-07-31,0.009709509215820152
2024-08-01,-0.006286226572866163
2024-08-02,0.009713783960044233
2024-08-04,-0.0015589357501611626
2024-08-05,-0.006286783578772355
2024-08-06,-0.006291097207754054
2024-08-07,0.00010487742974777737
2024-08-08,0.009706463875138143
2024-08-09,0.0023675131007203816
2024-08-11,-0.0013302895365094741
2024-08-12,0.009711677276256436
2024-08-13,-0.006282777440015923
2024-08-14,-0.006284092638551008
2024-08-15,-0.006285794191437182
2024-08-16,0.009715125802480509
2024-08-18,-0.0010736363861072085
2024-08-19,-0.0062792933877290095
2024-08-20,0.009720404295388832
2024-08-21,-0.006278574256952964
2024-08-22,-0.006278591996051881
2024-08-23,0.009718590136584267
2024-08-25,0.0015171576191375948
2024-08-26,-0.00046108685326111084
2024-08-27,0.003626923436254471
2024-08-28,-0.006277210705877377
2024-08-29,0.00424266395119158
2024-08-30,-0.0062778378657289725
2024-09-01,-9.990269477517979e-05
2024-09-02,-0.0025570593817109597
2024-09-03,-0.0062803190030254925
2024-09-04,-0.006280773249529178
2024-09-05,0.00971952521227934
2024-09-06,-0.006278091734517745
2024-09-08,-0.0004216894971683392
2024-09-09,0.003664727498472994
2024-09-10,0.00446409871283154
2024-09-11,-0.006277943440892114
2024-09-12,0.009721312617571195
2024-09-13,0.009726384436121373
2024-09-15,-0.00015511541556382247
2024-09-16,0.0014850630957944024
2024-09-17,-0.006270946590620953
2024-09-18,0.009728036520810055
2024-09-19,0.009726475420885866
2024-09-20,0.009729429385901394
2024-09-22,-0.0005532419021601234
2024-09-23,0.002041863935530427
2024-09-24,0.009733458734652447
2024-09-25,-0.0009582266599197349
2024-09-26,0.009736464040141739
2024-09-27,-0.006261927524653987
2024-09-29,0.001799517294441051
2024-09-30,-0.006262820180685157
2024-10-01,0.009734405324035036
2024-10-02,-0.006263138604500812
2024-10-03,-0.006263144539656836
2024-10-04,-0.00626358845557881
2024-10-06,-0.00038485120030190583
2024-10-07,-0.0030074053110702255
2024-10-08,-0.00626486107090905
2024-10-09,-0.006266988578610007
2024-10-10,0.009731484411711119
2024-10-11,0.009734150125424126
2024-10-13,-0.003438243751265857
2024-10-14,0.00023414472031985827
2024-10-15,0.0039218572768571335
2024-10-16,0.004895358562554606
2024-10-17,0.007067970314524815
2024-10-18,0.009740131011094586
2024-10-20,0.0009253343078080636
2024-10-21,-0.0010171128315942819
2024-10-22,0.009742772362727805
2024-10-23,-0.006254880506556788
2024-10-24,0.004344830247338966
2024-10-25,-0.006256067145195257
2024-10-27,-0.0002715943060965301
2024-10-28,0.002884093438778698
2024-10-29,0.009744927240495372
2024-10-30,0.003471445174193927
2024-10-31,-0.006251321773010476
2024-11-01,-0.00413246460553171
2024-11-03,0.0015501419896404832
2024-11-04,-0.0011138683918844312
2024-11-05,0.003253048819490481
2024-11-06,-0.0062549640591734994
2024-11-07,-0.006262774106239598
2024-11-08,-0.006258614160603045
2024-11-10,0.0003230376117125193
2024-11-11,-0.006260659580449837
2024-11-12,-0.006266783034885631
2024-11-13,-0.006269354568734495
2024-11-14,-0.006272299585560016
2024-11-15,-0.0018428009015308282
2024-11-17,0.0024556811366094377
2024-11-18,0.009727758342748354
2024-11-19,0.00973205690345815
2024-11-20,-0.006265653136699391
2024-11-21,0.006132225764548697
2024-11-22,0.009737730272820407
2024-11-24,-0.006257981296355939
2024-11-25,-0.0062573808556442186
2024-11-26,0.009731838267828453
2024-11-27,0.0015538657634742627
2024-11-28,-0.006265452663153772
2024-11-29,0.00973470930772387
2024-12-01,-0.003083214760231059
2024-12-02,-0.0062645754622133055
2024-12-03,-9.462009087303198e-05
2024-12-04,0.0026008427290495043
2024-12-05,-0.006264130211666451
2024-12-06,-0.00626579334567377
2024-12-08,-0.002752671432673865
2024-12-09,0.009734840951920959
2024-12-10,0.009736883155447596
2024-12-11,-0.006259659808556506
2024-12-12,-0.006257436702750769
2024-12-13,-0.006261141996333575
2024-12-15,0.0005839723558736968
2024-12-16,-0.00015841375031345177
2024-12-17,-0.006263995036893232
2024-12-18,-0.006264433837709423
2024-12-19,0.009729515430758291
2024-12-20,0.0
2024-12-22,0.0
2024-12-23,0.0
2024-12-24,0.00011470748825777679
2024-12-25,-0.000649051906971772
2024-12-26,0.00515759618741208
2024-12-27,-0.006265922286870923
2024-12-29,0.0011045152307841643
2024-12-30,-0.0062667780528556805
2024-12-31,0.006541712577460155
2025-01-01,-0.0008544442912226972
2025-01-02,0.009733196628367708
2025-01-03,-0.006263328662384448
2025-01-05,0.0003220553344109615
2025-01-06,-0.0062650676774580775
2025-01-07,0.00973429977362339
2025-01-08,0.004646221029528513
2025-01-09,0.0024864083230829075
2025-01-10,0.009737814458783429
2025-01-12,4.832435305674994e-06
2025-01-13,-0.006260143844680735
2025-01-14,0.002639002127320525
2025-01-15,0.006903498657237768
2025-01-16,0.009740223593264355
2025-01-17,-0.004571988557134213
2025-01-19,-0.0020584168331109405
2025-01-20,0.004940313813777609
2025-01-21,0.009741714477161902
2025-01-22,0.0038009400675933632
2025-01-23,-0.006254074446716625
2025-01-24,0.009745858860903043
2025-01-26,-0.0013428124340099672
2025-01-27,-0.006252956154025797
2025-01-28,0.007378862458806321
2025-01-29,-0.006253386785879051
2025-01-30,0.009746380027789561
2025-01-31,0.0005139580564446017
2025-02-02,-0.0007666463730862052
2025-02-03,-0.006250706634557164
2025-02-04,0.009751201784238567
2025-02-05,0.009753616123360872
2025-02-06,-0.0062439887277207584
2025-02-07,0.009755060193957325
2025-02-09,0.002950597694594003
2025-02-10,0.009755859204700922
2025-02-11,-0.006239916234960185
2025-02-12,-0.006241514641825134
2025-02-13,0.008513858897854996
2025-02-14,-0.006238831635638487
2025-02-16,-0.0011694303278047217
2025-02-17,0.006731281878506935
2025-02-18,0.009758548670551816
2025-02-19,0.00020690045395399507
2025-02-20,0.0018329713385289987
2025-02-21,-0.006237993645569727
2025-02-23,0.00038162541761581695
2025-02-24,0.00429424975778863
2025-02-25,-0.00623730864871364
2025-02-26,-0.006239850470363894
2025-02-27,-0.006239810207350122
2025-02-28,-0.006243408413237942
2025-03-02,0.00514954267732098
2025-03-03,0.0067292364544374655
2025-03-04,0.009757836162325898
2025-03-05,-0.006240224163462273
2025-03-06,-0.006239878415911517
2025-03-07,-0.00048212097490839517
2025-03-09,0.0014782344322469133
2025-03-10,-0.006240062443671105
2025-03-11,0.009757321522980856
2025-03-12,0.007573200400116921
2025-03-13,0.009761736599811076
2025-03-14,-0.0010314197928788865
2025-03-16,0.0016519869918590582
2025-03-17,0.0029776766229140514
2025-03-18,0.009766628393723284
2025-03-19,0.005808880891552695
2025-03-20,-0.0062295160980952394
2025-03-21,-0.006229791103473291
2025-03-23,0.001211858331774254
2025-03-24,-0.006231447193008382
2025-03-25,0.0034755276007065053
2025-03-26,-2.317293798090577e-05
2025-03-27,0.009768316868385394
2025-03-28,0.009770881305060031
2025-03-30,0.0005507860364724329
2025-03-31,0.009773378074976219
2025-04-01,-0.006224339919846586
2025-04-02,0.009775280754594431
2025-04-03,-0.006221347023119668
2025-04-04,-0.006224889121631292
2025-04-06,-0.006232808350502971
2025-04-07,-0.0062333684941864665
2025-04-08,0.009765178288384576
2025-04-09,0.009764977244761058
2025-04-10,0.00977320552924924
2025-04-11,0.009780478588038252
2025-04-13,-0.006216774976735383
2025-04-14,-0.006217150213660267
2025-04-15,0.00978209268843152
2025-04-16,0.009784725009264458
2025-04-17,-0.006208959902087333
2025-04-20,0.004634083020317595
2025-04-21,0.009790938373112306
2025-04-22,-0.006203785401163174
2025-04-23,0.009790189563729118
2025-04-24,0.009788912795352465
2025-04-25,-0.006209032909245345
2025-04-27,-0.006210572863475028
2025-04-28,-0.0062119615986143935
2025-04-29,-0.0062097513397866635
2025-04-30,-0.006211045201359793
2025-05-01,-0.006213898841126702
2025-05-02,0.0004899403143958916
2025-05-04,0.0024234416267003766
2025-05-05,0.00978446782797454
2025-05-06,0.009790020892921213
2025-05-07,-0.006205852383255996
2025-05-08,0.009792669934385904
2025-05-09,-0.006211093570240596
2025-05-11,0.004526553385669306
2025-05-12,-0.006212935853074326
2025-05-13,-0.00621627734170435
2025-05-14,-0.0062151102670594555
2025-05-15,-0.006219723995272743
2025-05-16,-0.006216261973575836
2025-05-18,0.0046947992126656875
2025-05-19,-0.006216430474029069
2025-05-20,0.009782758807966484
2025-05-21,0.00978725893778392
2025-05-22,-0.0062108386105735785
2025-05-23,0.009787867538430098
2025-05-25,-0.004201808386809567
2025-05-26,0.000843698811491651
2025-05-27,-0.006209210335588373
2025-05-28,-0.006211534811981769
2025-05-29,0.009785246297952955
2025-05-30,-0.006211136229619707
2025-06-01,0.0032925304127032085
2025-06-02,0.009788516762312452
2025-06-03,-0.006206658843153354
2025-06-04,0.005219814399984785
2025-06-05,-0.006207231490897366
2025-06-06,-0.006208231200887155
2025-06-08,0.0017222348889213738
2025-06-09,-0.006210976504752307
2025-06-10,-0.006210426640012576
2025-06-11,0.00978965240059193
2025-06-12,-0.006208013574371556
2025-06-13,0.00979384024091247
2025-06-15,-0.006202835936152992
2025-06-16,-0.006203252150553004
2025-06-17,-0.0062057229176799645
2025-06-18,-0.006206666591873042
2025-06-19,-0.00620741201656333
2025-06-20,-0.006207802385868277
2025-06-22,-0.005574073538840622
2025-06-23,-0.006207563925982741
2025-06-24,-0.0062093302687381636
2025-06-25,0.004250934498604949
2025-06-26,-0.006209653966128935
2025-06-27,-0.006210945351593182
2025-06-29,-0.006213926950058727
2025-06-30,0.009785509973020207
2025-07-01,0.00978866323153851
2025-07-02,0.00313457272235679
2025-07-03,-0.006209010440071452
2025-07-04,0.0014961425463847703
2025-07-06,-0.0018176282950135715
2025-07-07,-0.00621029325394267
2025-07-08,-0.006209932947416668
2025-07-09,0.00445789755012487
2025-07-10,0.0016307730798853113
2025-07-11,0.009789378983934198
2025-07-13,0.001144828882278341
2025-07-14,-0.006207869462728695
2025-07-15,-0.006209265373904866
2025-07-16,0.009789841855996649
2025-07-17,-0.006209189516138643
2025-07-18,0.002652619162029806
2025-07-20,-0.0005074781381403255
2025-07-21,0.009790972084321886
2025-07-22,0.009793893233161592
2025-07-23,-0.006204242108595544
2025-07-24,-0.00620649058919144
2025-07-25,-0.00620776784614488
2025-07-27,0.00475137008891937
2025-07-28,-0.006209996115071932
2025-07-29,0.004260676219702615
2025-07-30,-0.006210388693110473
2025-07-31,0.0007945096642511581
2025-08-01,0.009787128901052941
2025-08-03,-0.0010678521519612086
2025-08-04,0.004376544008614474
2025-08-05,-0.006207272419325103
2025-08-06,-0.006206916631811045
2025-08-07,0.009792280860016548
2025-08-08,-0.006205875147310985
2025-08-10,-0.00198481263639506
2025-08-11,-0.006206412042668364
2025-08-12,0.00026486720209456776
2025-08-13,0.003411497313035504
2025-08-14,-0.006208174414472249
2025-08-15,-0.0003897764631983285
2025-08-17,-0.002943631848178108
2025-08-18,0.0009317857674231846
2025-08-19,-0.005191062006019618
2025-08-20,0.009788770751387676
2025-08-21,-0.006209159075935211
2025-08-22,0.009790302698055316
2025-08-24,-0.0007920886071256098
2025-08-25,-0.00442199032606134
2025-08-26,0.00979133908144485
2025-08-27,0.0012357785921266666
2025-08-28,0.005396283594243573
2025-08-29,0.009794992426434564
2025-08-31,0.000388025706630453
2025-09-01,0.009796965209988736
2025-09-02,0.009798787840461771
2025-09-03,0.009801682750195648
2025-09-04,-0.006196617339121324
2025-09-05,0.009802949840882064
2025-09-07,0.0022316493323475545
2025-09-08,0.009805057260252445
2025-09-09,0.009807411626009913
2025-09-10,0.002917389706843543
2025-09-11,-0.006192059439652878
2025-09-12,0.0028527567240110422
2025-09-14,-0.0017400349379254536
2025-09-15,0.009807584205961896
2025-09-16,0.004565905763969865
2025-09-17,-0.006189493146438926
2025-09-18,-0.006190796260938451
2025-09-19,0.009807691515212354
2025-09-21,-0.00036157016387016534
2025-09-22,0.00981009662012678
2025-09-23,0.009813213690475917
2025-09-24,-0.00618599683008255
2025-09-25,0.0002671814362337619
2025-09-26,0.009813056407558387
2025-09-28,0.002636549881590893
2025-09-29,0.009814158371050298
2025-09-30,0.00981736041443529
2025-10-01,-8.025318585735054e-05
2025-10-02,-0.006181197169700179
2025-10-03,-0.006181248308888554
2025-10-05,0.005324135696015023
2025-10-06,0.009820945535468797
2025-10-07,-0.006176355823571665
2025-10-08,0.009824741405944436
2025-10-09,0.009825499420658124
2025-10-10,-0.006175465026185608
2025-10-12,0.00982502340311981
2025-10-13,0.009826513023295548
2025-10-14,0.009830422166439201
2025-10-15,0.009831783539058043
2025-10-16,0.009833700972968094
2025-10-17,-0.006160359020939535
2025-10-19,-0.0025589867636584243
2025-10-20,0.009834813132356039
2025-10-21,-0.00616055027459831
2025-10-22,-0.00617103966214288
2025-10-23,0.009828737588062507
2025-10-24,-0.006169844992181093
2025-10-26,0.009827758067012379
2025-10-27,-0.006172232439980112
2025-10-28,-0.006175079880195372
2025-10-29,0.009823434526369482
2025-10-30,-0.006177103323343861
2025-10-31,-0.0061734293801757574
2025-11-02,-0.0011956827893474784
2025-11-03,0.009824089000913435
2025-11-04,-0.006175132443910738
2025-11-05,0.009822078755567957
2025-11-06,0.009823831784521125
2025-11-07,0.0026784292932521617
2025-11-09,0.003260963636390943
2025-11-10,0.009825508859787628
2025-11-11,0.005269423870660002
2025-11-12,-0.006168985183620585
2025-11-13,0.009832974028654403
2025-11-14,-0.006167232270094482
2025-11-16,0.002594924034822946
2025-11-17,-0.006170888090760105
2025-11-18,-0.006173420357320234
2025-11-19,0.009828288068841872
2025-11-20,-0.006170554289257662
2025-11-21,-0.006171624784089893
2025-11-23,0.0010090666121553447
2025-11-24,-0.0061717835674293
2025-11-25,-0.0061689475388928714
2025-11-26,0.007263292226368745
2025-11-27,-0.00036024568755895885
2025-11-28,0.009831853039556613
2025-11-30,-0.0002825475605936586
2025-12-01,0.009834188250816351
2025-12-02,-0.0061655884493068145
2025-12-03,-0.0014528517557072678
2025-12-04,-0.006166391130877258
2025-12-05,0.009833570099679704
2025-12-07,8.334097292256123e-05
2025-12-08,-0.006166617276545472
2025-12-09,0.003650789677274751
2025-12-10,-0.006166253092307468
2025-12-11,-0.006165397242827886
2025-12-12,0.009836291966262034
2025-12-14,0.0004598425138244871
2025-12-15,0.009837290846099312
2025-12-16,-0.006162641105680721
2025-12-17,0.007006649619930476
2025-12-18,-0.0061613405835182836
2025-12-19,-0.006161482129118818
2025-12-21,0.0035301590403830243
2025-12-22,0.009839260967855668
2025-12-23,-0.006156955423538552
2025-12-24,-0.006155448641434432
2025-12-25,0.0008997682651286972
2025-12-26,0.009844267081954555
2025-12-28,-0.0028532411718074214
2025-12-29,-0.006154646645670167
2025-12-30,0.009838912521444695
2025-12-31,-0.006161340323210788
2026-01-01,0.0054136528499446465
2026-01-02,0.009838998959933204
2026-01-04,0.00246968784934222
2026-01-05,0.00983990028074627
2026-01-06,0.0098423524616101
2026-01-07,-0.004155791493116833
2026-01-08,-0.004156840075776109
2026-01-09,-0.004156409027482216
2026-01-11,0.004171627622780777
2026-01-12,0.009845807336266683
2026-01-13,-0.004152200217211438
2026-01-14,0.003811351169673709
2026-01-15,-0.004151681442967287
2026-01-16,-0.004151849252738959
2026-01-18,0.009848673351701564
2026-01-19,-0.004149816742021008
2026-01-20,0.009849951073332188
2026-01-21,0.00985342171306043
2026-01-22,0.009853491353373706
2026-01-23,-0.004141163611650866
2026-01-25,0.007077350180931245
2026-01-26,0.009861098020150805
2026-01-27,-0.004138800073365668
2026-01-28,0.009864655184914892
2026-01-29,-0.004126977331825397
2026-01-30,-0.004128723913868992
2026-02-01,-0.004145300624917305
2026-02-02,0.009852374399612044
2026-02-03,0.009853371666169121
2026-02-04,0.0
2026-02-05,0.0
2026-02-06,0.0
2026-02-08,0.0
2026-02-09,0.0
2026-02-10,0.0
2026-02-11,0.009861153398716902
2026-02-12,-0.004138322835618187
2026-02-13,0.009857719962397515
2026-02-15,-0.004139002021089457
2026-02-16,-0.004139451814915613
2026-02-17,-0.004140295602835261
2026-02-18,0.009855933136510637
2026-02-19,0.0022369094071787964
2026-02-20,0.009859649347930832
2026-02-22,0.009862909015847365
2026-02-23,-0.004135547140875043
2026-02-24,-0.004133705288712638
2026-02-25,0.009863982457623304
2026-02-26,-0.004135582058619938
2026-02-27,0.009864978902953587
2026-03-01,-0.004130300484084932
2026-03-02,-0.004129950294012517
2026-03-03,-0.004130945020862388
2026-03-04,0.009863415033907186
2026-03-05,-0.0041355277207432645
2026-03-06,0.009862362817511858
2026-03-08,-0.0041351629244235815
2026-03-09,-0.004137923017282816
2026-03-10,0.009863794812722667
2026-03-11,-0.004134688556764023
2026-03-12,0.009863660046063366
2026-03-13,-0.004137316155736201
2026-03-15,-0.004139916022403386
2026-03-16,-0.004140076341606131
2026-03-17,-0.004139648783309951
2026-03-18,-0.004139924300953269
2026-03-19,-0.004144732910920006
2026-03-20,0.009849242064479244
2026-03-22,-0.004156574857880314
2026-03-23,-0.004156794756783417
2026-03-24,0.0
2026-03-25,0.0
2026-03-26,0.0
2026-03-27,0.0
2026-03-29,0.0
2026-03-30,0.0
2026-03-31,0.0
2026-04-01,0.0
2026-04-02,0.0
2026-04-05,0.0
2026-04-06,0.0
2026-04-07,0.0
2026-04-08,0.0
2026-04-09,0.0
2026-04-10,0.0
2026-04-12,0.0
2026-04-13,0.0
2026-04-14,0.0
2026-04-15,-0.0041447188474590686
2026-04-16,-0.0041451380314514044
2026-04-17,-0.004146092800233741
2026-04-19,-0.004146830403542434
2026-04-20,0.00985278638568487
2026-04-21,-0.004145174151949692
2026-04-22,-0.002309105664801817
2026-04-23,-0.0041480696477317865
2026-04-24,0.0
2026-04-26,0.0
2026-04-27,0.0
2026-04-28,0.0
2026-04-29,0.0
2026-04-30,0.0
2026-05-01,0.0
2026-05-03,0.0
2026-05-04,0.0
2026-05-05,0.0
2026-05-06,0.0
2026-05-07,0.0
2026-05-08,0.0
2026-05-10,0.0
2026-05-11,0.0
2026-05-12,0.0
2026-05-13,0.0
2026-05-14,-0.0041490504951137526
2026-05-15,-0.00415047501738532
2026-05-17,0.0
2026-05-18,0.0
2026-05-19,0.0
2026-05-20,0.0
2026-05-21,0.0
2026-05-22,0.0
2026-05-24,0.0
2026-05-25,0.0
2026-05-26,0.0
2026-05-27,0.0
2026-05-28,0.0
2026-05-29,0.0
2026-05-31,0.0
2026-06-01,0.0
2026-06-02,0.0
2026-06-03,0.0
2026-06-04,0.0
2026-06-05,0.0
2026-06-07,0.0
2026-06-08,0.0
2026-06-09,0.0
2026-06-10,0.0
2026-06-11,0.0
2026-06-12,0.0
2026-06-14,0.0
2026-06-15,0.0
