book,k,sr,dd,h1,h2,worst
GoldEternal+US100+BRENT,3,1.0734004678758093,-10.445392187648238,0.9326462147715447,1.1971398843668895,0.9326462147715447
GoldEternal+US30+BRENT,3,1.0169484722265214,-10.846030613440139,0.7888271026985243,1.2185049197552986,0.7888271026985243
GoldEternal+US500+BRENT,3,1.0048446500092618,-12.258081256064502,0.8950621726516402,1.103460056868186,0.8950621726516402
GoldEternal+BRENT+BTCUSD,3,0.9802267217045093,-12.052473202756586,1.0525074349178822,0.9115435442616793,0.9115435442616793
GoldEternal+GER30+BRENT,3,0.9686998182908596,-11.881290889011165,0.4266496228484138,1.4125699751614476,0.4266496228484138
GoldEternal+US100+BRENT+BTCUSD,4,0.9511679861274305,-10.509682096909511,1.1170962855618782,0.7917562321970426,0.7917562321970426
GoldEternal+US100+US30+BRENT,4,0.9266816220611727,-9.879187367126596,0.8490217822189237,0.998124865300548,0.8490217822189237
GoldEternal+US30+BRENT+BTCUSD,4,0.9194693844286509,-10.807672387486168,1.0345335522695678,0.8093020270758879,0.8093020270758879
GoldEternal+US100+GER30+BRENT,4,0.9193554884679949,-10.16447031313964,0.5968285885882595,1.194040297307251,0.5968285885882595
GoldEternal+US500+BRENT+BTCUSD,4,0.9094650486291377,-11.864961150628229,1.0894960207880617,0.7367090733135434,0.7367090733135434
GoldEternal+US100+BTCUSD,3,0.901795056491736,-11.83442689054164,1.1214934372103693,0.6950833572306981,0.6950833572306981
GoldEternal+GER30+BRENT+BTCUSD,4,0.8892933415605572,-11.567381432487178,0.8226761247140587,0.9529581219468771,0.8226761247140587
GoldEternal+US100+US500+BRENT,4,0.8736555008748705,-10.96227947952022,0.8937966540919966,0.8551151953368326,0.8551151953368326
GoldEternal+US30+GER30+BRENT,4,0.8714045238347894,-10.467047977697542,0.4692226596765659,1.2179310160133183,0.4692226596765659
GoldEternal+US30+BTCUSD,3,0.8672935371790775,-13.553692607752165,1.0372050267473594,0.7093567759540843,0.7093567759540843
GoldEternal+US500+GER30+BRENT,4,0.8625961897834511,-11.528109993096091,0.580560757603365,1.1087963599096995,0.580560757603365
GoldEternal+US500+BTCUSD,3,0.8587158042437206,-12.105898023256255,1.0991334685695,0.6357234774764587,0.6357234774764587
GoldEternal+US100+US30+BRENT+BTCUSD,5,0.8581033210305539,-10.04270794951151,1.0406233955643942,0.683980852092334,0.683980852092334
GoldEternal+US100+GER30+BRENT+BTCUSD,5,0.8516428448713751,-10.277622626590288,0.8851978365768622,0.8207942272058874,0.8207942272058874
GoldEternal+US500+US30+BRENT,4,0.8455259513459026,-11.265632629383859,0.7915449472536797,0.896528931658082,0.7915449472536797
GoldEternal+US100+US30,3,0.8442240098703919,-9.491379552128887,0.8084696997337893,0.874492549779175,0.8084696997337893
GoldEternal+XAGUSD+US100+BRENT,4,0.8417232925695468,-8.769366158333803,0.6209765183902247,1.0269790102387175,0.6209765183902247
GoldEternal+US100+GER30,3,0.829252434744468,-11.661897903769692,0.4867192429568392,1.1012245606524496,0.4867192429568392
GoldEternal+GER30+BTCUSD,3,0.8266865521834793,-15.593090964066192,0.7734179775569433,0.8763971568820755,0.7734179775569433
GoldEternal+US30+GER30+BRENT+BTCUSD,5,0.8227231616533366,-10.530199703259091,0.8060184187884819,0.8386771658586933,0.8060184187884819
GoldEternal+XAGUSD+BRENT,3,0.8220431103823023,-9.97316927326315,0.4465923599057066,1.131037721340927,0.4465923599057066
GoldEternal+US100+US500+BRENT+BTCUSD,5,0.8208994778760615,-10.904196534726607,1.0568381990725493,0.5995222501075412,0.5995222501075412
GoldEternal+US500+GER30+BRENT+BTCUSD,5,0.8134741548729071,-11.40750943714891,0.86223170831144,0.7684560086532518,0.7684560086532518
GoldEternal+XAGUSD+US500+BRENT,4,0.8069780997402831,-10.150699025967757,0.6163834498414253,0.969031705843981,0.6163834498414253
GoldEternal+XAGUSD+US100+BRENT+BTCUSD,5,0.806416734766591,-9.161737111425206,0.8842658443258837,0.7356212952769099,0.7356212952769099
GoldEternal+XAGUSD+BRENT+BTCUSD,4,0.8063409801262521,-10.13014396279851,0.7985605356575184,0.8136503363115306,0.7985605356575184
GoldEternal+US100+US30+GER30+BRENT,5,0.8053518342069702,-9.788336471563008,0.5763407893296102,1.0093702031632157,0.5763407893296102
GoldEternal+US500+US30+BRENT+BTCUSD,5,0.8031677600285917,-11.15609786310613,0.9895341414693561,0.6249839817118529,0.6249839817118529
GoldEternal+US100+US30+BTCUSD,4,0.8005293923481991,-10.562731921304923,1.042897142785973,0.5800809929827248,0.5800809929827248
GoldEternal+XAGUSD+US30+BRENT,4,0.7985081024011952,-9.073317917292023,0.5097405336437473,1.0407482733837194,0.5097405336437473
GoldEternal+US100+GER30+BTCUSD,4,0.7891342758329388,-12.048149899263361,0.855228839656923,0.7301466884868829,0.7301466884868829
GoldEternal+US100+US500,3,0.7875945442909354,-10.857320919995296,0.8553878598954099,0.7303514981590232,0.7303514981590232
GoldEternal+XAGUSD+US500+BRENT+BTCUSD,5,0.779810224914654,-10.260509257714768,0.8723174584833064,0.6957347993898614,0.6957347993898614
GoldEternal+XAGUSD+US30+BRENT+BTCUSD,5,0.7788309189622535,-9.402728631775625,0.8128179900775889,0.7478863136517317,0.7478863136517317
GoldEternal+XAGUSD+US100+US30+BRENT,5,0.7787434864295949,-8.644155221780569,0.6239793950085692,0.9123243412281128,0.6239793950085692
GoldEternal+US30+GER30,3,0.7749559457264578,-14.067343354339867,0.33794178459420005,1.1193096635530904,0.33794178459420005
GoldEternal+US100+US500+GER30+BRENT,5,0.7707082929434135,-10.68242668142545,0.6407742327089979,0.8854487557837326,0.6407742327089979
GoldEternal+US500+GER30,3,0.7702087186315525,-11.602181713127013,0.4800177394340576,1.0054329109792026,0.4800177394340576
GoldEternal+US100+US500+BTCUSD,4,0.7623462519278584,-10.81866570779022,1.0563203176012514,0.49920450186431714,0.49920450186431714
GoldEternal+XAGUSD+US100+GER30+BRENT,5,0.7608582667194307,-8.911054129865859,0.3926590274325876,1.0617093951799936,0.3926590274325876
GoldEternal+US30+GER30+BTCUSD,4,0.7579081867041736,-14.074222570665029,0.7718877131610241,0.7452989393603296,0.7452989393603296
GoldEternal+US100+US500+US30+BRENT,5,0.7570577521770672,-10.44134994817364,0.799389887789196,0.7176253784812778,0.7176253784812778
GoldEternal+XAGUSD+GER30+BRENT,4,0.7570136914138793,-9.999376670045635,0.21536855654506418,1.1890401999193876,0.21536855654506418
GoldEternal+US500+US30,3,0.7568124678889087,-11.264617409445544,0.7431066659823462,0.7684490605357984,0.7431066659823462
GoldEternal+XAGUSD+US100+US500+BRENT,5,0.7567909779415921,-9.518727185065456,0.6878867322796636,0.8160833646221582,0.6878867322796636
GoldEternal+XAGUSD+US100,3,0.75604729436252,-15.321569921354461,0.5213607654360618,0.946653944119504,0.5213607654360618
GoldEternal+XAGUSD+GER30+BRENT+BTCUSD,5,0.751607515347201,-10.124723376961885,0.6262424583219037,0.8622051948985021,0.6262424583219037
GoldEternal+US500+GER30+BTCUSD,4,0.7511194439788811,-12.30702086864699,0.8361269556387262,0.6756328616336241,0.6756328616336241
GoldEternal+XAGUSD+US100+BTCUSD,4,0.749518162480999,-12.56746211869677,0.8526842985599802,0.6573723031524223,0.6573723031524223
GoldEternal+XAGUSD+BTCUSD,3,0.7450352381689169,-16.202949030025838,0.7455877652947348,0.7447404676636067,0.7447404676636067
GoldEternal+US500+US30+BTCUSD,4,0.7435695668715585,-11.261407529214928,0.9870635453194999,0.5221164071458881,0.5221164071458881
GoldEternal+US500+US30+GER30+BRENT,5,0.7434974140473186,-10.944912204544899,0.5480959084672049,0.9216554958651019,0.5480959084672049
GoldEternal+XAGUSD+US500+US30+BRENT,5,0.7299579500185457,-9.763204652189895,0.6002324998328896,0.8439705300190591,0.6002324998328896
GoldEternal+XAGUSD+US500+GER30+BRENT,5,0.7279558471449554,-9.998012972700565,0.39571515992073847,1.0042440040401748,0.39571515992073847
GoldEternal+XAGUSD+US500+BTCUSD,4,0.723515828480715,-12.776501170175614,0.846312974463091,0.6149426436576735,0.6149426436576735
GoldEternal+XAGUSD+US30+GER30+BRENT,5,0.7220983901325103,-9.12626991285026,0.2894012699487714,1.0774030339561247,0.2894012699487714
GoldEternal+XAGUSD+US500,3,0.7217282543900143,-14.01126081022478,0.5265394688180165,0.8809999559572314,0.5265394688180165
GoldEternal+XAGUSD+US30+BTCUSD,4,0.7196980608294189,-14.569654182655146,0.7783865792274741,0.6677530125399189,0.6677530125399189
GoldEternal+US100+US30+GER30,4,0.7096929990103757,-11.332444181059198,0.4873658941887666,0.8936854883581404,0.4873658941887666
GoldEternal+XAGUSD+US30,3,0.7075746402726619,-17.637106385286316,0.39626694998733736,0.9563129472198971,0.39626694998733736
GoldEternal+US100+US30+GER30+BTCUSD,5,0.7064642786413152,-11.529395659757924,0.8044961015589617,0.6203117409902962,0.6203117409902962
GoldEternal+XAGUSD+US100+US30+BTCUSD,5,0.6964429183999528,-12.072688003656506,0.8319968676819645,0.5782661179286882,0.5782661179286882
GoldEternal+XAGUSD+US100+US30,4,0.6928606053728761,-12.998192022681298,0.545318868117017,0.8142408749420595,0.545318868117017
GoldEternal+XAGUSD+GER30+BTCUSD,4,0.6857969269735058,-15.326980253934885,0.5590518147511236,0.7964215443645414,0.5590518147511236
GoldEternal+XAGUSD+US100+GER30+BTCUSD,5,0.6807907607149547,-12.68488362542628,0.6595018144086872,0.6989129800458803,0.6595018144086872
GoldEternal+US100+US500+GER30+BTCUSD,5,0.6801839460959285,-10.709620990373846,0.8338020613058623,0.546627706760544,0.546627706760544
GoldEternal+US100+US500+GER30,4,0.6781067163039484,-10.547791319378842,0.5652924267435246,0.7720604919612122,0.5652924267435246
GoldEternal+XAGUSD+US100+US500+BTCUSD,5,0.6774989213745195,-10.529286794692784,0.8646670555233762,0.5156308675080356,0.5156308675080356
GoldEternal+XAGUSD+US100+US500,4,0.6733331521657646,-10.752268607611526,0.6208524419723707,0.7170682973511819,0.6208524419723707
GoldEternal+US100+US500+US30+BTCUSD,5,0.6719983194018274,-10.401215817235842,0.9480579600654928,0.4244423247202933,0.4244423247202933
GoldEternal+US100+US500+US30,4,0.6695567031325123,-10.253616970961488,0.7529440968027892,0.596034446734539,0.596034446734539
GoldEternal+XAGUSD+US100+GER30,4,0.6678652512315935,-15.511895239355633,0.26769916737205857,0.9815949310656571,0.26769916737205857
GoldEternal+US500+US30+GER30+BTCUSD,5,0.6612395416203092,-11.556829447967898,0.7669876140082611,0.5676695717605269,0.5676695717605269
GoldEternal+XAGUSD+US500+US30+BTCUSD,5,0.6585554037655839,-12.288029125424549,0.801864151636703,0.5332847145984453,0.5332847145984453
GoldEternal+XAGUSD+US500+GER30+BTCUSD,5,0.6557608315923981,-12.878087853779352,0.6536458836690962,0.6575754968596084,0.6536458836690962
GoldEternal+XAGUSD+GER30,3,0.6542256363114785,-20.793699257720878,0.03961425581550375,1.130138272990821,0.03961425581550375
GoldEternal+XAGUSD+US30+GER30+BTCUSD,5,0.6533817721900063,-14.347048271663809,0.5864765203647881,0.7101401547090315,0.5864765203647881
GoldEternal+US500+US30+GER30,4,0.6483046931901814,-11.150821253031463,0.4636472679283176,0.8050539502518224,0.4636472679283176
GoldEternal+XAGUSD+US500+US30,4,0.6440118328691671,-12.74164630084461,0.5255085195579416,0.7431107982094073,0.5255085195579416
GoldEternal+XAGUSD+US500+GER30,4,0.636501370157102,-14.536274434711839,0.2807763480394672,0.9189668247330438,0.2807763480394672
GoldEternal+XAGUSD+US30+GER30,4,0.6252164123844212,-17.27259767614422,0.15147622525939422,0.9941700310346925,0.15147622525939422
GoldEternal+XAGUSD+US100+US30+GER30,5,0.6144696840461407,-13.651652344994448,0.3204704646098339,0.8509659869261442,0.3204704646098339
US100+BRENT+BTCUSD,3,0.6092114824630039,-11.753994976257587,1.0161799558844715,0.18750178135533885,0.18750178135533885
GoldEternal+XAGUSD+US100+US500+US30,5,0.6053784937397257,-10.771291323585997,0.5922151665711609,0.6165508293166918,0.5922151665711609
GoldEternal+XAGUSD+US100+US500+GER30,5,0.6027944284208471,-11.936483485532579,0.4069073221704477,0.7617742606689424,0.4069073221704477
GoldEternal+US100+US500+US30+GER30,5,0.5936838584665399,-10.186000121668181,0.5313696509577231,0.6473248353753062,0.5313696509577231
US500+BRENT+BTCUSD,3,0.5764285971952596,-12.436094213549765,0.981954124175067,0.15507603730000497,0.15507603730000497
GoldEternal+XAGUSD+US500+US30+GER30,5,0.5751348380514012,-13.212956029075151,0.3184125332611032,0.7859536505658093,0.3184125332611032
US30+BRENT+BTCUSD,3,0.5728940517580952,-10.981788965245599,0.9142126895855662,0.20956723580784534,0.20956723580784534
US100+US30+BRENT+BTCUSD,4,0.5457254540205392,-10.145301423072839,0.9211936997320332,0.16174876549401604,0.16174876549401604
XAGUSD+US100+BRENT+BTCUSD,4,0.5436860960038798,-9.516910041256954,0.8145883737429861,0.2860908371480273,0.2860908371480273
US100+US500+BRENT+BTCUSD,4,0.5254644337137708,-12.906989781026557,0.9437576016761287,0.11478104328655563,0.11478104328655563
XAGUSD+BRENT+BTCUSD,3,0.5251366700352254,-10.7771568531148,0.716475787869919,0.33816057838068064,0.33816057838068064
US100+GER30+BRENT+BTCUSD,4,0.5208696893459582,-10.384431949975504,0.7377526763814498,0.31029033618287466,0.31029033618287466
GER30+BRENT+BTCUSD,3,0.5205288365740431,-11.614249635717478,0.6556360108783384,0.38542488986486134,0.38542488986486134
XAGUSD+US500+BRENT+BTCUSD,4,0.5200619738179661,-10.206299100148076,0.7967994326858037,0.25552167904972783,0.25552167904972783
XAGUSD+US30+BRENT+BTCUSD,4,0.5109045299274229,-9.086100962771916,0.724442540592781,0.30451108323343773,0.30451108323343773
US100+US30+BRENT,3,0.5047190627477779,-9.732865783433597,0.6833994743684252,0.3197556359105754,0.3197556359105754
XAGUSD+US100+US30+BRENT+BTCUSD,5,0.5042469759757258,-8.818075730305242,0.7699735426250693,0.25145582127077837,0.25145582127077837
US500+US30+BRENT+BTCUSD,4,0.5034301587070955,-11.577555420740449,0.8663992640350398,0.13153142589264807,0.13153142589264807
US500+GER30+BRENT+BTCUSD,4,0.49377984452642576,-11.747215521954125,0.715737650748114,0.2763434025448199,0.2763434025448199
XAGUSD+US100+US500+BRENT+BTCUSD,5,0.493213682006398,-9.725512324441121,0.8050224305493981,0.20362321318837517,0.20362321318837517
US100+US500+BRENT,3,0.48981581881152936,-13.808381195355624,0.7674839812398602,0.21759893061257216,0.21759893061257216
XAGUSD+US100+BRENT,3,0.48897014722533205,-9.75306856864604,0.4505498729977916,0.5224798977145105,0.4505498729977916
US30+GER30+BRENT+BTCUSD,4,0.487993024875608,-10.65491096979434,0.6449268532328216,0.331973904960329,0.331973904960329
XAGUSD+US100+GER30+BRENT+BTCUSD,5,0.48002855067357125,-9.02396002860254,0.5929634103284748,0.3776580700930146,0.3776580700930146
US100+US30+GER30+BRENT+BTCUSD,5,0.4743392766074516,-10.049103759061495,0.6879995065611894,0.2663749899440827,0.2663749899440827
XAGUSD+US500+US30+BRENT+BTCUSD,5,0.4717477193359244,-9.993489137436395,0.7337469834019801,0.22054407744263668,0.22054407744263668
US100+US500+US30+BRENT+BTCUSD,5,0.4692550541764446,-11.31504111055005,0.8413735660111691,0.10212975998688681,0.10212975998688681
XAGUSD+GER30+BRENT+BTCUSD,4,0.4673839617543212,-9.659818516049501,0.49097550416009506,0.44565996870773256,0.44565996870773256
US100+US500+GER30+BRENT+BTCUSD,5,0.4637595276178899,-11.160210651097923,0.7256809179379734,0.2157385868199254,0.2157385868199254
XAGUSD+US100+US500+BRENT,4,0.45949100310700147,-10.837200326126794,0.5812417752271312,0.3484746269962046,0.3484746269962046
XAGUSD+US500+GER30+BRENT+BTCUSD,5,0.4590968256329332,-10.184747026297536,0.5821921811501652,0.3463450351445307,0.3463450351445307
XAGUSD+US100+US30+BRENT,4,0.4590606975227306,-8.333687880132501,0.4793979808936189,0.4401139004745219,0.4401139004745219
XAGUSD+US500+BRENT,3,0.4588639671741088,-10.038070381878384,0.4527813249066827,0.46421866273802875,0.4527813249066827
XAGUSD+US30+GER30+BRENT+BTCUSD,5,0.45017520141570655,-9.537556821524218,0.5092750987991528,0.3956335685310492,0.3956335685310492
XAGUSD+US100+BTCUSD,3,0.446920929792917,-14.348618094334675,0.7871564920773627,0.13233610555311986,0.13233610555311986
US500+US30+BRENT,3,0.445966396723749,-11.679521468225651,0.6322162150933989,0.2520957791873504,0.2520957791873504
US100+US30+BTCUSD,3,0.44484888760747354,-15.7613561886364,0.9195209519796878,-0.009348334339509547,-0.009348334339509547
US500+US30+GER30+BRENT+BTCUSD,5,0.4421987929731153,-11.193630607632187,0.6545758265988588,0.23376620990917263,0.23376620990917263
US100+GER30+BRENT,3,0.4414713549516746,-10.514088563774337,0.30276776907801567,0.5708628539669129,0.30276776907801567
US100+US500+US30+BRENT,4,0.43618966959124517,-11.453834232542349,0.6889601060583038,0.18250201480561298,0.18250201480561298
US100+US500+BTCUSD,3,0.43086517279850844,-19.629621360749717,0.9384084449521519,-0.03679408612911462,-0.03679408612911462
XAGUSD+US500+BTCUSD,3,0.4253232331870765,-14.647278592199498,0.7742561116938623,0.10484767769109778,0.10484767769109778
XAGUSD+US30+BRENT,3,0.42371104674408,-8.99295020833366,0.276142314498975,0.5573107252666107,0.276142314498975
XAGUSD+US100+US500+US30+BRENT,5,0.42347746343452713,-9.414199419691837,0.5565849149112746,0.297786394677025,0.297786394677025
XAGUSD+US500+US30+BRENT,4,0.4193439878220357,-9.816406484204897,0.4605088416691285,0.3803277303700887,0.3803277303700887
XAGUSD+US100+US30+BTCUSD,4,0.4140929037179796,-13.118515903535698,0.7441541154694309,0.11636964215577711,0.11636964215577711
US100+GER30+BTCUSD,3,0.4103054070270691,-14.951281902499902,0.6920208842854576,0.15056261523761055,0.15056261523761055
XAGUSD+US30+BTCUSD,3,0.40902260526356976,-17.04366630700487,0.6889417494994741,0.1488104967358986,0.1488104967358986
XAGUSD+US100+US500+BTCUSD,4,0.40830762536672865,-12.489546142371854,0.7815937424813953,0.07870368783463463,0.07870368783463463
US100+US500+GER30+BRENT,4,0.4071721543467676,-10.929918746574852,0.45596871770361724,0.3612738463326025,0.3612738463326025
US500+GER30+BRENT,3,0.4063526589827304,-11.967122290495357,0.31087942200237834,0.49905974034680733,0.31087942200237834
US100+US30+GER30+BRENT,4,0.40575898971270136,-9.80746175501367,0.3497263691002593,0.46145081287067646,0.3497263691002593
US500+US30+BTCUSD,3,0.40544207052708237,-15.997340711721275,0.8563284496690866,-0.026879426231004845,-0.026879426231004845
XAGUSD+US100+GER30+BRENT,4,0.40156716727714814,-8.583810243326495,0.12692431782267427,0.6334323814400612,0.12692431782267427
XAGUSD+US100+US500+GER30+BRENT,5,0.3935483361675507,-9.59416002087573,0.3253279847433147,0.4536280386702498,0.3253279847433147
US500+GER30+BTCUSD,3,0.3870476961745233,-15.467626516305067,0.6739648066505949,0.12179254068544403,0.12179254068544403
XAGUSD+US100+US30+GER30+BRENT,5,0.3859287634926746,-8.685580590054842,0.21337008310406805,0.540269440886222,0.21337008310406805
US100+US500+US30+BTCUSD,4,0.3842587922634872,-16.803253013943518,0.8224861878943239,-0.02222086437022844,-0.02222086437022844
XAGUSD+US500+US30+BTCUSD,4,0.38395280555075595,-14.352227812424513,0.7054722470789542,0.09184339513582601,0.09184339513582601
XAGUSD+US100+GER30+BTCUSD,4,0.382288452127067,-13.778377875848646,0.5304894055402964,0.25362372169587866,0.25362372169587866
XAGUSD+US500+GER30+BRENT,4,0.3785288192874588,-10.04369189538561,0.1509979433119991,0.5775234795498131,0.1509979433119991
US30+GER30+BRENT,3,0.37626243880729043,-12.845367072304004,0.1330702599321676,0.6160922745944569,0.1330702599321676
US100+US500+US30+GER30+BRENT,5,0.3760734532126764,-10.607428009323272,0.4497006695873213,0.3049710098329583,0.3049710098329583
US100+US30+GER30+BTCUSD,4,0.3757597858670894,-13.558306021784306,0.6456013688648613,0.12936726639105853,0.12936726639105853
XAGUSD+US100+US500+US30+BTCUSD,5,0.37318581423616104,-11.67309297464546,0.7101767824227168,0.0722160406991533,0.0722160406991533
US30+GER30+BTCUSD,3,0.3726097022708553,-16.856120397451424,0.5900530551625173,0.16842130528734198,0.16842130528734198
US100+US500+GER30+BTCUSD,4,0.3723273077503342,-15.570908410005968,0.6878955552258982,0.09082522981699338,0.09082522981699338
US500+US30+GER30+BRENT,4,0.36789328146606026,-11.260013952784698,0.341606249383562,0.3952531360254863,0.341606249383562
XAGUSD+US500+GER30+BTCUSD,4,0.3642945596661464,-13.972437094179845,0.5248448753168597,0.22422011005134632,0.22422011005134632
XAGUSD+US100+US500+GER30+BTCUSD,5,0.36029697763954577,-11.610712337054807,0.5733609504856472,0.17774532465799303,0.17774532465799303
XAGUSD+US100+US30+GER30+BTCUSD,5,0.36009728398461227,-13.09868574446571,0.5221967172803859,0.219425985559723,0.219425985559723
XAGUSD+US500+US30+GER30+BRENT,5,0.3574961030531244,-9.864769134778095,0.2204585616204972,0.4836202365164159,0.2204585616204972
XAGUSD+GER30+BTCUSD,3,0.3540121707592219,-17.795988332720512,0.398641774417552,0.31343762818165527,0.31343762818165527
XAGUSD+US30+GER30+BTCUSD,4,0.34855112961319984,-15.795834689652178,0.43837024507225697,0.2696906708009605,0.2696906708009605
US500+US30+GER30+BTCUSD,4,0.34791788607071233,-13.793881713712386,0.6118849416552044,0.10432251098084583,0.10432251098084583
XAGUSD+US30+GER30+BRENT,4,0.3472292138440167,-8.921728963429487,-0.017997606271053245,0.6651338619649253,-0.017997606271053245
US100+US500+US30+GER30+BTCUSD,5,0.3412488232409576,-14.357058799106603,0.627372896879581,0.08204766030858296,0.08204766030858296
XAGUSD+US500+US30+GER30+BTCUSD,5,0.33720302068013164,-13.315160568341911,0.502238522922645,0.19201198627432203,0.19201198627432203
XAGUSD+GER30+BRENT,3,0.332631235169614,-10.561718148820454,-0.2043165297072959,0.767862172399766,-0.2043165297072959
XAGUSD+US100+US500,3,0.29762499733312126,-12.829263763771337,0.4683077194644607,0.15255880776777636,0.15255880776777636
XAGUSD+US100+US500+US30,4,0.287489503265465,-11.568533352140554,0.4622355003708737,0.13191430992775452,0.13191430992775452
US100+US500+US30,3,0.28446881195213825,-18.320966460172894,0.6051847972703891,-0.016091756599161604,-0.016091756599161604
XAGUSD+US100+US30,3,0.27720074446476584,-12.655840490378933,0.3360221812293955,0.22667087311461356,0.22667087311461356
XAGUSD+US500+US30,3,0.24887394531092946,-15.069671194693136,0.32928868548895474,0.17736340368367914,0.17736340368367914
XAGUSD+US100+US500+US30+GER30,5,0.24769302691981385,-11.679210669605522,0.24130982822686112,0.25312944324357767,0.24130982822686112
XAGUSD+US100+US500+GER30,4,0.24729477361077745,-11.84079030793156,0.18875398001549465,0.2959511385812647,0.18875398001549465
US100+US500+GER30,3,0.24150489573761186,-16.51760326432542,0.3267186315666096,0.16711985556051234,0.16711985556051234
US100+US500+US30+GER30,4,0.24025748644529124,-14.433286319231298,0.34710930865751444,0.1429400154865864,0.1429400154865864
XAGUSD+US100+US30+GER30,4,0.22319219966790896,-13.651649346678962,0.04426027370263396,0.37189841807503204,0.04426027370263396
US100+US30+GER30,3,0.21683699296560732,-13.630375202784661,0.18742370023922217,0.24302166901483238,0.18742370023922217
XAGUSD+US500+US30+GER30,4,0.2052666573430125,-13.758161481186049,0.07033281530536112,0.32123437658802306,0.07033281530536112
XAGUSD+US100+GER30,3,0.20271639819281878,-14.430659326999717,-0.11886218369090683,0.4536712962206849,-0.11886218369090683
US500+US30+GER30,3,0.19458314837831725,-14.107486850669837,0.1971604490969904,0.19216621429091701,0.19216621429091701
XAGUSD+US500+GER30,3,0.19040714977628725,-14.144015419693845,-0.0649765279916662,0.3972283262630117,-0.0649765279916662
XAGUSD+US30+GER30,3,0.13681754724165132,-16.97420351564235,-0.2992901223995427,0.48272324322445176,-0.2992901223995427
