mode,order,stop,rr,lo,n_tr,sr_tr,net_tr,n_te,sr_te,net_te,hit_te
sweep,3,1.0,1.0,True,1908,-2.8857034420646888,-60.22140082406647,747,-1.6477692969422348,-26.55069887113804,50.0669344042838
sweep,3,1.0,1.0,False,3409,-3.1183171842026773,-73.13344231196643,1399,-2.5078243170300833,-45.344680361622444,49.035025017869906
sweep,3,1.0,1.5,True,1832,-2.4174161005630785,-59.86511219254804,719,-0.3775299186477777,-8.894890570038044,43.254520166898466
sweep,3,1.0,1.5,False,3096,-2.2739428960021284,-67.38539463996003,1285,-1.388235911944994,-33.181765707675055,40.778210116731515
sweep,3,1.0,2.0,True,1775,-1.7834317988640687,-52.75318167217563,698,0.10636158046691396,1.799484767594592,37.96561604584527
sweep,3,1.0,2.0,False,2801,-1.70734309592191,-60.01320059341085,1175,-0.9871105643500653,-27.74034860147529,34.72340425531915
sweep,3,1.0,3.0,True,1704,-1.4006505359064805,-49.28553116719425,672,0.3709734189523201,10.684583115178654,30.80357142857143
sweep,3,1.0,3.0,False,2497,-1.0674676195077744,-48.21120602036195,1054,-0.4037128315985071,-15.133136596215962,28.368121442125236
sweep,3,1.5,1.0,True,1617,-1.8640736417114836,-56.161000182164564,655,-0.28630224938957194,-8.262425955822067,53.12977099236641
sweep,3,1.5,1.0,False,2670,-1.864257367181121,-64.99131410483199,1151,-1.37789011864752,-37.51912347188495,50.130321459600346
sweep,3,1.5,1.5,True,1535,-1.3273347880207975,-49.018186941850075,618,-0.17035326588515493,-6.6307748745644375,43.85113268608414
sweep,3,1.5,1.5,False,2318,-0.9858837242571109,-46.54433553441005,998,-0.9579176121373941,-31.378706917893467,41.08216432865731
sweep,3,1.5,2.0,True,1485,-1.020815730706508,-43.60682503314275,599,0.057321368020020795,0.2246980826026146,39.23205342237062
sweep,3,1.5,2.0,False,2117,-0.7995468844566319,-42.49395144708553,914,-0.5790429789771396,-22.21459054989235,37.08971553610503
sweep,3,1.5,3.0,True,1438,-0.8706900195720056,-41.04544535275792,577,0.35118268522424917,11.444740996380887,36.741767764298096
sweep,3,1.5,3.0,False,1957,-0.8139203193177106,-44.446845000025405,854,-0.49227968901714775,-20.596419131129963,33.37236533957845
sweep,3,2.0,1.0,True,1442,-1.2540298633244926,-49.01042627751464,568,0.07776290057819961,0.9555991287351304,54.22535211267606
sweep,3,2.0,1.0,False,2190,-1.1256571013873087,-52.89194521973608,922,-0.8368861406992677,-29.275774580692115,51.19305856832972
sweep,3,2.0,1.5,True,1367,-1.1123160167574722,-48.65458157181076,542,0.17175404064526703,4.4276419368140125,46.125461254612546
sweep,3,2.0,1.5,False,1918,-0.8960434343774891,-48.00058986819815,818,-0.6074120972240554,-24.780045414622947,43.39853300733496
sweep,3,2.0,2.0,True,1330,-0.8501524344826201,-42.39803942136887,525,0.35772662792518295,12.209997104164799,44.19047619047619
sweep,3,2.0,2.0,False,1811,-0.7736971396410047,-44.80918851015488,777,-0.37279311358341544,-17.680289346278272,40.66924066924067
sweep,3,2.0,3.0,True,1302,-0.9037670973754441,-45.26808012095397,513,0.6194486077140597,25.606867302909336,42.49512670565302
sweep,3,2.0,3.0,False,1721,-0.6194796003398652,-39.38051096196878,736,-0.47892923753707317,-22.04501904166564,38.04347826086957
sweep,5,1.0,1.0,True,1445,-2.1624467903496574,-46.25410639515989,591,-1.3769843426286157,-21.455901045801966,49.91539763113367
sweep,5,1.0,1.0,False,2735,-2.782348954269409,-65.35021615265856,1154,-2.223156980396085,-39.11530815826622,48.87348353552859
sweep,5,1.0,1.5,True,1394,-1.5622680637850235,-41.39448095289637,568,-0.41729652331235245,-9.011509463205485,42.95774647887324
sweep,5,1.0,1.5,False,2549,-1.8563598043822465,-56.59988553379445,1058,-1.072887538022188,-24.981773778280598,40.737240075614366
sweep,5,1.0,2.0,True,1365,-1.1801413964029404,-36.54006727680908,550,-0.5293718575300114,-12.316213587555154,35.090909090909086
sweep,5,1.0,2.0,False,2373,-1.3274509337187579,-48.3132852662841,972,-1.1232868614719358,-27.965246401018092,33.641975308641975
sweep,5,1.0,3.0,True,1333,-0.9770880747101682,-35.429791331730684,534,-0.6612074953471176,-16.59374447943219,28.08988764044944
sweep,5,1.0,3.0,False,2128,-0.9436236201497982,-41.45802243659349,872,-1.2153084793535711,-31.916558298915405,26.605504587155966
sweep,5,1.5,1.0,True,1235,-1.180074769833068,-37.18681942939003,519,-0.49896224457419414,-12.341202255639743,52.215799614643544
sweep,5,1.5,1.0,False,2228,-1.3279928049556504,-49.6148438064923,948,-1.3782177665183444,-34.719682496372315,48.9451476793249
sweep,5,1.5,1.5,True,1187,-1.0429879838609624,-37.68906489476355,485,-0.657408302351835,-17.68798813881976,41.03092783505154
sweep,5,1.5,1.5,False,1978,-0.8295915735280474,-38.59261895590331,833,-1.293269518553687,-36.07362784621382,39.13565426170468
sweep,5,1.5,2.0,True,1171,-0.7393094417299508,-31.3876270351562,473,-0.7659476061841932,-21.254343421637557,36.78646934460888
sweep,5,1.5,2.0,False,1825,-0.7032924559426901,-36.20642016908424,767,-1.4965232554438108,-41.18902543717356,34.289439374185136
sweep,5,1.5,3.0,True,1153,-0.551328786189316,-27.10263928877218,465,-0.7524497523444332,-21.91564705591614,33.763440860215056
sweep,5,1.5,3.0,False,1697,-0.6492264443969574,-35.931640522661255,719,-1.0240905132171205,-32.605916158563815,31.98887343532684
sweep,5,2.0,1.0,True,1105,-0.7918396684990834,-31.685337113344588,447,-0.47827082126284637,-14.41023144502212,51.45413870246085
sweep,5,2.0,1.0,False,1872,-1.0009789794109898,-45.93991534812471,783,-1.4945381742657204,-42.49535141829023,48.148148148148145
sweep,5,2.0,1.5,True,1072,-0.811252716163369,-35.53406744349806,430,-0.38664656574534667,-13.08855489949977,44.651162790697676
sweep,5,2.0,1.5,False,1661,-0.7951458449807848,-41.64553179128575,704,-1.241312536196633,-38.76845218019015,41.19318181818182
sweep,5,2.0,2.0,True,1063,-0.5980757173420068,-29.734641291404913,425,-0.48817010847566195,-16.411045016974214,41.88235294117647
sweep,5,2.0,2.0,False,1568,-0.8355221999692255,-44.20319188156386,672,-1.034650391665638,-34.981799021802885,38.839285714285715
sweep,5,2.0,3.0,True,1048,-0.5818090824949836,-30.80931989909797,418,-0.4192962039052624,-14.963151917656702,40.66985645933015
sweep,5,2.0,3.0,False,1487,-0.6458986906840982,-38.2412108820357,648,-1.1948521505973027,-39.43345126878697,36.7283950617284
bos,3,1.0,1.0,True,3133,-2.731844567796334,-67.26301815661756,1496,-1.7758641551716936,-33.84618832346979,51.270053475935825
bos,3,1.0,1.0,False,5895,-4.096692522359026,-90.57827343089,2542,-2.6725863576136906,-60.018757787213666,49.4492525570417
bos,3,1.0,1.5,True,2646,-1.8695197308675968,-57.830003832598415,1258,-0.6321916416408532,-15.946136847571395,43.1637519872814
bos,3,1.0,1.5,False,4947,-2.8858422023545316,-84.39691774705368,2146,-1.4649013101609032,-43.81924915833807,40.77353215284249
bos,3,1.0,2.0,True,2358,-1.4724357587580335,-52.581157876374135,1114,-0.004682261434346849,-1.3503281558232914,37.52244165170557
bos,3,1.0,2.0,False,4371,-2.5095965531187363,-82.51614312128963,1886,-0.6275351266935159,-24.545596427740662,35.73700954400849
bos,3,1.0,3.0,True,1976,-1.2096349340439687,-48.800796899387485,914,0.5186636180359704,16.41868971224487,30.962800875273523
bos,3,1.0,3.0,False,3652,-1.73768940115247,-73.44676586124723,1561,0.0033612185099529874,-2.932981466862543,29.212043561819346
bos,3,1.5,1.0,True,2388,-1.4685824694556708,-54.52384286024531,1115,0.12770225485698347,2.499463019452719,53.99103139013452
bos,3,1.5,1.0,False,4311,-2.1944659102130175,-80.2503383357778,1861,-0.9682654535734696,-35.29073885790113,50.18807092960774
bos,3,1.5,1.5,True,1972,-1.0139805528368322,-45.190183066819536,900,0.9176636899446502,33.058468594353485,46.55555555555556
bos,3,1.5,1.5,False,3523,-1.7715230321124646,-75.81224005262735,1500,0.14426188856240513,3.56812625526932,43.4
bos,3,1.5,2.0,True,1733,-0.958426806354516,-44.88501572080733,775,0.9590207382709164,36.87451209409332,41.677419354838705
bos,3,1.5,2.0,False,3095,-1.4944042663276067,-71.58855885321837,1311,0.31073224755606327,12.712614527144737,38.59649122807017
bos,3,1.5,3.0,True,1520,-0.49560200002165194,-28.522861329171263,675,1.3164991355651514,58.72250549235082,38.51851851851852
bos,3,1.5,3.0,False,2689,-0.8819220937284967,-54.298534519743306,1146,0.39343258090817174,17.98886682608031,34.031413612565444
bos,3,2.0,1.0,True,1965,-1.027843075246283,-47.910669529471676,905,0.4929999985181882,16.48836027912499,54.3646408839779
bos,3,2.0,1.0,False,3330,-1.3613517413616965,-68.09568179566394,1462,-0.2546661048765109,-14.901538418634246,51.2311901504788
bos,3,2.0,1.5,True,1613,-0.8828699294180704,-44.76229501998442,737,0.8444169478082861,34.36339196142575,48.16824966078697
bos,3,2.0,1.5,False,2742,-1.1411080440400039,-64.04371604738996,1191,-0.006830472329222145,-4.58503788316213,43.99664147774979
bos,3,2.0,2.0,True,1456,-0.7323947395294708,-40.191800975641726,665,1.119229086854292,50.55252824113401,45.86466165413533
bos,3,2.0,2.0,False,2474,-0.7899480068372602,-52.05717313345738,1070,0.1137878159589063,1.8940952714963544,41.02803738317757
bos,3,2.0,3.0,True,1332,-0.3664169682800355,-24.566550210932903,595,1.2338948136665133,58.17079157435393,44.36974789915966
bos,3,2.0,3.0,False,2265,-0.5857583481041705,-44.2212188942365,984,0.6996679220903576,42.83183139510507,40.447154471544714
bos,5,1.0,1.0,True,2776,-2.420502191383457,-61.866213750982816,1368,-0.925950561631108,-19.48741729616637,52.85087719298246
bos,5,1.0,1.0,False,5164,-3.456076830020873,-85.67089327605808,2304,-1.6675015773482773,-44.020064995854604,50.607638888888886
bos,5,1.0,1.5,True,2319,-1.6486268197420388,-52.16743326471554,1138,-0.04450017297192461,-2.1178616116412883,44.024604569420035
bos,5,1.0,1.5,False,4310,-2.4496935676594185,-78.3040917672966,1923,-1.0550097974438497,-34.284103088136334,41.60166406656266
bos,5,1.0,2.0,True,2026,-1.450180984593574,-49.89221190750618,984,0.3159735245053591,8.05678591840298,37.80487804878049
bos,5,1.0,2.0,False,3782,-2.1119398634730913,-75.38727423744628,1665,-0.3697528502017804,-16.14506914752414,35.67567567567568
bos,5,1.0,3.0,True,1667,-0.8050285816159037,-34.72249873082268,794,0.7478047433405203,24.589531716262684,31.360201511335013
bos,5,1.0,3.0,False,3146,-1.2619464449310676,-60.365312637317025,1371,-0.03217951792531626,-4.554604126154757,28.592268417213713
bos,5,1.5,1.0,True,2043,-1.2755284740529849,-48.03316042232492,987,0.3799916218565693,10.095382217965891,54.30597771023303
bos,5,1.5,1.0,False,3778,-1.955705621325568,-75.35257829825598,1661,-0.7426938858103549,-28.59893974925984,50.752558699578564
bos,5,1.5,1.5,True,1672,-0.902329289011796,-39.43811582864386,788,0.6345806812197501,20.311073495800542,45.0507614213198
bos,5,1.5,1.5,False,3099,-1.4862024057546799,-68.31109581056224,1339,-0.03424768183643986,-4.599405372751335,42.27035100821509
bos,5,1.5,2.0,True,1451,-0.6563287612553835,-32.25280945733509,682,0.8558486801658549,30.81316597756026,40.615835777126094
bos,5,1.5,2.0,False,2709,-1.274504369010488,-64.46488877896897,1170,0.01864625885666317,-2.6481675885830214,37.17948717948718
bos,5,1.5,3.0,True,1259,-0.2955626831800371,-17.661419771718684,567,1.183565514298018,48.822094531560566,37.56613756613756
bos,5,1.5,3.0,False,2327,-0.9246096076145137,-54.19801940454534,1002,0.3832043928837644,17.047608563530403,33.93213572854291
bos,5,2.0,1.0,True,1628,-1.129538657041643,-48.26268715444589,771,0.25268952251387383,6.913701986021948,53.047989623865114
bos,5,2.0,1.0,False,2943,-1.5807580520785531,-71.76376433953324,1299,-0.5971544457957056,-27.169737392720336,50.03849114703618
bos,5,2.0,1.5,True,1347,-0.6960884466588751,-35.56631996536842,626,0.6795565021186292,25.049202511409845,46.96485623003195
bos,5,2.0,1.5,False,2431,-0.960330002273167,-56.36659181851949,1070,-0.15956581408853004,-11.855305468100212,43.45794392523364
bos,5,2.0,2.0,True,1212,-0.47071641336900616,-27.11234954218895,550,0.9518129882892898,38.66451195615727,44.90909090909091
bos,5,2.0,2.0,False,2187,-0.772646552943774,-49.85363606368318,948,0.04715834313152439,-1.5750639284503194,40.29535864978903
bos,5,2.0,3.0,True,1089,-0.10089510931484708,-8.607065799454944,495,0.8576906085751276,34.37230468550766,42.62626262626263
bos,5,2.0,3.0,False,1985,-0.40129733920881405,-32.666877636524234,872,0.14601305176246426,3.6159500117146877,38.53211009174312
sr_bounce,3,1.0,1.0,True,3777,-3.1239004055750077,-77.45503145000546,1470,-1.6874020665721288,-37.97323152264853,50.61224489795918
sr_bounce,3,1.0,1.0,False,6643,-4.300989888208956,-93.04018544653916,2818,-3.733331078158782,-74.14577193242391,47.69339957416607
sr_bounce,3,1.0,1.5,True,3513,-2.653940658449573,-77.32522832596528,1364,-0.6054124105817623,-19.601854367593134,42.22873900293255
sr_bounce,3,1.0,1.5,False,5695,-3.1360116212121416,-89.20311253767737,2456,-2.3229819397210503,-62.73440313657303,39.25081433224756
sr_bounce,3,1.0,2.0,True,3312,-1.9995804047700183,-71.03629491535278,1290,-0.329213779953406,-13.285847804477484,36.58914728682171
sr_bounce,3,1.0,2.0,False,5047,-2.4396181182014964,-84.57508721105157,2187,-2.0816185493782537,-61.65945075446175,32.73891175125743
sr_bounce,3,1.0,3.0,True,3148,-1.7114299108477284,-69.9192901467485,1214,0.18173934171197548,5.2506478510097025,31.054365733113677
sr_bounce,3,1.0,3.0,False,4295,-1.8547566454972892,-78.63972656474975,1873,-1.0329857097110242,-42.94714919821978,27.442605445808866
sr_bounce,3,1.5,1.0,True,2910,-2.0855223171327797,-72.50568133556044,1158,-0.4090123588643884,-15.617738877473656,52.50431778929189
sr_bounce,3,1.5,1.0,False,4606,-2.048475809927573,-79.83521396763796,2017,-2.164695872086872,-64.14556358957505,48.04164600892415
sr_bounce,3,1.5,1.5,True,2669,-1.690621560000311,-69.52232076022806,1055,0.045775018584428936,-0.7361527052473633,44.2654028436019
sr_bounce,3,1.5,1.5,False,3866,-1.3941442393095198,-70.28890747233459,1668,-1.8540986381004045,-62.04786109408147,38.489208633093526
sr_bounce,3,1.5,2.0,True,2559,-1.431772797532748,-66.10305291064205,1013,0.18583560089005813,5.594641405398377,40.07897334649556
sr_bounce,3,1.5,2.0,False,3444,-0.8892513418338309,-56.153075254539885,1497,-0.9184170062879995,-41.63591018703102,35.73814295257181
sr_bounce,3,1.5,3.0,True,2472,-1.0588900595616053,-58.55425873113267,977,0.5408258617271295,26.10380784810316,37.35926305015353
sr_bounce,3,1.5,3.0,False,3104,-0.3754482832602593,-32.788360322351366,1359,-0.3591330653521349,-22.408706029347343,32.9654157468727
sr_bounce,3,2.0,1.0,True,2343,-1.1193443738160653,-55.81811174308919,949,-0.06757748519856532,-5.68889865550743,53.0031612223393
sr_bounce,3,2.0,1.0,False,3485,-1.1785201559965741,-65.13084032885402,1507,-1.7304153346154525,-61.282384925047225,47.44525547445255
sr_bounce,3,2.0,1.5,True,2196,-0.9773303631278754,-54.21470588626847,878,0.3273777473059942,13.296489143205136,47.722095671981776
sr_bounce,3,2.0,1.5,False,2990,-0.7449460690047078,-51.67535819925844,1281,-0.8451585275281682,-40.716301108083755,42.54488680718189
sr_bounce,3,2.0,2.0,True,2139,-0.8543089175699425,-51.66453156493721,860,0.4863496278025212,23.173301849940202,45.58139534883721
sr_bounce,3,2.0,2.0,False,2779,-0.7555690879193765,-52.74642373183036,1193,-0.6645407895903842,-34.9249116222102,40.067057837384745
sr_bounce,3,2.0,3.0,True,2090,-0.6802084346446509,-46.50343754526607,844,0.8212568231846652,48.63991480702771,44.78672985781991
sr_bounce,3,2.0,3.0,False,2602,-0.673724769166352,-50.186874492666284,1119,-0.685447115298186,-36.88708657397045,37.622877569258264
sr_bounce,5,1.0,1.0,True,2909,-2.719229555239722,-68.91787339044166,1174,-1.7753104145488823,-37.60415561456215,49.57410562180579
sr_bounce,5,1.0,1.0,False,5704,-3.8953638911884867,-89.72448592629722,2478,-3.4878676500457053,-70.14707820227092,47.65940274414851
sr_bounce,5,1.0,1.5,True,2706,-1.894881668258615,-61.62003448230611,1082,-0.9638952392069949,-26.686987585492744,40.75785582255083
sr_bounce,5,1.0,1.5,False,5060,-2.7877392250027166,-84.85893065267243,2204,-2.3980739064830447,-62.14289499798215,38.65698729582577
sr_bounce,5,1.0,2.0,True,2579,-1.4471647861535148,-55.63496415649808,1037,-0.9414186990186267,-28.913486813008845,34.81195756991321
sr_bounce,5,1.0,2.0,False,4587,-2.2777561809746745,-81.26084709026564,2017,-2.2906625180327724,-63.831541977267925,32.47397124442241
sr_bounce,5,1.0,3.0,True,2490,-1.4709563183885503,-60.51610511433494,1000,-0.5822399763253627,-22.343581192707035,29.4
sr_bounce,5,1.0,3.0,False,4020,-1.8554678291342952,-77.64734279436556,1775,-1.6694775533717245,-56.95301133246849,26.704225352112676
sr_bounce,5,1.5,1.0,True,2280,-1.4836989663975257,-56.41971900012198,913,-0.9636505275338412,-29.063305601344112,50.492880613362544
sr_bounce,5,1.5,1.0,False,4156,-2.0983841543011836,-79.23318706556614,1809,-2.329291441013203,-65.0306371802537,47.54007739082366
sr_bounce,5,1.5,1.5,True,2121,-1.252551538831703,-55.02867294812614,852,-0.5388799141190992,-21.107870591713848,42.370892018779344
sr_bounce,5,1.5,1.5,False,3616,-1.7684528583194492,-76.88082480303576,1577,-2.0074331539471557,-63.98890460187539,38.36398224476854
sr_bounce,5,1.5,2.0,True,2067,-1.0571589612784997,-52.023256460928486,829,-0.4855050916350193,-20.797611847739546,38.23884197828709
sr_bounce,5,1.5,2.0,False,3292,-1.327327257596322,-68.89992228873027,1436,-1.597967634538096,-58.156453951148194,34.88857938718663
sr_bounce,5,1.5,3.0,True,2034,-0.822785476716054,-46.94963852356994,815,-0.2755678805459361,-14.449534629444798,35.4601226993865
sr_bounce,5,1.5,3.0,False,2996,-0.7580641929236193,-51.56179297891795,1311,-0.7912057015714542,-38.476389693698266,33.10450038138825
sr_bounce,5,2.0,1.0,True,1893,-0.9091386521047451,-45.38070733500573,759,-0.6961372540403754,-26.719888618881058,50.59288537549407
sr_bounce,5,2.0,1.0,False,3254,-1.3094691365526585,-67.63988739854707,1394,-2.101632126323176,-67.20847210198241,46.48493543758967
sr_bounce,5,2.0,1.5,True,1805,-0.9479869661824895,-49.877142088548034,720,-0.33564568706451187,-16.584767647373482,45.416666666666664
sr_bounce,5,2.0,1.5,False,2843,-1.106302164603456,-64.06699641480168,1236,-1.5124911011254303,-58.44994633507797,40.85760517799353
sr_bounce,5,2.0,2.0,True,1779,-0.7339548643007174,-43.97901282146675,710,-0.08441130576448641,-6.97466628255124,43.94366197183099
sr_bounce,5,2.0,2.0,False,2663,-1.0415240390978895,-62.806758942893715,1160,-1.0937948903836496,-48.619905982368,39.741379310344826
sr_bounce,5,2.0,3.0,True,1760,-0.6179073757173871,-40.90996841439916,706,0.007833553377502625,-3.104067282632826,42.492917847025495
sr_bounce,5,2.0,3.0,False,2483,-0.8114435891990658,-55.08557644090039,1080,-0.886203518318416,-43.07062252894775,38.333333333333336
