n,base_rate,acc,acc_persistence,acc_drift,d_pers_pp,d_pers_ci,d_drift_pp,d_drift_ci,years_pers,years_drift,brier,brier_ref,bss,bss_ci_excludes_0,bss_diff_ci,auc,ece,mce,reliability_term,resolution_term,k_atr,hours,arm,n_nonoverlap,resolved_frac,ambiguous,admissible,primary
10391,0.486382446347801,0.5175632759118468,0.513617553652199,0.5037051294389375,0.39457222596477726,"[-0.625541333846598, 1.395438360119334]",1.3858146472909247,"[0.3464536618227312, 2.309691078818208]",5/9,7/9,0.2519188296149018,0.25002370242456795,-0.0075394043957170975,False,"[-0.003151506918601193, -0.0007581759249237614]",0.5133291944099473,0.016659962120352124,0.2551927273440393,0.0015264626571349026,0.00023803258531128439,0.5,4,BASE,10391,0.754723162607841,57,True,False
10384,0.48642141756548535,0.5202234206471494,0.5135785824345146,0.5037557781201849,0.6644838212634823,"[-0.3852080123266564, 1.550462249614792]",1.6467642526964559,"[0.6837442218798151, 2.4557010785824342]",3/9,4/9,0.25032923235892207,0.25002482136095044,-0.0011812935985107131,False,"[-0.001603401415202214, 0.0006146850407191975]",0.5247160010458484,0.017630404299763567,0.18751576635547845,0.001410720896869214,0.0009905682227840248,0.5,4,SOURCE,10384,0.754723162607841,57,True,False
11846,0.48725308120884686,0.5153638358939726,0.5127469187911531,0.5051494175249029,0.2616917102819517,"[-0.7091001181833531, 1.2578085429680905]",1.0214418369069727,"[-0.1608137768022961, 2.2205807867634637]",4/9,6/9,0.2524973460959118,0.25001059653377866,-0.009979223578832741,False,"[-0.0037881222348932707, -0.0012417039245185449]",0.5124798454770466,0.019564925089253386,0.25479788504155876,0.002002948524564965,0.00026409157101050265,0.5,6,BASE,11846,0.865894943758873,67,True,True
11839,0.487287777683926,0.5176957513303488,0.5127122223160739,0.5051102289044683,0.49835290142748545,"[-0.565926176197314, 1.4612720668975419]",1.2585522425880564,"[-0.008446659346228565, 2.41574457302137]",3/9,4/9,0.25094227149558945,0.25001239135848996,-0.0037573587418919807,False,"[-0.002033275368304523, -0.00010796792831272215]",0.5162310171703958,0.01611097357953801,0.21343126771540621,0.00125330128445053,0.00038837754770879946,0.5,6,SOURCE,11839,0.865894943758873,67,True,True
12817,0.4892720605445892,0.5101817898104081,0.5107279394554107,0.4926269797924631,-0.05461496450027307,"[-1.0380744323944762, 0.8738394320043691]",1.7554810017944917,"[0.3897167823983772, 3.019427323086526]",4/9,7/9,0.2535991116495459,0.25007699481181206,-0.014110392701631058,False,"[-0.005097490208643729, -0.002178926259682182]",0.5038017936482578,0.026025741898500886,0.38233776858800883,0.003262023936387978,0.00018099515182636814,0.5,9,BASE,6556,0.9415201485202577,71,True,False
12810,0.4893052302888368,0.5133489461358314,0.5106947697111631,0.492583918813427,0.2654176424668228,"[-0.5620608899297423, 1.0074160811865727]",2.0765027322404372,"[0.7256049960967994, 3.255659640905542]",3/9,7/9,0.25253227722990895,0.2500777781910517,-0.009844333623862278,False,"[-0.003543773768082362, -0.0014318100178579468]",0.5114028674763059,0.02283254275281146,0.27776321249635316,0.0024698752899589707,0.0003671808568131172,0.5,9,SOURCE,6555,0.9415201485202577,71,True,False
8847,0.48762292302475413,0.5104555216457556,0.5123770769752458,0.5070645416525376,-0.19215553294902227,"[-1.5598507968802984, 1.017293997965412]",0.339097999321804,"[-0.7912286650842093, 1.4134734938397193]",5/9,6/9,0.252222754991438,0.249973840592625,-0.009077465532741469,False,"[-0.0038657599379055808, -0.0008316446645902748]",0.5124722569697252,0.028084435070881174,0.32017531568535806,0.0023762719214753254,0.0003159326855251353,0.75,6,BASE,8847,0.6399475810855083,49,True,False
8840,0.48778280542986424,0.5117647058823529,0.5122171945701357,0.5069004524886878,-0.04524886877828054,"[-1.5616515837104072, 1.1764705882352942]",0.48642533936651583,"[-0.7358597285067873, 1.505090497737556]",5/9,5/9,0.2515963040997687,0.24997751504435714,-0.006566257997218772,False,"[-0.0034765253929003, -0.0003365384300254959]",0.5203201211017655,0.028096588116273333,0.17368895579343602,0.00189114026029094,0.0008297842350671739,0.75,6,SOURCE,8840,0.6399475810855083,49,True,False
10608,0.4868966817496229,0.5115007541478129,0.513103318250377,0.5058446455505279,-0.16025641025641024,"[-1.065233785822021, 0.6315987933634992]",0.5656108597285068,"[-0.9898190045248868, 1.9702111613876319]",3/9,5/9,0.2519279346266588,0.24998660914620455,-0.007790016306840286,False,"[-0.0036325548958863188, -0.0005039436665044647]",0.5138779454912381,0.02172266462755716,0.29860493941233535,0.002154733643613429,0.0003837326182240066,0.75,9,BASE,5746,0.7747078737577809,54,True,False
10601,0.4870295255164607,0.5154230732949722,0.5129704744835393,0.5058013394962739,0.2452598811432884,"[-1.037637958683143, 1.2828978398264315]",0.9621733798698237,"[-0.5763607206867276, 2.1983775115555133]",5/9,5/9,0.25252490399394106,0.24998870756962757,-0.010176159163636234,False,"[-0.0038961805704384534, -0.0015296854518848887]",0.5109886440545036,0.020248470630722538,0.3274060677113596,0.0030226737540764844,0.00029992955661348625,0.75,9,SOURCE,5746,0.7747078737577809,54,True,False
6135,0.4863895680521597,0.5178484107579462,0.5136104319478403,0.5007334963325183,0.4237978810105949,"[-1.0105949470252649, 1.5973920130399346]",1.7114914425427872,"[0.22819885900570497, 2.93398533007335]",4/9,6/9,0.2511146066960058,0.2500884345716527,-0.004796079893464311,False,"[-0.002542778137477252, 0.0002451882526572089]",0.5240542918840183,0.02699506576947975,0.24234980019725122,0.001943021195870788,0.00043943443027778,1.0,6,BASE,6135,0.4423937970951185,28,True,False
6128,0.48678198433420367,0.5279046997389034,0.5132180156657964,0.5004895561357703,1.468668407310705,"[-0.16400130548302866, 2.741514360313316]",2.741514360313316,"[1.3046671018276763, 3.965404699738903]",4/9,5/9,0.2503542936776239,0.2500927496235525,-0.0017404956417048645,False,"[-0.0025958575282898307, 0.0011877283340438465]",0.5299892288415489,0.017983185161981097,0.3969673298904186,0.0009751049404742992,0.0013565169354668079,1.0,6,SOURCE,6128,0.4423937970951185,28,True,False
8095,0.4836318715256331,0.5204447189623225,0.5163681284743669,0.5067325509573811,0.4076590487955528,"[-1.1488573193329215, 1.7794935145151323]",1.3712168004941323,"[-0.1358863495985176, 2.7424336009882646]",5/9,6/9,0.2516761456117549,0.2500031453567028,-0.00722522332068265,False,"[-0.0035434479700110124, -0.00011965431306344583]",0.526341026722152,0.02682013534145779,0.2724183163696081,0.002174369134818923,0.0008476644352585904,1.0,9,BASE,4654,0.5903680244621601,29,True,False
8088,0.48392680514342234,0.5176805143422354,0.5160731948565777,0.506429277942631,0.16073194856577644,"[-1.3847675568743818, 1.4589515331355094]",1.1251236399604352,"[-0.4327398615232443, 2.4851632047477747]",3/9,4/9,0.2537133375697543,0.25000743206236387,-0.01536537265320348,False,"[-0.005704712111144827, -0.0021276825816488594]",0.5169052085090589,0.028335373702373573,0.22639561789934637,0.0032248678104221653,0.0004259735618275195,1.0,9,SOURCE,4652,0.5903680244621601,29,True,False
4380,0.49360730593607305,0.5196347031963471,0.506392694063927,0.48926940639269406,1.3242009132420092,"[-0.6164383561643836, 3.0593607305936072]",3.036529680365297,"[1.2785388127853883, 4.680365296803653]",5/9,6/9,0.25183196129620283,0.2501520327686523,-0.007409380772517515,False,"[-0.003125401674834234, -0.00031432511987917815]",0.5207875768771025,0.02522956422590017,0.2126625035926325,0.001997190223185969,0.0007526901899709948,1.0,4,BASE,4380,0.31063667139892975,19,True,False
4373,0.4941687628630231,0.5202378230048021,0.5058312371369769,0.489137891607592,1.4406585867825292,"[-1.2131260004573519, 3.5216098788017383]",3.1099931397210154,"[0.846101074777041, 4.9405442487994495]",5/9,5/9,0.2485323522843193,0.25015636807939756,0.0058007979083425365,False,"[-0.001487862005788293, 0.0036603529785073224]",0.5359198239713883,0.03176524494813016,0.1143020549734946,0.0017807006943989262,0.0022231644987753155,1.0,4,SOURCE,4373,0.31063667139892975,19,True,False
