n,base_rate,acc,acc_persistence,acc_drift,d_pers_pp,d_pers_ci,d_drift_pp,d_drift_ci,years_pers,years_drift,brier,brier_ref,bss,bss_ci_excludes_0,bss_diff_ci,auc,ece,mce,reliability_term,resolution_term,k_atr,hours,arm,feed,resolved_frac,n_nonoverlap
9908,0.4889987888574889,0.5170569236980218,0.5110012111425111,0.4933387161889382,0.6055712555510698,"[-0.42389987888574887, 1.6552280985062575]",2.371820750908357,"[1.3120710536939846, 3.5224061364553894]",5/9,7/9,0.25197634942553543,0.2500484146769778,-0.007731307333732396,False,"[-0.0032569391578474638, -0.0007838860369277098]",0.5143107679155948,0.01684411645895661,0.19180849747744477,0.0014648571996443305,0.0005060082043679161,0.5,4,BASE,clean,0.7286135693215339,9908
9908,0.4889987888574889,0.5127169963665724,0.5110012111425111,0.4933387161889382,0.17157852240613647,"[-0.7771497779572063, 1.1107186112232537]",1.9378280177634235,"[0.9689140088817118, 2.8971538150989096]",4/9,6/9,0.2517444444184715,0.2500484146769778,-0.0068038475285618905,False,"[-0.002614300546171294, -0.0008645807556322725]",0.5078967038024708,0.01797593789435583,0.23050088347002218,0.001387910452771895,0.00024103661238610285,0.5,4,SOURCE,clean,0.7286135693215339,9908
11590,0.4882657463330457,0.5181190681622088,0.5117342536669542,0.5039689387402934,0.638481449525453,"[-0.4227782571182053, 1.648403796376186]",1.4150129421915445,"[0.16350301984469373, 2.5884383088869716]",4/9,6/9,0.2523524605196911,0.25002195914983383,-0.00937834604010912,False,"[-0.003587963258490472, -0.001100717287178056]",0.5117559449722942,0.016875951264592282,0.30023857595887604,0.0017951919505019283,0.00030226205335972416,0.5,6,BASE,clean,0.8522342401398448,11590
11590,0.4882657463330457,0.5155306298533219,0.5117342536669542,0.5039689387402934,0.3796376186367558,"[-0.5867126833477135, 1.3291630716134595]",1.1561691113028472,"[-0.051768766177739435, 2.3213977566867983]",4/9,5/9,0.25094528878798134,0.25002195914983383,-0.0037498347419726574,False,"[-0.0017028267512906635, -0.00015708244389950302]",0.5079081970194493,0.013366267792066568,0.2538257179028676,0.0010249917871319918,0.00023833346669277947,0.5,6,SOURCE,clean,0.8522342401398448,11590
12692,0.48975732745036243,0.5135518436810589,0.5102426725496376,0.4906240151276395,0.3309171131421368,"[-0.5988023952095809, 1.3079104947998739]",2.292782855341948,"[0.921840529467381, 3.695241096753861]",5/9,6/9,0.25344149124591425,0.25008240149282396,-0.013475899132917135,False,"[-0.004928237613895913, -0.0018443545700162647]",0.5063463338150646,0.022460819014874542,0.392000434897792,0.0028285986973409696,0.0001834884646526654,0.5,9,BASE,clean,0.9350486179394734,6509
12692,0.48975732745036243,0.5127639457926253,0.5102426725496376,0.4906240151276395,0.2521273242987709,"[-0.4731326820044122, 0.9927513394264103]",2.213993066498582,"[0.8347778127954616, 3.5305704380712255]",3/9,6/9,0.2533466285412952,0.25008240149282396,-0.01309655688557898,False,"[-0.004401334716113984, -0.002183562615356345]",0.49979118026523833,0.022297295528864135,0.27326250027930216,0.002693791173005403,0.00010390568631411646,0.5,9,SOURCE,clean,0.9350486179394734,6509
8374,0.49140195844279916,0.5114640554096012,0.5085980415572009,0.5029854310962503,0.2866013852400287,"[-1.0866969190351086, 1.5643658944351564]",0.8478624313350848,"[-0.3349653689992835, 1.8993312634344395]",6/9,7/9,0.2526153603217963,0.25000642375512905,-0.010541367136671642,False,"[-0.004380359778844859, -0.000982177717984581]",0.5151191801109052,0.028293998337512224,0.3027692279791764,0.0024165054826068115,0.00035366470073455546,0.75,6,BASE,clean,0.6143340981099094,8374
8374,0.49140195844279916,0.5094339622641509,0.5085980415572009,0.5029854310962503,0.08359207069500836,"[-1.0389300214951038, 1.229997611655123]",0.6448531167900645,"[-0.1791258657750179, 1.4688320993551467]",7/9,7/9,0.25249970189064147,0.25000642375512905,-0.010078696818480282,False,"[-0.003906469364104068, -0.001200617785392336]",0.5102231654673386,0.02656039297165014,0.2902076519894786,0.0023497551312024584,0.00016638086322199553,0.75,6,SOURCE,clean,0.6143340981099094,8374
10387,0.4905169923943391,0.5145855396168287,0.5094830076056609,0.5038028304611534,0.5102532011167806,"[-0.25994031000288825, 1.2327909887359194]",1.0782709155675363,"[-0.43323385000481374, 2.541638586694907]",6/9,7/9,0.25233992928144927,0.2500171385708812,-0.009378448012782314,False,"[-0.004147673938467051, -0.0007992991611167815]",0.5191628150551465,0.020065083163285043,0.30927771747757793,0.0022882352826514574,0.0003243941993923354,0.75,9,BASE,clean,0.7629192614443352,5677
10387,0.4905169923943391,0.5147780879946087,0.5094830076056609,0.5038028304611534,0.5295080388947723,"[-0.7129103687301434, 1.7714450755752384]",1.097525753345528,"[-0.4043515933378261, 2.4554731876383933]",6/9,7/9,0.2523017184585416,0.2500171385708812,-0.009225601884808476,False,"[-0.003582626392860592, -0.0011394526485236213]",0.5110440926997776,0.020021875980144658,0.2791987481894611,0.0021539197604778333,0.0002718886489554022,0.75,9,SOURCE,clean,0.7629192614443352,5677
5648,0.4969900849858357,0.5168201133144475,0.5030099150141643,0.4856586402266289,1.3810198300283285,"[-0.12393767705382436, 2.8151558073654392]",3.1161473087818696,"[1.6466005665722379, 4.638810198300283]",7/9,7/9,0.25116867066591386,0.2501716621366999,-0.004708197450087992,False,"[-0.00268823240836877, 0.0005995785655892339]",0.5327141993159105,0.032089057890857045,0.24624983434534098,0.0024661488168749115,0.0007234160515702473,1.0,6,BASE,clean,0.415929203539823,5648
5648,0.4969900849858357,0.5187677053824362,0.5030099150141643,0.4856586402266289,1.5757790368271956,"[-0.03629603399433423, 3.009915014164306]",3.310906515580737,"[1.8590651558073652, 4.585694050991501]",6/9,7/9,0.2522139235832123,0.2501716621366999,-0.008889348592999502,False,"[-0.003874204072077197, -0.00042173612588346823]",0.5272894096031606,0.031630120373604034,0.22806471882365575,0.00228474243051735,0.0005413817178193183,1.0,6,SOURCE,clean,0.415929203539823,5648
7769,0.48976702278285494,0.5255502638692239,0.5102329772171451,0.500193075041833,1.5317286652078774,"[0.025743338911056766, 2.8703822885828294]",2.5357188827390913,"[1.119191659158193, 3.86214442013129]",7/9,8/9,0.25199631951361673,0.25009240216485207,-0.00824056730394207,False,"[-0.004012632664197117, -0.00012638410183841533]",0.5292413588260176,0.025772266545351315,0.2917332649777453,0.0027964617667495537,0.001173121270706336,1.0,9,BASE,clean,0.5727630285152409,4494
7769,0.48976702278285494,0.512936027802806,0.5102329772171451,0.500193075041833,0.270305058566096,"[-1.248551937186253, 1.700347535075298]",1.2742952760973099,"[-0.25807697258334406, 2.728793924572017]",4/9,5/9,0.2546026164911177,0.25009240216485207,-0.01866839556837885,False,"[-0.006418587081128382, -0.002798920155997986]",0.5154684539303137,0.03731163806770468,0.21375478380362967,0.0037942289798042553,0.00025507924547684107,1.0,9,SOURCE,clean,0.5727630285152409,4494
3742,0.5082843399251737,0.5334045964724746,0.5082843399251737,0.4935863174772849,2.512025654730091,"[0.4543025120256547, 4.517637626937466]",3.9818278995189735,"[2.1378941742383755, 6.119722073757349]",7/9,7/9,0.25105555835242943,0.25011845493847934,-0.0041910482961826645,False,"[-0.0025121880386828025, 0.00039915736655173187]",0.5333844808668221,0.023402078051099187,0.16844841156416257,0.0016221249841136011,0.0012223301810441632,1.0,4,BASE,clean,0.2759204632360975,3742
3742,0.5082843399251737,0.5312667022982362,0.5082843399251737,0.4935863174772849,2.2982362373062535,"[0.13361838588989847, 4.17022982362373]",3.768038482095136,"[1.8172100481026188, 5.986103687867451]",6/9,7/9,0.2516320137367829,0.25011845493847934,-0.006496798228623035,False,"[-0.003306093975196796, -0.00019490143905638696]",0.5328774345082979,0.025762813354891074,0.21311714418316763,0.002428225033842068,0.0010752597910361524,1.0,4,SOURCE,clean,0.2759204632360975,3742
