draw,max_gap_pp,max_auc
0,4.609053497942389,0.5086912583551879
1,6.255144032921811,0.5116293987293017
2,7.444222609253837,0.5145144490909811
3,3.8847736625514386,0.5079819567270565
4,9.235948728621624,0.5141979372210239
5,2.699736093454219,0.5056301345992311
6,7.670781893004114,0.5112167321527289
7,12.230452674897125,0.510967272390013
8,8.576131687242805,0.5086921262442757
9,5.048884883982874,0.5042093871109831
10,4.2962527843105285,0.506782887078223
11,3.788354196254584,0.5052204455180785
12,3.321088243143533,0.5051772950094123
13,4.890858562981276,0.5148255978748622
14,4.0776827294646045,0.5083582988503319
15,3.75576620316852,0.5151548069312801
16,1.8855061496013459,0.504363014976102
17,6.148781803569259,0.5121169343087754
18,9.023689539867192,0.5064234930919735
19,5.814975063579608,0.5081568841119265
20,5.070822570179839,0.5123640475090777
21,10.833966377117942,0.522825972998076
22,5.250786577378403,0.5067803242188079
23,6.098358489942868,0.5063487764352199
24,8.684303955535416,0.5082741188904053
25,5.497942386831268,0.5072329835563371
26,6.822713072418718,0.5094529965014918
27,1.473073883943754,0.5056675134167748
28,3.8553718792027123,0.5080810742065724
29,6.091932091764873,0.5081987573652856
30,7.993391905083724,0.5067947136048859
31,9.38709919651573,0.5131258104894562
32,1.4841718231548784,0.5145868104800877
33,5.095396945976594,0.5173419644791714
34,4.361066155827853,0.5060282539595047
35,5.379890365697982,0.5136450468529038
36,4.02141266108268,0.5058043704186398
37,10.60088608545468,0.5071331022911486
38,8.552146293666258,0.5163334917406577
39,5.381627326319571,0.5120661264425403
40,4.2909785389860735,0.5044298870264508
41,10.29163199840919,0.5053397388620373
42,4.37324779941971,0.5110591850181108
43,6.056742742015392,0.5112739776460112
44,3.5874451194942925,0.5109539123166185
45,3.8684542405165945,0.5059551949920802
46,7.295336787564771,0.5121006152449789
47,9.555004880979201,0.5042722170930855
48,2.6369302395434446,0.5081805308804744
49,17.039777168587815,0.5226619773994737
50,2.6008230452674974,0.5090392731741344
51,2.4431032160914743,0.5009901179250412
52,4.14440003963405,0.5064266419920775
53,5.731320868063378,0.5050936375150787
54,12.710638438418604,0.5113154060512197
55,5.407245081595924,0.5124388640921997
56,0.0398831353336182,0.5018705607855779
57,8.574385397056068,0.5093330558894481
58,8.724279835390952,0.4996813567069836
59,3.743875989474954,0.5180329348563923
60,6.810843283021706,0.5065228216955106
61,7.145453180145678,0.5047122857127325
62,11.501579857097244,0.515219053797232
63,5.827160493827154,0.5175152911123271
64,6.159938452534353,0.5059324598904318
65,4.181069958847733,0.5183521697570208
66,6.9629629629629655,0.5169500543594442
67,2.5616679575359735,0.5093146168924814
68,6.222222222222223,0.5116470765931028
69,2.910030238850192,0.5028321974092039
70,6.361627002077386,0.5069376779232411
71,4.395061728395061,0.5040428315071374
72,4.914364065962312,0.5147089364845115
73,1.0387337987324607,0.5073863929814655
74,7.540377184001057,0.5059493022962074
75,2.679312897285391,0.507335086636028
76,4.5761316872428015,0.5045636337794459
77,4.495415400908554,0.5122565576752947
78,6.341667492375958,0.5111487436892939
79,6.6116193810483175,0.5084611859976226
80,1.7810533867625766,0.5082299516564767
81,7.796564048624516,0.5132250532641157
82,9.764962078546224,0.5090059934481694
83,1.2288052864759313,0.5050548141281996
84,10.929488623563866,0.5164497215569382
85,7.482466020875577,0.5036377296383197
86,4.411522633744852,0.5078782259809986
87,7.963223681794251,0.5194227512221701
88,3.0288065843621315,0.5184013876031531
89,2.9805467477933,0.5099311859873266
90,1.929263347600818,0.5066099087651843
91,0.6419753086419733,0.4994235994301452
92,4.547570774198395,0.5090143858668109
93,3.2590893429430445,0.5099507202914567
94,6.0893594853072,0.5088404457073132
95,3.959000781671451,0.5111660869269227
96,6.957614164771153,0.5071107330073802
97,4.987654320987655,0.5097782868127836
98,6.639039731762897,0.5084842187492444
99,3.674401141398209,0.5075687205115396
100,4.6014470575272695,0.5089530485004761
101,3.352451922623323,0.5132063489438429
102,5.947137103191613,0.5130916433828681
103,8.165024128904735,0.509874638572366
104,2.6009051287053553,0.5081818756462538
105,6.880658436213993,0.5111445514053685
106,6.847736625514406,0.504361258965793
107,3.214900536602827,0.5128088286926351
108,5.210783209431558,0.5090936862872609
109,4.528482058690297,0.5133579105451075
110,4.023985267540353,0.5075860517884814
111,6.208012682894609,0.5133992476472339
112,5.083684744229316,0.5061138650579771
113,6.8279119225302445,0.510790068637641
114,1.0699588477366295,0.5058910710441162
115,3.969669937555753,0.5144449406184911
116,3.7146040179719177,0.5069797454383513
117,10.084145747970924,0.5097849149986455
118,6.109940336968567,0.5054384165093689
119,2.346335502196384,0.5084809934562009
120,9.307689482511655,0.5090262851171568
121,6.2698806037395745,0.5162731429256754
122,4.828422070687899,0.5093165094596444
123,4.04456611920172,0.5287480212508116
124,3.381991815631269,0.5188089009354319
125,6.609296388075392,0.5158076911035491
126,9.363069760456554,0.5085703139582303
127,3.6271607214446,0.5061471920988968
128,4.938271604938271,0.5132343989145827
129,4.349175942134287,0.5130317538192392
130,7.358024691358023,0.5111985721351745
131,6.76759029811519,0.5158881170905744
132,4.880979199519409,0.5074482857472704
133,1.8765432098765356,0.5042697881828316
134,5.9879559141006675,0.5060583494966288
135,6.508998048111692,0.5077456786670552
136,5.939991220990326,0.5118428444368768
137,3.554739216209568,0.5138693012153472
138,10.06112487797552,0.5218040822117894
139,7.301344146579558,0.508952484395496
140,4.024630171960652,0.5079626809722719
141,4.915588310909253,0.5029798563580057
142,4.01141398212811,0.5058270568550123
143,8.400876352787046,0.5072906571823492
144,5.229410626377623,0.5042650413973944
145,5.107305069598322,0.5022343951006292
146,7.819478861605466,0.5048452766733083
147,3.29138730169215,0.5106103174913258
148,5.4985175355287685,0.5067988282539456
149,4.160975839495129,0.511866770840542
150,-0.03215758072088182,0.5012801232946078
151,8.396116695028343,0.5074581389548772
152,0.7796897534982583,0.5054199075473951
153,2.3254935832991097,0.5167568191592112
154,3.753086419753088,0.5105281315275251
155,5.967375062439306,0.5079136560500918
156,0.21865010236893356,0.5076965197861913
157,4.254496039567596,0.5096922942943066
158,4.181069958847738,0.5163390949397996
159,4.0987654320987605,0.5066393677776457
160,9.991302528872303,0.5074353021974185
161,3.9506172839506193,0.5097272657383598
162,11.308552977397312,0.513879512042567
163,4.546369302395437,0.5131145042339418
164,3.410982767538029,0.5096046734755618
165,4.115226337448563,0.507732459862497
166,4.1637766841717045,0.5097689127476526
167,9.170735281035292,0.5170129820458743
168,5.849104380662984,0.51546067366229
169,12.404784349252601,0.511838260778207
170,7.43358544990147,0.5067615124517497
171,8.172110835773827,0.5139915295585812
172,2.732510288065837,0.5069147904959027
173,12.768548182889106,0.5184869464185284
174,6.61316070504564,0.5068210418389604
175,5.4123301043778715,0.5188361416969133
176,9.95884773662552,0.5113491678648108
177,4.8536508501392355,0.5122450989039137
178,4.37860082304527,0.5098042379762028
179,7.645565818127209,0.508627839640742
180,3.6201510227790057,0.5060595877820833
181,11.133438462116096,0.5193321610248054
182,8.145677136660401,0.5159768113107821
183,2.2057613168724344,0.5134309415131313
184,3.0540234061058436,0.5024378282463509
185,5.532428056959721,0.5100896942117301
186,4.817958626460128,0.508001914548182
187,2.7086126285615686,0.5063879804614504
188,10.754374108282649,0.5150716691434365
189,7.073932152345036,0.5105809317532496
190,7.489953870374655,0.5164867321146682
191,7.5720164609053455,0.5065163338030478
192,6.172562230956391,0.5164740085624848
193,5.028679635807154,0.5116513970582736
194,7.901234567901233,0.5116042291807111
195,4.371415045524108,0.5041312722878524
196,7.1644946007421995,0.5071140150335028
197,5.381291088721035,0.5110294745238242
198,5.217992040249298,0.5121442476210448
199,0.8737703687016651,0.504975625509843
