cell,threshold,coverage,n,observed,ci_lo,ci_hi,crossings_per_month,median_dwell_h
1_BASE,0.52,0.6176276650304051,8430,0.5247924080664295,0.5173190984578885,0.5344068801897983,8.329406801411613,12.0
1_BASE,0.55,0.24023738002784087,3279,0.5236352546508082,0.5099115584019518,0.5358493443122903,3.6520494064805904,12.0
1_BASE,0.58,0.03560700417613012,486,0.522633744855967,0.49176954732510286,0.5720164609053497,2.128734680782804,4.0
1_BASE,0.6,0.022785552055095613,311,0.5530546623794212,0.5112540192926045,0.5884244372990354,2.070145652871351,4.0
1_BASE,0.65,0.01106308154443549,151,0.5165562913907285,0.4897350993377484,0.6291390728476821,0.9569541225537376,4.0
1_SOURCE,0.52,0.5617736323932193,7589,0.5171959414942681,0.5083607853472131,0.5278758729740414,6.075564484769928,4.0
1_SOURCE,0.55,0.18802279961507143,2540,0.528740157480315,0.5113779527559056,0.5457086614173228,7.515552171095269,8.0
1_SOURCE,0.58,0.05440817232955807,735,0.5156462585034014,0.49244897959183676,0.5387755102040817,3.195589112119248,4.0
1_SOURCE,0.6,0.021245095862017914,287,0.554006968641115,0.5121951219512195,0.5993031358885017,1.94299708360337,4.0
1_SOURCE,0.65,0.01798800799467022,243,0.5432098765432098,0.51440329218107,0.5967078189300411,1.8838195074530135,4.0
2_BASE,0.52,0.6719162027541752,9173,0.5285075765834515,0.518696173552818,0.5386514771612341,5.019126724414501,16.0
2_BASE,0.55,0.27336653970114266,3732,0.5281350482315113,0.5088156484458735,0.545016077170418,3.759462624318255,4.0
2_BASE,0.58,0.06072370348666862,829,0.49819059107358266,0.466767189384801,0.53437876960193,2.8610975296759706,4.0
2_BASE,0.6,0.021242308819220627,290,0.5275862068965518,0.5103448275862069,0.5586206896551724,1.8455543792107796,4.0
2_BASE,0.65,0.011719894520949311,160,0.575,0.5375,0.58125,1.152250882258582,4.0
2_SOURCE,0.52,0.7275216458225413,9831,0.5287356321839081,0.5203844980164786,0.5389075373817516,6.075564484769928,14.0
2_SOURCE,0.55,0.23370088063346406,3158,0.5319822672577581,0.5104179860671311,0.5547815072830906,6.706791963707064,8.0
2_SOURCE,0.58,0.04543772663361208,614,0.5374592833876222,0.49185667752442996,0.5716612377850163,2.810934867141931,4.0
2_SOURCE,0.6,0.017020646784577813,230,0.5217391304347826,0.4391304347826087,0.5652173913043478,1.183551523007129,4.0
2_SOURCE,0.65,0.005550210908014505,75,0.52,,,0.6016386908619572,4.0
3_BASE,0.52,0.7186813186813187,9810,0.528032619775739,0.5175280326197758,0.5395565749235474,5.626351732991014,12.0
3_BASE,0.55,0.30095238095238097,4108,0.5311587147030185,0.5145813047711782,0.5496835443037974,2.813175866495507,8.0
3_BASE,0.58,0.06857142857142857,936,0.5032051282051282,0.469017094017094,0.5395299145299145,3.057375160462131,4.0
3_BASE,0.6,0.05186813186813187,708,0.5028248587570622,0.4661016949152542,0.5480225988700564,2.598280487804878,4.0
3_BASE,0.65,0.01282051282051282,175,0.4857142857142857,0.37714285714285717,0.5885714285714285,1.0061010911424904,4.0
3_SOURCE,0.52,0.6251480165778567,8447,0.5270510240322008,0.5148514265419676,0.5388895465845862,1.8542307193778353,28.0
3_SOURCE,0.55,0.33570159857904086,4536,0.5365961199294532,0.5205026455026455,0.5553461199294533,4.250922553467271,4.0
3_SOURCE,0.58,0.07844878626406157,1060,0.530188679245283,0.4962264150943396,0.569811320754717,2.219159105638367,4.0
3_SOURCE,0.6,0.013913558318531676,188,0.5319148936170213,0.5212765957446809,0.6170212765957447,1.370947180816591,4.0
3_SOURCE,0.65,0.011841326228537596,160,0.525,0.51875,0.60625,1.1736885936487362,4.0
6_BASE,0.52,0.7977141182504213,10888,0.5456465833945628,0.5313142909625276,0.5627342027920647,3.33087836970475,12.0
6_BASE,0.55,0.4883141622096857,6665,0.5384846211552888,0.520622655663916,0.5596474118529632,2.8717836970474973,8.0
6_BASE,0.58,0.13414902190636677,1831,0.5095576187875478,0.47621518296013104,0.5505188421627526,1.4554277920410785,8.0
6_BASE,0.6,0.04073558502454392,556,0.48201438848920863,0.4442446043165468,0.5198741007194244,1.6898591142490373,4.0
6_BASE,0.65,0.03011209612425819,411,0.45255474452554745,0.41119221411192214,0.48905109489051096,1.12331675224647,4.0
6_SOURCE,0.52,0.806570963445316,10900,0.5436697247706422,0.5294449541284404,0.560091743119266,3.570380427738172,12.0
6_SOURCE,0.55,0.4613733905579399,6235,0.5387329591018444,0.5175621491579792,0.5586206896551724,3.2153149708360336,4.0
6_SOURCE,0.58,0.14096492526269055,1905,0.5133858267716536,0.48181102362204725,0.5496062992125984,4.093115683732988,4.0
6_SOURCE,0.6,0.05128015391445908,693,0.494949494949495,0.4574314574314574,0.5483405483405484,2.475595268956578,4.0
6_SOURCE,0.65,0.005031818854521237,68,0.5,,,0.532598185353208,4.0
