cell,lo,hi,n,share,mean_fc,observed,ci_lo,ci_hi,se,calib_err,obs_first_half,n_first,obs_second_half,n_second
0.5_4_BASE,0.0,0.4,249,0.023963044942738907,0.28799535053208547,0.4538152610441767,0.41365461847389556,0.4899598393574297,0.022856056090482673,0.16581991051209122,0.4657534246575342,146,0.4368932038834951,103
0.5_4_BASE,0.4,0.45,518,0.049850832451159656,0.42973457616542704,0.47876447876447875,0.4266409266409266,0.5463320463320464,0.03662910162902689,0.04902990259905171,0.3170731707317073,41,0.49266247379454925,477
0.5_4_BASE,0.45,0.5,5813,0.5594264267154269,0.47823025005970327,0.4760020643385515,0.4643041458799243,0.4868398417340444,0.006777782945893399,-0.002228185721151743,0.4905123339658444,3162,0.45869483213881557,2651
0.5_4_BASE,0.5,1.0,3811,0.36675969589067464,0.529906737216401,0.5053791655733403,0.49120965625819996,0.5174494883232748,0.008035990921977515,-0.02452757164306074,0.5054171180931745,1846,0.5053435114503817,1965
0.5_4_SOURCE,0.0,0.4,493,0.0474768875192604,0.32190133826017475,0.42190669371196754,0.3711967545638945,0.48073022312373226,0.03355453454219104,0.10000535545179279,0.5,124,0.3956639566395664,369
0.5_4_SOURCE,0.4,0.5,6460,0.6221109399075501,0.4750279792964434,0.4787925696594427,0.46687306501547987,0.48962848297213624,0.007066494418090654,0.0037645903629993094,0.4898958971218616,3266,0.46743894802755165,3194
0.5_4_SOURCE,0.5,0.55,2950,0.2840909090909091,0.5165296755192264,0.4966101694915254,0.48135593220338985,0.5091525423728813,0.008522816725772582,-0.01991950602770093,0.4982185273159145,1684,0.49447077409162715,1266
0.5_4_SOURCE,0.55,1.0,481,0.04632126348228043,0.6465780757390597,0.5925155925155925,0.527962577962578,0.6361746361746362,0.03316549014501194,-0.054062483223467184,0.5254237288135594,118,0.6143250688705234,363
0.5_6_BASE,0.0,0.45,1521,0.12839777139962857,0.42128487673296106,0.4608809993425378,0.4325772518080211,0.48586456278763973,0.016881932966299116,0.039596122609576734,0.46835443037974683,632,0.45556805399325084,889
0.5_6_BASE,0.45,0.5,6750,0.5698125949687658,0.476845724943025,0.48414814814814816,0.4714,0.49466666666666664,0.006986901825904565,0.007302423205123143,0.4914970727627544,3587,0.4758141005374644,3163
0.5_6_BASE,0.5,0.55,2818,0.23788620631436772,0.5148451166859184,0.5053229240596168,0.485805535841022,0.5234208658623137,0.011873107113959466,-0.009522192626301607,0.5017543859649123,1140,0.5077473182359953,1678
0.5_6_BASE,0.55,1.0,757,0.06390342731723789,0.6267047617736198,0.5006605019815059,0.47424042272126815,0.5337516512549537,0.01838471091203432,-0.12604425979211387,0.48404255319148937,564,0.5492227979274611,193
0.5_6_SOURCE,0.0,0.4,330,0.027873975842554268,0.33170636497838896,0.4212121212121212,0.36363636363636365,0.4696969696969697,0.03200193965081088,0.08950575623373225,0.4322033898305085,118,0.41509433962264153,212
0.5_6_SOURCE,0.4,0.45,607,0.0512712222316074,0.4215942146345417,0.4728171334431631,0.45634266886326197,0.5057660626029654,0.014930285084723646,0.0512229188086214,0.4738955823293173,249,0.4720670391061452,358
0.5_6_SOURCE,0.45,0.5,7249,0.6122983360081088,0.47616435412505786,0.48103186646433993,0.46944406124982757,0.4913781211201545,0.006839986378932017,0.004867512339282065,0.4902962206332993,3916,0.47014701470147013,3333
0.5_6_SOURCE,0.5,0.55,3011,0.25432891291494214,0.5132866518020778,0.5008302889405513,0.4789106609099967,0.5190966456326802,0.011671288721547683,-0.012456362861526515,0.49755073477956613,1429,0.5037926675094817,1582
0.5_6_SOURCE,0.55,0.65,431,0.036405101782245125,0.5760647376397284,0.5475638051044084,0.5104408352668214,0.568445475638051,0.01759434187015091,-0.028500932535320045,0.5275590551181102,127,0.555921052631579,304
0.5_6_SOURCE,0.65,1.0,211,0.017822451220542275,0.7442369549191977,0.5308056872037915,0.44549763033175355,0.5876777251184834,0.04186409106080892,-0.21343126771540621,0.4375,80,0.5877862595419847,131
0.5_9_BASE,0.0,0.4,258,0.020129515487243503,0.25606595229009604,0.45348837209302323,0.3992248062015504,0.49224806201550386,0.027697972735350473,0.19742241980292718,0.44171779141104295,163,0.47368421052631576,95
0.5_9_BASE,0.4,0.45,1255,0.09791682921120387,0.4348126770715242,0.5107569721115538,0.47725099601593624,0.5450199203187251,0.0207728701610543,0.07594429504002959,0.5421686746987951,498,0.4900924702774108,757
0.5_9_BASE,0.45,0.5,7287,0.5685417804478428,0.4783804884867326,0.48140524221215863,0.46987100315630576,0.49225332784410597,0.006861463888756961,0.0030247537254260437,0.49051957645900024,4061,0.4699318040917545,3226
0.5_9_BASE,0.5,1.0,4017,0.3134118748537099,0.5402752001323161,0.49912870301219814,0.4829474732387354,0.512571570823998,0.008885921623742299,-0.041146497120117975,0.48991696322657174,1686,0.5057915057915058,2331
0.5_9_SOURCE,0.0,0.4,208,0.016237314597970336,0.25494157299069575,0.5288461538461539,0.4855769230769231,0.5480769230769231,0.01923965900296302,0.2739045808554581,0.5178571428571429,56,0.5328947368421053,152
0.5_9_SOURCE,0.4,0.45,1464,0.11428571428571428,0.43928692433031113,0.4521857923497268,0.4180327868852459,0.47950819672131145,0.018899274342582366,0.012898868019415644,0.4574468085106383,188,0.45141065830721006,1276
0.5_9_SOURCE,0.45,0.5,8372,0.653551912568306,0.478496034954348,0.48924988055422836,0.4795747730530339,0.49892498805542285,0.005948437322989212,0.010753845599880352,0.49263565891472866,5160,0.4838107098381071,3212
0.5_9_SOURCE,0.5,0.55,2091,0.163231850117096,0.5260155912585098,0.49402199904351984,0.47058823529411764,0.5141319942611191,0.01313958405718314,-0.031993592214989985,0.5044814340588989,781,0.48778625954198473,1310
0.5_9_SOURCE,0.55,1.0,675,0.05269320843091335,0.6321466376020928,0.5437037037037037,0.5066666666666667,0.5777777777777777,0.021996977769715816,-0.08844293389838909,0.4909090909090909,220,0.5692307692307692,455
0.75_6_BASE,0.0,0.4,407,0.046004295241324746,0.3511566819124155,0.4226044226044226,0.39803439803439805,0.457002457002457,0.017725498250200422,0.0714477406920071,0.42857142857142855,119,0.4201388888888889,288
0.75_6_BASE,0.4,0.45,1833,0.20718887758562224,0.4465371313857729,0.4828150572831424,0.46153846153846156,0.5073649754500819,0.014328837785077136,0.0362779258973695,0.4772209567198178,878,0.48795811518324606,955
0.75_6_BASE,0.45,0.5,3536,0.39968350853396634,0.47997412160396385,0.48925339366515835,0.47398190045248867,0.505387443438914,0.009484766874075278,0.009279272061194499,0.5111111111111111,1665,0.46980224478888294,1871
0.75_6_BASE,0.5,0.55,2544,0.28755510342488977,0.51569210837145,0.4968553459119497,0.47600235849056605,0.5153498427672956,0.011873217557274648,-0.018836762459500278,0.49937106918238994,1590,0.49266247379454925,954
0.75_6_BASE,0.55,1.0,527,0.059568215214196904,0.6359660317556131,0.4990512333965844,0.4667931688804554,0.5295066413662238,0.020175623524336862,-0.13691479835902864,0.543859649122807,171,0.47752808988764045,356
0.75_6_SOURCE,0.0,0.4,424,0.04796380090497738,0.30710464986277386,0.4221698113207547,0.37028301886792453,0.4858490566037736,0.034734152128592446,0.11506516145798085,0.5111111111111111,135,0.3806228373702422,289
0.75_6_SOURCE,0.4,0.45,1219,0.13789592760180996,0.43929718180045185,0.4634946677604594,0.4421657095980312,0.4963084495488105,0.01637447486780179,0.024197485960007536,0.47496947496947495,819,0.44,400
0.75_6_SOURCE,0.45,0.5,4479,0.5066742081447964,0.48008909540574557,0.4936369725385131,0.478231748158071,0.5097231524893949,0.009567078423824005,0.013547877132767505,0.5081788440567067,1834,0.4835538752362949,2645
0.75_6_SOURCE,0.5,0.6,2374,0.268552036199095,0.5188763700868473,0.4941027801179444,0.4709351305812974,0.5109730412805391,0.012872122799997526,-0.024773589968902887,0.4954663212435233,1544,0.491566265060241,830
0.75_6_SOURCE,0.6,1.0,344,0.03891402714932127,0.6819652059319246,0.5348837209302325,0.3866279069767442,0.6104651162790697,0.0682781944385586,-0.14708148500169205,0.5681818181818182,88,0.5234375,256
0.75_9_BASE,0.0,0.4,287,0.02705505279034691,0.2969590462127574,0.3797909407665505,0.3205574912891986,0.46689895470383275,0.04572695697909871,0.08283189455379308,0.43103448275862066,174,0.3008849557522124,113
0.75_9_BASE,0.4,0.45,1032,0.09728506787330317,0.4375044179280526,0.48158914728682173,0.44375000000000003,0.5213178294573644,0.023706114511713505,0.044084729358769115,,1,0.48205625606207564,1031
0.75_9_BASE,0.45,0.5,7406,0.6981523378582202,0.48329327823917295,0.4896030245746692,0.4767553335133675,0.5013502565487442,0.00750300985070234,0.006309746335496247,0.49943782325163033,4447,0.4748225751943224,2959
0.75_9_BASE,0.5,0.55,1262,0.11896681749622925,0.5133953641398553,0.4865293185419968,0.4611727416798732,0.5126782884310618,0.015647725017348683,-0.02686604559785849,0.505175983436853,483,0.4749679075738126,779
0.75_9_BASE,0.55,1.0,621,0.05854072398190045,0.6433669903844693,0.5136876006441223,0.47665056360708535,0.5491948470209339,0.022469546639593437,-0.12967938974034698,0.5125628140703518,199,0.514218009478673,422
0.75_9_SOURCE,0.0,0.4,489,0.04612772379964154,0.3408056477128588,0.49284253578732107,0.46421267893660534,0.5460122699386503,0.02563666578017159,0.15203688807446225,0.48186528497409326,193,0.5,296
0.75_9_SOURCE,0.4,0.45,391,0.03688331289500991,0.44281897489555355,0.5345268542199488,0.4936061381074169,0.5677749360613811,0.021915999469886042,0.09170787932439528,0.5514705882352942,136,0.5254901960784314,255
0.75_9_SOURCE,0.45,0.5,6779,0.6394679747193661,0.47619153000350467,0.47632394158430447,0.46231007523233514,0.4900501548901018,0.00821960998602765,0.0001324115807997961,0.4941977800201816,3964,0.4511545293072824,2815
0.75_9_SOURCE,0.5,0.55,2062,0.194509951891331,0.5053424370769901,0.5067895247332687,0.476721629485936,0.527643064985451,0.01556768657350654,0.001447087656278545,0.49122807017543857,627,0.5135888501742161,1435
0.75_9_SOURCE,0.55,0.6,464,0.04376945571172531,0.569800194872492,0.5150862068965517,0.47198275862068967,0.5495689655172413,0.023669402069856568,-0.05471398797594029,0.5127118644067796,236,0.5175438596491229,228
0.75_9_SOURCE,0.6,1.0,416,0.03924158098292614,0.6614937855714292,0.4807692307692308,0.4037259615384616,0.53125,0.03943628992636648,-0.18072455480219846,0.5833333333333334,144,0.4264705882352941,272
1.0_6_BASE,0.0,0.4,276,0.044987775061124696,0.36341193560906837,0.4782608695652174,0.40942028985507245,0.5072463768115942,0.02877180620109022,0.11484893395614904,0.5348837209302325,43,0.4678111587982833,233
1.0_6_BASE,0.4,0.45,1886,0.30741646291768543,0.43522201184733844,0.46447507953340406,0.4342523860021209,0.49045599151643693,0.016531073551840983,0.029253067686065615,0.4800483675937122,827,0.4523135033050047,1059
1.0_6_BASE,0.45,0.5,2235,0.3643031784841076,0.48431536408284626,0.4894854586129754,0.472013422818792,0.5140939597315436,0.013122717655322831,0.005170094530129121,0.5075075075075075,1332,0.4629014396456257,903
1.0_6_BASE,0.5,0.55,1228,0.20016299918500408,0.519703561147564,0.5,0.464942996742671,0.5276872964169381,0.019139413434090015,-0.019703561147563997,0.514745308310992,746,0.47717842323651455,482
1.0_6_BASE,0.55,0.6,299,0.04873675631621842,0.5844321044846882,0.5384615384615384,0.47157190635451507,0.568561872909699,0.030338909599533042,-0.04597056602314975,,8,0.5326460481099656,291
1.0_6_BASE,0.6,1.0,211,0.03439282803585982,0.6457289263647983,0.5071090047393365,0.4549763033175355,0.5734597156398105,0.034593749101839245,-0.13861992162546177,0.5225225225225225,111,0.49,100
1.0_6_SOURCE,0.0,0.45,1942,0.31690600522193213,0.4258836804793079,0.45417095777548916,0.4309989701338826,0.4819773429454171,0.014849331303423703,0.028287277296181246,0.4769585253456221,868,0.43575418994413406,1074
1.0_6_SOURCE,0.45,0.5,2320,0.3785900783289817,0.480370781500029,0.484051724137931,0.4586206896551724,0.5060560344827586,0.01429510239339244,0.0036809426379020294,0.5088666152659984,1297,0.4525904203323558,1023
1.0_6_SOURCE,0.5,0.55,1209,0.1972911227154047,0.5174830374292742,0.5128205128205128,0.4813895781637717,0.5401571546732836,0.01791626998814027,-0.004662524608761376,0.5150078988941548,633,0.5104166666666666,576
1.0_6_SOURCE,0.55,1.0,657,0.10721279373368146,0.6062349350559055,0.5449010654490106,0.4763318112633181,0.5799847792998477,0.031704206769411936,-0.06133386960689491,0.5338345864661654,266,0.5524296675191815,391
1.0_9_BASE,0.0,0.4,331,0.04088943792464484,0.302049769594034,0.4169184290030212,0.3564954682779456,0.48036253776435045,0.037183806466648685,0.11486865940898716,0.3710691823899371,159,0.45930232558139533,172
1.0_9_BASE,0.4,0.45,1896,0.23421865348980853,0.4398179007089664,0.4477848101265823,0.42035864978902954,0.47310126582278483,0.01631264378879854,0.007966909417615853,0.47293447293447294,702,0.43299832495812396,1194
1.0_9_BASE,0.45,0.5,3413,0.42161828289067327,0.475600227123102,0.493407559331966,0.4763990624084383,0.5121593905654849,0.010856400828352285,0.01780733220886399,0.5080402010050251,1990,0.4729444834855938,1423
1.0_9_BASE,0.5,0.6,2087,0.2578134651019148,0.5235968576684147,0.4992812649736464,0.4676569238140872,0.5223047436511739,0.01635629251382582,-0.024315592694768295,0.49654491609081935,1013,0.5018621973929237,1074
1.0_9_BASE,0.6,1.0,368,0.04546016059295862,0.6914650605600331,0.5489130434782609,0.46467391304347827,0.5978260869565217,0.04054459570889831,-0.14255201708177223,0.5792349726775956,183,0.518918918918919,185
1.0_9_SOURCE,0.0,0.4,373,0.04611770524233432,0.25526395218667336,0.4343163538873995,0.40214477211796246,0.47989276139410186,0.02349486257862244,0.17905240170072612,0.4372093023255814,215,0.43037974683544306,158
1.0_9_SOURCE,0.4,0.45,1239,0.1531899109792285,0.4430557353689306,0.46731234866828086,0.42534301856335754,0.4963680387409201,0.021105325776950137,0.02425661329935025,0.5076335877862596,262,0.4564994882292733,977
1.0_9_SOURCE,0.45,0.5,3999,0.4944362017804154,0.4739610739148726,0.48212053013253314,0.46660415103775943,0.5011377844461115,0.010527593177914464,0.008159456217660566,0.5003805175038052,2628,0.4471188913202042,1371
1.0_9_SOURCE,0.5,0.65,2240,0.27695351137487634,0.5217218336957382,0.5022321428571429,0.47366071428571427,0.5236830357142856,0.015556159313727438,-0.019489690838595308,0.4911452184179457,847,0.5089734386216799,1393
1.0_9_SOURCE,0.65,1.0,237,0.0293026706231454,0.732724731823397,0.5063291139240507,0.38396624472573837,0.5527426160337553,0.05037035936541528,-0.22639561789934637,0.5543478260869565,92,0.47586206896551725,145
1.0_4_BASE,0.0,0.45,1124,0.25662100456621006,0.41824402684295825,0.4608540925266904,0.4359430604982206,0.4795373665480427,0.013473169435083239,0.04261006568373216,0.4759036144578313,498,0.4488817891373802,626
1.0_4_BASE,0.45,0.5,1270,0.2899543378995434,0.48085901474655046,0.48976377952755906,0.4645669291338583,0.510236220472441,0.013782851680040707,0.0089047647810086,0.48253557567917205,773,0.5010060362173038,497
1.0_4_BASE,0.5,0.55,1525,0.3481735159817352,0.5283759629481274,0.5095081967213114,0.48131147540983604,0.5298360655737705,0.015354313591781457,-0.018867766226815963,0.5393474088291746,521,0.4940239043824701,1004
1.0_4_BASE,0.55,1.0,461,0.10525114155251142,0.5803240405925216,0.5314533622559653,0.5032537960954447,0.5661605206073753,0.01994450625228469,-0.04887067833655634,0.5452261306532663,398,0.4444444444444444,63
1.0_4_SOURCE,0.0,0.4,234,0.05351017608049394,0.2874073467359071,0.4017094017094017,0.36324786324786323,0.44871794871794873,0.02695981213813958,0.1143020549734946,0.5,72,0.35802469135802467,162
1.0_4_SOURCE,0.4,0.45,629,0.14383718271209694,0.4330930863183001,0.4912559618441971,0.45310015898251194,0.5214626391096979,0.02049147669089439,0.058162875525896995,0.46808510638297873,423,0.5388349514563107,206
1.0_4_SOURCE,0.45,0.5,1381,0.3158015092613766,0.4745587766559703,0.47936278059377263,0.44746560463432294,0.5054308472121651,0.017979697584393328,0.004804003937802337,0.48467966573816157,718,0.473604826546003,663
1.0_4_SOURCE,0.5,0.55,1468,0.3356963183169449,0.5183116407183133,0.4904632152588556,0.4652588555858311,0.5143051771117166,0.015301055269932922,-0.02784842545945765,0.5339285714285714,560,0.46365638766519823,908
1.0_4_SOURCE,0.55,1.0,661,0.1511548136290876,0.6112896650166376,0.5688350983358548,0.5068078668683812,0.6111951588502269,0.03218345120279359,-0.042454566680782846,0.5472154963680388,413,0.6048387096774194,248
