cell,measure,rule,extreme,horizon,n,per_week,gross_bp,net_bp,t,hit,skipped_long_bp,years_pos,years
net_oi_CONTRARIAN_20pct_1w,net_oi,CONTRARIAN,0.2,1,124,0.3780487804878049,-15.627479021956065,-17.967479021956066,-0.84009376393917,0.45161290322580644,30.391110129528215,4,7
net_oi_CONTRARIAN_20pct_2w,net_oi,CONTRARIAN,0.2,2,123,0.43157894736842106,-26.3318008749182,-28.67180087491819,-1.0271287144682284,0.4634146341463415,53.13521123681461,4,6
net_oi_CONTRARIAN_20pct_4w,net_oi,CONTRARIAN,0.2,4,123,0.43157894736842106,-72.75581099313067,-75.09581099313068,-1.9278655083115472,0.43089430894308944,102.47638833779996,4,6
net_oi_MOMENTUM_20pct_1w,net_oi,MOMENTUM,0.2,1,124,0.3780487804878049,15.627479021956065,13.28747902195607,0.84009376393917,0.5403225806451613,30.391110129528215,3,7
net_oi_MOMENTUM_20pct_2w,net_oi,MOMENTUM,0.2,2,123,0.43157894736842106,26.3318008749182,23.99180087491819,1.0271287144682284,0.5284552845528455,53.13521123681461,2,6
net_oi_MOMENTUM_20pct_4w,net_oi,MOMENTUM,0.2,4,123,0.43157894736842106,72.75581099313067,70.41581099313068,1.9278655083115472,0.5691056910569106,102.47638833779996,2,6
net_oi_CONTRARIAN_30pct_1w,net_oi,CONTRARIAN,0.3,1,164,0.4954682779456193,-17.679790981532676,-20.019790981532676,-1.0352024499761483,0.4634146341463415,22.947898617829544,4,7
net_oi_CONTRARIAN_30pct_2w,net_oi,CONTRARIAN,0.3,2,163,0.5563139931740614,-34.367325173898344,-36.70732517389833,-1.4255732393627858,0.4662576687116564,40.04667329484431,4,6
net_oi_CONTRARIAN_30pct_4w,net_oi,CONTRARIAN,0.3,4,163,0.5563139931740614,-69.76240789104766,-72.10240789104766,-1.9904405831806165,0.4539877300613497,76.3667168531931,3,6
net_oi_MOMENTUM_30pct_1w,net_oi,MOMENTUM,0.3,1,164,0.4954682779456193,17.679790981532676,15.339790981532692,1.0352024499761483,0.5304878048780488,22.947898617829544,2,7
net_oi_MOMENTUM_30pct_2w,net_oi,MOMENTUM,0.3,2,163,0.5563139931740614,34.367325173898344,32.02732517389833,1.4255732393627858,0.5214723926380368,40.04667329484431,2,6
net_oi_MOMENTUM_30pct_4w,net_oi,MOMENTUM,0.3,4,163,0.5563139931740614,69.76240789104766,67.42240789104767,1.9904405831806165,0.5398773006134969,76.3667168531931,3,6
z156_CONTRARIAN_20pct_1w,z156,CONTRARIAN,0.2,1,149,0.4570552147239264,4.143478858805774,1.80347885880578,0.1935201540470162,0.5033557046979866,30.029801085441694,5,7
z156_CONTRARIAN_20pct_2w,z156,CONTRARIAN,0.2,2,149,0.4570552147239264,-2.781574622836844,-5.121574622836843,-0.09980828520611866,0.5100671140939598,64.94871440793285,4,7
z156_CONTRARIAN_20pct_4w,z156,CONTRARIAN,0.2,4,148,0.4567901234567901,-19.7841331828601,-22.124133182860103,-0.5401506046359722,0.46621621621621623,133.782608343312,4,7
z156_MOMENTUM_20pct_1w,z156,MOMENTUM,0.2,1,149,0.4570552147239264,-4.143478858805774,-6.483478858805775,-0.1935201540470162,0.4899328859060403,30.029801085441694,2,7
z156_MOMENTUM_20pct_2w,z156,MOMENTUM,0.2,2,149,0.4570552147239264,2.781574622836844,0.44157462283684507,0.09980828520611866,0.48322147651006714,64.94871440793285,3,7
z156_MOMENTUM_20pct_4w,z156,MOMENTUM,0.2,4,148,0.4567901234567901,19.7841331828601,17.444133182860092,0.5401506046359722,0.527027027027027,133.782608343312,3,7
z156_CONTRARIAN_30pct_1w,z156,CONTRARIAN,0.3,1,198,0.592814371257485,-2.3543519848512426,-4.694351984851245,-0.13129006557428982,0.5050505050505051,29.602381007203647,5,8
z156_CONTRARIAN_30pct_2w,z156,CONTRARIAN,0.3,2,198,0.592814371257485,0.7982678820661188,-1.5417321179338799,0.033115498590379676,0.5,60.029903798230656,5,8
z156_CONTRARIAN_30pct_4w,z156,CONTRARIAN,0.3,4,196,0.5903614457831325,5.103785188447481,2.7637851884474838,0.15324232322120543,0.5,114.21659416449232,5,8
z156_MOMENTUM_30pct_1w,z156,MOMENTUM,0.3,1,198,0.592814371257485,2.3543519848512426,0.01435198485124358,0.13129006557428982,0.4898989898989899,29.602381007203647,3,8
z156_MOMENTUM_30pct_2w,z156,MOMENTUM,0.3,2,198,0.592814371257485,-0.7982678820661188,-3.138267882066122,-0.033115498590379676,0.494949494949495,60.029903798230656,3,8
z156_MOMENTUM_30pct_4w,z156,MOMENTUM,0.3,4,196,0.5903614457831325,-5.103785188447481,-7.443785188447473,-0.15324232322120543,0.49489795918367346,114.21659416449232,3,8
cotidx_CONTRARIAN_20pct_1w,cotidx,CONTRARIAN,0.2,1,136,0.4171779141104294,-5.062877395401991,-7.402877395401994,-0.22812462941704145,0.47794117647058826,34.7792713958356,3,7
cotidx_CONTRARIAN_20pct_2w,cotidx,CONTRARIAN,0.2,2,136,0.4171779141104294,-7.79729639390678,-10.137296393906785,-0.2649415442251695,0.49264705882352944,63.60706084019059,3,7
cotidx_CONTRARIAN_20pct_4w,cotidx,CONTRARIAN,0.2,4,135,0.4179566563467492,-20.067430193397072,-22.407430193397065,-0.5175870381754442,0.4740740740740741,127.29989956884596,5,7
cotidx_MOMENTUM_20pct_1w,cotidx,MOMENTUM,0.2,1,136,0.4171779141104294,5.062877395401991,2.7228773954019903,0.22812462941704145,0.5147058823529411,34.7792713958356,3,7
cotidx_MOMENTUM_20pct_2w,cotidx,MOMENTUM,0.2,2,136,0.4171779141104294,7.79729639390678,5.457296393906781,0.2649415442251695,0.5,63.60706084019059,3,7
cotidx_MOMENTUM_20pct_4w,cotidx,MOMENTUM,0.2,4,135,0.4179566563467492,20.067430193397072,17.72743019339707,0.5175870381754442,0.5185185185185185,127.29989956884596,2,7
cotidx_CONTRARIAN_30pct_1w,cotidx,CONTRARIAN,0.3,1,195,0.5909090909090909,8.27110368018009,5.9311036801800885,0.4524947490442076,0.517948717948718,31.275985868291393,6,7
cotidx_CONTRARIAN_30pct_2w,cotidx,CONTRARIAN,0.3,2,195,0.5909090909090909,20.68291811778191,18.342918117781913,0.8507705724193844,0.5230769230769231,66.66726845797989,5,7
cotidx_CONTRARIAN_30pct_4w,cotidx,CONTRARIAN,0.3,4,193,0.5884146341463414,34.02262598501056,31.682625985010564,1.0167072686072562,0.5233160621761658,124.10186776788008,5,7
cotidx_MOMENTUM_30pct_1w,cotidx,MOMENTUM,0.3,1,195,0.5909090909090909,-8.27110368018009,-10.611103680180086,-0.4524947490442076,0.47692307692307695,31.275985868291393,1,7
cotidx_MOMENTUM_30pct_2w,cotidx,MOMENTUM,0.3,2,195,0.5909090909090909,-20.68291811778191,-23.02291811778191,-0.8507705724193844,0.4666666666666667,66.66726845797989,2,7
cotidx_MOMENTUM_30pct_4w,cotidx,MOMENTUM,0.3,4,193,0.5884146341463414,-34.02262598501056,-36.362625985010574,-1.0167072686072562,0.47150259067357514,124.10186776788008,2,7
