cell,measure,rule,extreme,horizon,n,per_week,gross_bp,base_bp,excess_bp,t_excess,skipped_bp,years_pos,years
GVZ_level_HIGH_LONG_20_5d,GVZ_level,HIGH_LONG,0.2,5,1114,2.4552896725440805,7.742491794206501,24.129313466016754,-16.38682167181026,-2.1293179417282113,24.150283106078707,2,9
GVZ_level_HIGH_LONG_20_10d,GVZ_level,HIGH_LONG,0.2,10,1109,2.4519898926089705,0.07440117064078942,47.75033157960849,-47.6759304089677,-4.657096115131634,46.12981622515569,2,9
GVZ_level_HIGH_LONG_20_20d,GVZ_level,HIGH_LONG,0.2,20,1100,2.4428934010152283,0.006947049761785655,93.86100855713595,-93.85406150737415,-6.716022674355968,83.62942029627682,2,9
GVZ_level_HIGH_SHORT_20_5d,GVZ_level,HIGH_SHORT,0.2,5,1114,2.4552896725440805,-7.742491794206501,24.129313466016754,-31.871805260223255,-4.141450254054291,24.150283106078707,3,9
GVZ_level_HIGH_SHORT_20_10d,GVZ_level,HIGH_SHORT,0.2,10,1109,2.4519898926089705,-0.07440117064078942,47.75033157960849,-47.82473275024929,-4.671631474998982,46.12981622515569,3,9
GVZ_level_HIGH_SHORT_20_20d,GVZ_level,HIGH_SHORT,0.2,20,1100,2.4428934010152283,-0.006947049761785655,93.86100855713595,-93.86795560689772,-6.717016910363887,83.62942029627682,5,9
GVZ_level_HIGH_LONG_30_5d,GVZ_level,HIGH_LONG,0.3,5,1416,3.1209068010075565,0.6592850678557413,24.129313466016754,-23.470028398161013,-3.618069967492749,25.5881250585005,2,9
GVZ_level_HIGH_LONG_30_10d,GVZ_level,HIGH_LONG,0.3,10,1411,3.1197094125078966,-5.984330752033793,47.75033157960849,-53.73466233164229,-6.083628498913607,46.13384024928465,2,9
GVZ_level_HIGH_LONG_30_20d,GVZ_level,HIGH_LONG,0.3,20,1401,3.1113578680203045,-9.974396544636054,93.86100855713595,-103.83540510177198,-8.546915232604135,86.07873006023966,2,9
GVZ_level_HIGH_SHORT_30_5d,GVZ_level,HIGH_SHORT,0.3,5,1416,3.1209068010075565,-0.6592850678557413,24.129313466016754,-24.788598533872495,-3.8213368288325653,25.5881250585005,3,9
GVZ_level_HIGH_SHORT_30_10d,GVZ_level,HIGH_SHORT,0.3,10,1411,3.1197094125078966,5.984330752033793,47.75033157960849,-41.7660008275747,-4.728583411431609,46.13384024928465,3,9
GVZ_level_HIGH_SHORT_30_20d,GVZ_level,HIGH_SHORT,0.3,20,1401,3.1113578680203045,9.974396544636054,93.86100855713595,-83.8866120124999,-6.904887223374959,86.07873006023966,4,9
GVZ_minus_RV_HIGH_LONG_20_5d,GVZ_minus_RV,HIGH_LONG,0.2,5,999,2.2108757508694277,-0.6856206639215577,24.129313466016754,-24.81493412993832,-3.1735001630386606,17.94141509030056,2,9
GVZ_minus_RV_HIGH_LONG_20_10d,GVZ_minus_RV,HIGH_LONG,0.2,10,994,2.206787186806216,-0.7510398079104041,47.75033157960849,-48.5013713875189,-4.886107172096806,36.71361742167201,2,9
GVZ_minus_RV_HIGH_LONG_20_20d,GVZ_minus_RV,HIGH_LONG,0.2,20,984,2.1943294042688755,3.911326206566086,93.86100855713595,-89.94968235056987,-6.200819260269897,84.4501154824395,2,9
GVZ_minus_RV_HIGH_SHORT_20_5d,GVZ_minus_RV,HIGH_SHORT,0.2,5,999,2.2108757508694277,0.6856206639215577,24.129313466016754,-23.443692802095196,-2.9981366277300814,17.94141509030056,4,9
GVZ_minus_RV_HIGH_SHORT_20_10d,GVZ_minus_RV,HIGH_SHORT,0.2,10,994,2.206787186806216,0.7510398079104041,47.75033157960849,-46.99929177169809,-4.734785224408309,36.71361742167201,4,9
GVZ_minus_RV_HIGH_SHORT_20_20d,GVZ_minus_RV,HIGH_SHORT,0.2,20,984,2.1943294042688755,-3.911326206566086,93.86100855713595,-97.77233476370203,-6.7400857977624495,84.4501154824395,4,9
GVZ_minus_RV_HIGH_LONG_30_5d,GVZ_minus_RV,HIGH_LONG,0.3,5,1405,3.1044823232323235,-2.2241472967127667,24.129313466016754,-26.35346076272952,-4.124410098938791,22.295161279065415,3,9
GVZ_minus_RV_HIGH_LONG_30_10d,GVZ_minus_RV,HIGH_LONG,0.3,10,1400,3.103229892336922,1.5271555499026876,47.75033157960849,-46.223176029705805,-5.6154030060746765,40.84197019763305,2,9
GVZ_minus_RV_HIGH_LONG_30_20d,GVZ_minus_RV,HIGH_LONG,0.3,20,1390,3.0947837150127224,3.1139650572925013,93.86100855713595,-90.74704349984346,-7.753038841496778,85.73801666000476,2,9
GVZ_minus_RV_HIGH_SHORT_30_5d,GVZ_minus_RV,HIGH_SHORT,0.3,5,1405,3.1044823232323235,2.2241472967127667,24.129313466016754,-21.90516616930399,-3.428236214629607,22.295161279065415,4,9
GVZ_minus_RV_HIGH_SHORT_30_10d,GVZ_minus_RV,HIGH_SHORT,0.3,10,1400,3.103229892336922,-1.5271555499026876,47.75033157960849,-49.27748712951118,-5.986454699283986,40.84197019763305,2,9
GVZ_minus_RV_HIGH_SHORT_30_20d,GVZ_minus_RV,HIGH_SHORT,0.3,20,1390,3.0947837150127224,-3.1139650572925013,93.86100855713595,-96.97497361442842,-8.285126524117402,85.73801666000476,2,9
TIP_chg20_HIGH_LONG_20_5d,TIP_chg20,HIGH_LONG,0.2,5,893,1.9850746268656718,9.353429397652627,24.129313466016754,-14.775884068364126,-1.9610981161005703,24.008038161959576,3,9
TIP_chg20_HIGH_LONG_20_10d,TIP_chg20,HIGH_LONG,0.2,10,891,1.9983979493752004,15.367645824652634,47.75033157960849,-32.38268575495586,-3.2043529697720965,48.89170636276179,2,9
TIP_chg20_HIGH_LONG_20_20d,TIP_chg20,HIGH_LONG,0.2,20,891,1.9983979493752004,24.791800570928906,93.86100855713595,-69.06920798620703,-4.721869158024644,84.98438348025678,3,9
TIP_chg20_HIGH_SHORT_20_5d,TIP_chg20,HIGH_SHORT,0.2,5,893,1.9850746268656718,-9.353429397652627,24.129313466016754,-33.48274286366938,-4.443926579825388,24.008038161959576,2,9
TIP_chg20_HIGH_SHORT_20_10d,TIP_chg20,HIGH_SHORT,0.2,10,891,1.9983979493752004,-15.367645824652634,47.75033157960849,-63.117977404261126,-6.24569190683634,48.89170636276179,2,9
TIP_chg20_HIGH_SHORT_20_20d,TIP_chg20,HIGH_SHORT,0.2,20,891,1.9983979493752004,-24.791800570928906,93.86100855713595,-118.65280912806487,-8.11161813302793,84.98438348025678,2,9
TIP_chg20_HIGH_LONG_30_5d,TIP_chg20,HIGH_LONG,0.3,5,1362,3.026666666666667,6.87735957644833,24.129313466016754,-17.251953889568423,-2.898786703578354,22.96485364052453,1,9
TIP_chg20_HIGH_LONG_30_10d,TIP_chg20,HIGH_LONG,0.3,10,1360,3.0483509446045467,14.79597568680425,47.75033157960849,-32.954355892804244,-4.043312764795722,48.13581955407217,3,9
TIP_chg20_HIGH_LONG_30_20d,TIP_chg20,HIGH_LONG,0.3,20,1360,3.0483509446045467,24.625782673885283,93.86100855713595,-69.23522588325066,-5.738576713952419,78.57992982864562,3,9
TIP_chg20_HIGH_SHORT_30_5d,TIP_chg20,HIGH_SHORT,0.3,5,1362,3.026666666666667,-6.87735957644833,24.129313466016754,-31.00667304246509,-5.209945036547261,22.96485364052453,1,9
TIP_chg20_HIGH_SHORT_30_10d,TIP_chg20,HIGH_SHORT,0.3,10,1360,3.0483509446045467,-14.79597568680425,47.75033157960849,-62.54630726641274,-7.674077544824441,48.13581955407217,2,9
TIP_chg20_HIGH_SHORT_30_20d,TIP_chg20,HIGH_SHORT,0.3,20,1360,3.0483509446045467,-24.625782673885283,93.86100855713595,-118.4867912310212,-9.820803390110292,78.57992982864562,2,9
TNX_chg20_HIGH_LONG_20_5d,TNX_chg20,HIGH_LONG,0.2,5,911,2.011671924290221,-6.757583892001504,24.129313466016754,-30.886897358018263,-4.30792076373933,22.475748554596958,1,9
TNX_chg20_HIGH_LONG_20_10d,TNX_chg20,HIGH_LONG,0.2,10,908,2.0339199999999997,-22.904461754761666,47.75033157960849,-70.65479333437017,-7.1154418459344,45.001728340516074,2,9
TNX_chg20_HIGH_LONG_20_20d,TNX_chg20,HIGH_LONG,0.2,20,908,2.0339199999999997,-46.78027031628367,93.86100855713595,-140.64127887341962,-9.671305999703327,84.80815169149004,2,9
TNX_chg20_HIGH_SHORT_20_5d,TNX_chg20,HIGH_SHORT,0.2,5,911,2.011671924290221,6.757583892001504,24.129313466016754,-17.371729574015248,-2.422905533907159,22.475748554596958,2,9
TNX_chg20_HIGH_SHORT_20_10d,TNX_chg20,HIGH_SHORT,0.2,10,908,2.0339199999999997,22.904461754761666,47.75033157960849,-24.845869824846822,-2.5021563790259416,45.001728340516074,4,9
TNX_chg20_HIGH_SHORT_20_20d,TNX_chg20,HIGH_SHORT,0.2,20,908,2.0339199999999997,46.78027031628367,93.86100855713595,-47.0807382408523,-3.2375432722638,84.80815169149004,4,9
TNX_chg20_HIGH_LONG_30_5d,TNX_chg20,HIGH_LONG,0.3,5,1351,2.9785826771653543,-7.008436701768459,24.129313466016754,-31.13775016778521,-5.260422570044451,23.439461696320574,1,9
TNX_chg20_HIGH_LONG_30_10d,TNX_chg20,HIGH_LONG,0.3,10,1347,2.9791469194312796,-19.570325218361944,47.75033157960849,-67.32065679797044,-8.54570941800441,45.361511460238724,1,9
TNX_chg20_HIGH_LONG_30_20d,TNX_chg20,HIGH_LONG,0.3,20,1344,2.99236641221374,-52.092888733018754,93.86100855713595,-145.9538972901547,-12.451511058758301,86.6083403261111,2,9
TNX_chg20_HIGH_SHORT_30_5d,TNX_chg20,HIGH_SHORT,0.3,5,1351,2.9785826771653543,7.008436701768459,24.129313466016754,-17.120876764248298,-2.892407000001549,23.439461696320574,2,9
TNX_chg20_HIGH_SHORT_30_10d,TNX_chg20,HIGH_SHORT,0.3,10,1347,2.9791469194312796,19.570325218361944,47.75033157960849,-28.180006361246548,-3.5771805745066483,45.361511460238724,2,9
TNX_chg20_HIGH_SHORT_30_20d,TNX_chg20,HIGH_SHORT,0.3,20,1344,2.99236641221374,52.092888733018754,93.86100855713595,-41.76811982411719,-3.5632909812584947,86.6083403261111,3,9
DXY_chg20_HIGH_LONG_20_5d,DXY_chg20,HIGH_LONG,0.2,5,842,1.868145800316957,-2.391031683002308,24.129313466016754,-26.520345149019064,-3.0831810264022095,25.681085439054172,2,9
DXY_chg20_HIGH_LONG_20_10d,DXY_chg20,HIGH_LONG,0.2,10,842,1.868145800316957,-17.233299822251823,47.75033157960849,-64.98363140186032,-6.068603972186759,50.974705666514,2,9
DXY_chg20_HIGH_LONG_20_20d,DXY_chg20,HIGH_LONG,0.2,20,839,1.8644444444444443,-41.47504322320062,93.86100855713595,-135.33605178033656,-9.50576852483415,98.02660400034313,2,9
DXY_chg20_HIGH_SHORT_20_5d,DXY_chg20,HIGH_SHORT,0.2,5,842,1.868145800316957,2.391031683002308,24.129313466016754,-21.738281783014447,-2.5272317371199065,25.681085439054172,1,9
DXY_chg20_HIGH_SHORT_20_10d,DXY_chg20,HIGH_SHORT,0.2,10,842,1.868145800316957,17.233299822251823,47.75033157960849,-30.517031757356666,-2.849883519078659,50.974705666514,3,9
DXY_chg20_HIGH_SHORT_20_20d,DXY_chg20,HIGH_SHORT,0.2,20,839,1.8644444444444443,41.47504322320062,93.86100855713595,-52.38596533393534,-3.6794989499370563,98.02660400034313,3,9
DXY_chg20_HIGH_LONG_30_5d,DXY_chg20,HIGH_LONG,0.3,5,1273,2.823510773130545,-0.8048182788024117,24.129313466016754,-24.93413174481917,-3.7234788762268822,26.82180349692302,1,9
DXY_chg20_HIGH_LONG_30_10d,DXY_chg20,HIGH_LONG,0.3,10,1273,2.823510773130545,-18.4269892989348,47.75033157960849,-66.17732087854328,-7.697799567541074,54.41090542917135,0,9
DXY_chg20_HIGH_LONG_30_20d,DXY_chg20,HIGH_LONG,0.3,20,1270,2.8213265629958744,-37.28136972451807,93.86100855713595,-131.14237828165403,-10.884472920693913,93.35277336910018,1,9
DXY_chg20_HIGH_SHORT_30_5d,DXY_chg20,HIGH_SHORT,0.3,5,1273,2.823510773130545,0.8048182788024117,24.129313466016754,-23.324495187214342,-3.4831076540811807,26.82180349692302,1,9
DXY_chg20_HIGH_SHORT_30_10d,DXY_chg20,HIGH_SHORT,0.3,10,1273,2.823510773130545,18.4269892989348,47.75033157960849,-29.32334228067369,-3.4109149256934614,54.41090542917135,2,9
DXY_chg20_HIGH_SHORT_30_20d,DXY_chg20,HIGH_SHORT,0.3,20,1270,2.8213265629958744,37.28136972451807,93.86100855713595,-56.579638832617874,-4.695961403213495,93.35277336910018,3,9
