cell,anchor,init,rule,hold,size,n,per_week,init_bp,gross_bp,net_bp,t,hit,years_pos,years
0830ET_15_CONTINUE_1h_ALL,0830ET,15,CONTINUE,1.0,ALL,2890,4.9365544167886775,14.092781596458424,0.7596335222747672,-1.5803664777252329,-2.46397286135096,0.45294117647058824,1,12
0830ET_15_CONTINUE_1h_BIG,0830ET,15,CONTINUE,1.0,BIG,892,1.5259042033235581,31.099597950929223,1.7403837265226527,-0.5996162734773471,-0.4541072494252652,0.4484304932735426,5,12
0830ET_15_CONTINUE_1h_SMALL,0830ET,15,CONTINUE,1.0,SMALL,900,1.542605288932419,2.5524749270578644,0.35285678356906663,-1.9871432164309333,-1.9097481780850516,0.4388888888888889,4,12
0830ET_15_FADE_1h_ALL,0830ET,15,FADE,1.0,ALL,2890,4.9365544167886775,14.092781596458424,-0.7596335222747672,-3.099633522274767,-4.832684688435017,0.47301038062283735,0,12
0830ET_15_FADE_1h_BIG,0830ET,15,FADE,1.0,BIG,892,1.5259042033235581,31.099597950929223,-1.7403837265226527,-4.080383726522653,-3.0901960347158877,0.4899103139013453,2,12
0830ET_15_FADE_1h_SMALL,0830ET,15,FADE,1.0,SMALL,900,1.542605288932419,2.5524749270578644,-0.35285678356906663,-2.692856783569067,-2.587975689795351,0.47555555555555556,2,12
0830ET_15_CONTINUE_3h_ALL,0830ET,15,CONTINUE,3.0,ALL,2890,4.9365544167886775,14.092781596458424,0.4409356642754836,-1.8990643357245163,-1.9121960192243173,0.4754325259515571,3,12
0830ET_15_CONTINUE_3h_BIG,0830ET,15,CONTINUE,3.0,BIG,892,1.5259042033235581,31.099597950929223,0.03203310706196528,-2.3079668929380355,-1.0990684670029751,0.484304932735426,5,12
0830ET_15_CONTINUE_3h_SMALL,0830ET,15,CONTINUE,3.0,SMALL,900,1.542605288932419,2.5524749270578644,0.6665887652343526,-1.673411234765648,-1.069600334773527,0.4633333333333333,3,12
0830ET_15_FADE_3h_ALL,0830ET,15,FADE,3.0,ALL,2890,4.9365544167886775,14.092781596458424,-0.4409356642754836,-2.7809356642754848,-2.800165327162415,0.47716262975778545,1,12
0830ET_15_FADE_3h_BIG,0830ET,15,FADE,3.0,BIG,892,1.5259042033235581,31.099597950929223,-0.03203310706196528,-2.3720331070619656,-1.1295772043506918,0.4742152466367713,4,12
0830ET_15_FADE_3h_SMALL,0830ET,15,FADE,3.0,SMALL,900,1.542605288932419,2.5524749270578644,-0.6665887652343526,-3.006588765234353,-1.9217322574455828,0.4777777777777778,3,12
0830ET_30_CONTINUE_1h_ALL,0830ET,30,CONTINUE,1.0,ALL,2886,4.929721815519765,17.268415476223243,0.6047330919662022,-1.7352669080337981,-2.485068901998148,0.4604989604989605,1,12
0830ET_30_CONTINUE_1h_BIG,0830ET,30,CONTINUE,1.0,BIG,913,1.5633561643835616,36.82599700515931,1.0262170344581496,-1.3137829655418511,-0.9352883911454611,0.47535596933187296,3,12
0830ET_30_CONTINUE_1h_SMALL,0830ET,30,CONTINUE,1.0,SMALL,909,1.5565068493150684,3.4209877545459455,0.4209166826453062,-1.9190833173546937,-1.6947284120993173,0.45764576457645767,3,12
0830ET_30_FADE_1h_ALL,0830ET,30,FADE,1.0,ALL,2886,4.929721815519765,17.268415476223243,-0.6047330919662022,-2.9447330919662016,-4.217140658679309,0.4733194733194733,1,12
0830ET_30_FADE_1h_BIG,0830ET,30,FADE,1.0,BIG,913,1.5633561643835616,36.82599700515931,-1.0262170344581496,-3.366217034458149,-2.396426043708293,0.46768893756845564,3,12
0830ET_30_FADE_1h_SMALL,0830ET,30,FADE,1.0,SMALL,909,1.5565068493150684,3.4209877545459455,-0.4209166826453062,-2.760916682645307,-2.4381452869735942,0.46974697469746973,3,12
0830ET_30_CONTINUE_3h_ALL,0830ET,30,CONTINUE,3.0,ALL,2886,4.929721815519765,17.268415476223243,-0.11327655972621732,-2.453276559726218,-2.512329355348412,0.4726264726264726,3,12
0830ET_30_CONTINUE_3h_BIG,0830ET,30,CONTINUE,3.0,BIG,913,1.5633561643835616,36.82599700515931,0.7809019198937802,-1.559098080106221,-0.8032231608306545,0.49835706462212487,4,12
0830ET_30_CONTINUE_3h_SMALL,0830ET,30,CONTINUE,3.0,SMALL,909,1.5565068493150684,3.4209877545459455,-0.3895884818990827,-2.729588481899083,-1.7594177379766711,0.46864686468646866,4,12
0830ET_30_FADE_3h_ALL,0830ET,30,FADE,3.0,ALL,2886,4.929721815519765,17.268415476223243,0.11327655972621732,-2.2267234402737826,-2.280322878015246,0.4785169785169785,2,12
0830ET_30_FADE_3h_BIG,0830ET,30,FADE,3.0,BIG,913,1.5633561643835616,36.82599700515931,-0.7809019198937802,-3.12090191989378,-1.6078402871028827,0.4665936473165389,4,12
0830ET_30_FADE_3h_SMALL,0830ET,30,FADE,3.0,SMALL,909,1.5565068493150684,3.4209877545459455,0.3895884818990827,-1.9504115181009176,-1.2571816755737735,0.47084708470847086,6,12
1000ET_15_CONTINUE_1h_ALL,1000ET,15,CONTINUE,1.0,ALL,2887,4.931429965836993,13.162559976524363,0.2435449440572081,-2.096455055942792,-3.614112749279172,0.44752338067197783,0,12
1000ET_15_CONTINUE_1h_BIG,1000ET,15,CONTINUE,1.0,BIG,905,1.5473864191499755,26.98939041081574,0.24412954726674269,-2.0958704527332572,-1.6870846000025521,0.4530386740331492,2,12
1000ET_15_CONTINUE_1h_SMALL,1000ET,15,CONTINUE,1.0,SMALL,886,1.5182374541003671,2.995464128899845,1.251016869173419,-1.088983130826581,-1.204945440352773,0.45146726862302483,4,12
1000ET_15_FADE_1h_ALL,1000ET,15,FADE,1.0,ALL,2887,4.931429965836993,13.162559976524363,-0.2435449440572081,-2.5835449440572082,-4.453814878685239,0.45514374783512296,0,12
1000ET_15_FADE_1h_BIG,1000ET,15,FADE,1.0,BIG,905,1.5473864191499755,26.98939041081574,-0.24412954726674269,-2.5841295472667434,-2.0801119448579506,0.4607734806629834,2,12
1000ET_15_FADE_1h_SMALL,1000ET,15,FADE,1.0,SMALL,886,1.5182374541003671,2.995464128899845,-1.251016869173419,-3.5910168691734192,-3.9734127005769637,0.42663656884875845,0,12
1000ET_15_CONTINUE_3h_ALL,1000ET,15,CONTINUE,3.0,ALL,2887,4.931429965836993,13.162559976524363,-0.25137029126930266,-2.5913702912693033,-3.325196578166914,0.47073086248701074,1,12
1000ET_15_CONTINUE_3h_BIG,1000ET,15,CONTINUE,3.0,BIG,905,1.5473864191499755,26.98939041081574,-1.0655017978918944,-3.4055017978918944,-2.284042690520612,0.46519337016574586,2,12
1000ET_15_CONTINUE_3h_SMALL,1000ET,15,CONTINUE,3.0,SMALL,886,1.5182374541003671,2.995464128899845,1.218553214217933,-1.1214467857820671,-0.9103472866589694,0.48645598194130923,3,12
1000ET_15_FADE_3h_ALL,1000ET,15,FADE,3.0,ALL,2887,4.931429965836993,13.162559976524363,0.25137029126930266,-2.0886297087306973,-2.6800895201770736,0.45964669206789055,1,12
1000ET_15_FADE_3h_BIG,1000ET,15,FADE,3.0,BIG,905,1.5473864191499755,26.98939041081574,1.0655017978918944,-1.274498202108106,-0.8547957027679977,0.47955801104972373,3,12
1000ET_15_FADE_3h_SMALL,1000ET,15,FADE,3.0,SMALL,886,1.5182374541003671,2.995464128899845,-1.218553214217933,-3.558553214217933,-2.8886963733510505,0.4367945823927765,2,12
1000ET_30_CONTINUE_1h_ALL,1000ET,30,CONTINUE,1.0,ALL,2890,4.9365544167886775,16.755341939853864,0.6739667188026164,-1.6660332811973833,-3.0964749350510905,0.4508650519031142,1,12
1000ET_30_CONTINUE_1h_BIG,1000ET,30,CONTINUE,1.0,BIG,893,1.5272416320547277,35.00531672145857,0.8797270924450533,-1.460272907554947,-1.2571062927841292,0.45240761478163494,4,12
1000ET_30_CONTINUE_1h_SMALL,1000ET,30,CONTINUE,1.0,SMALL,893,1.5309821209894685,3.5401830737661326,0.7019370990882534,-1.6380629009117467,-1.8258932219212658,0.4490481522956327,4,12
1000ET_30_FADE_1h_ALL,1000ET,30,FADE,1.0,ALL,2890,4.9365544167886775,16.755341939853864,-0.6739667188026164,-3.013966718802617,-5.6017322734051636,0.45051903114186853,0,12
1000ET_30_FADE_1h_BIG,1000ET,30,FADE,1.0,BIG,893,1.5272416320547277,35.00531672145857,-0.8797270924450533,-3.219727092445053,-2.771769008395388,0.4658454647256439,2,12
1000ET_30_FADE_1h_SMALL,1000ET,30,FADE,1.0,SMALL,893,1.5309821209894685,3.5401830737661326,-0.7019370990882534,-3.0419370990882535,-3.3907442306669546,0.4400895856662934,1,12
1000ET_30_CONTINUE_3h_ALL,1000ET,30,CONTINUE,3.0,ALL,2890,4.9365544167886775,16.755341939853864,-0.46355468487255985,-2.8035546848725597,-3.7656981965193967,0.46228373702422143,3,12
1000ET_30_CONTINUE_3h_BIG,1000ET,30,CONTINUE,3.0,BIG,893,1.5272416320547277,35.00531672145857,-1.504465046650957,-3.8444650466509573,-2.62039432494796,0.45128779395296753,2,12
1000ET_30_CONTINUE_3h_SMALL,1000ET,30,CONTINUE,3.0,SMALL,893,1.5309821209894685,3.5401830737661326,0.8692044803037607,-1.4707955196962392,-1.1620214690333581,0.4501679731243001,4,12
1000ET_30_FADE_3h_ALL,1000ET,30,FADE,3.0,ALL,2890,4.9365544167886775,16.755341939853864,0.46355468487255985,-1.8764453151274398,-2.520416946803331,0.47197231833910036,3,12
1000ET_30_FADE_3h_BIG,1000ET,30,FADE,3.0,BIG,893,1.5272416320547277,35.00531672145857,1.504465046650957,-0.8355349533490434,-0.5695021344930107,0.48152295632698766,5,12
1000ET_30_FADE_3h_SMALL,1000ET,30,FADE,3.0,SMALL,893,1.5309821209894685,3.5401830737661326,-0.8692044803037607,-3.2092044803037614,-2.5354744794172266,0.47928331466965285,2,12
1400ET_15_CONTINUE_1h_ALL,1400ET,15,CONTINUE,1.0,ALL,2818,4.8218039599120015,6.7368698129454785,-0.09499840600664725,-2.4349984060066476,-6.498178822618415,0.4091554293825408,0,12
1400ET_15_CONTINUE_1h_BIG,1400ET,15,CONTINUE,1.0,BIG,883,1.5130966952264382,15.057979804106063,0.29393991061060015,-2.0460600893894,-2.2919575347722745,0.4178935447338618,2,12
1400ET_15_CONTINUE_1h_SMALL,1400ET,15,CONTINUE,1.0,SMALL,893,1.5317324185248713,1.2852360360242987,-0.19104417364241147,-2.531044173642411,-4.688299993623474,0.4143337066069429,1,12
1400ET_15_FADE_1h_ALL,1400ET,15,FADE,1.0,ALL,2818,4.8218039599120015,6.7368698129454785,0.09499840600664725,-2.2450015939933525,-5.991142244218931,0.4240596167494677,0,12
1400ET_15_FADE_1h_BIG,1400ET,15,FADE,1.0,BIG,883,1.5130966952264382,15.057979804106063,-0.29393991061060015,-2.6339399106105996,-2.950489311417507,0.4450736126840317,2,12
1400ET_15_FADE_1h_SMALL,1400ET,15,FADE,1.0,SMALL,893,1.5317324185248713,1.2852360360242987,0.19104417364241147,-2.1489558263575885,-3.9805506722984636,0.3908174692049272,0,12
1400ET_15_CONTINUE_3h_ALL,1400ET,15,CONTINUE,3.0,ALL,2818,4.8218039599120015,6.7368698129454785,0.22541505056844344,-2.1145849494315567,-3.6020549933467025,0.4233498935415188,1,12
1400ET_15_CONTINUE_3h_BIG,1400ET,15,CONTINUE,3.0,BIG,883,1.5130966952264382,15.057979804106063,1.769425576424832,-0.5705744235751682,-0.4143232710235134,0.43035107587768967,6,12
1400ET_15_CONTINUE_3h_SMALL,1400ET,15,CONTINUE,3.0,SMALL,893,1.5317324185248713,1.2852360360242987,0.2889352439439857,-2.051064756056015,-2.3346034002463454,0.42665173572228443,2,12
1400ET_15_FADE_3h_ALL,1400ET,15,FADE,3.0,ALL,2818,4.8218039599120015,6.7368698129454785,-0.22541505056844344,-2.5654150505684434,-4.37001412281448,0.4460610361958836,0,12
1400ET_15_FADE_3h_BIG,1400ET,15,FADE,3.0,BIG,883,1.5130966952264382,15.057979804106063,-1.769425576424832,-4.109425576424831,-2.9840640878774276,0.46772366930917325,1,12
1400ET_15_FADE_3h_SMALL,1400ET,15,FADE,3.0,SMALL,893,1.5317324185248713,1.2852360360242987,-0.2889352439439857,-2.6289352439439853,-2.992358550073719,0.425531914893617,1,12
1400ET_30_CONTINUE_1h_ALL,1400ET,30,CONTINUE,1.0,ALL,2823,4.831540342298288,8.657247685617099,-0.14095020680742887,-2.4809502068074285,-6.675931202233305,0.3935529578462628,0,12
1400ET_30_CONTINUE_1h_BIG,1400ET,30,CONTINUE,1.0,BIG,863,1.4802744425385934,19.453524213000712,0.12240394787498896,-2.217596052125011,-2.4222082114722534,0.40903823870220163,3,12
1400ET_30_CONTINUE_1h_SMALL,1400ET,30,CONTINUE,1.0,SMALL,882,1.5099046221570067,1.5838662149569558,-0.4163337058954088,-2.7563337058954085,-5.2496737372455415,0.3832199546485261,0,12
1400ET_30_FADE_1h_ALL,1400ET,30,FADE,1.0,ALL,2823,4.831540342298288,8.657247685617099,0.14095020680742887,-2.199049793192571,-5.917371936509205,0.4349982288345732,1,12
1400ET_30_FADE_1h_BIG,1400ET,30,FADE,1.0,BIG,863,1.4802744425385934,19.453524213000712,-0.12240394787498896,-2.462403947874989,-2.6896039325056766,0.44727694090382386,2,12
1400ET_30_FADE_1h_SMALL,1400ET,30,FADE,1.0,SMALL,882,1.5099046221570067,1.5838662149569558,0.4163337058954088,-1.9236662941045908,-3.6637872989710227,0.427437641723356,1,12
1400ET_30_CONTINUE_3h_ALL,1400ET,30,CONTINUE,3.0,ALL,2823,4.831540342298288,8.657247685617099,-0.4115321396253162,-2.7515321396253167,-4.795839310178516,0.4070138150903294,0,12
1400ET_30_CONTINUE_3h_BIG,1400ET,30,CONTINUE,3.0,BIG,863,1.4802744425385934,19.453524213000712,-0.5707073900779772,-2.9107073900779774,-2.297914093538472,0.42526071842410196,4,12
1400ET_30_CONTINUE_3h_SMALL,1400ET,30,CONTINUE,3.0,SMALL,882,1.5099046221570067,1.5838662149569558,-0.4717931330766684,-2.8117931330766686,-3.1855858940924504,0.409297052154195,1,12
1400ET_30_FADE_3h_ALL,1400ET,30,FADE,3.0,ALL,2823,4.831540342298288,8.657247685617099,0.4115321396253162,-1.9284678603746834,-3.3612625635040443,0.4477506199078994,2,12
1400ET_30_FADE_3h_BIG,1400ET,30,FADE,3.0,BIG,863,1.4802744425385934,19.453524213000712,0.5707073900779772,-1.7692926099220234,-1.3968021786705134,0.473928157589803,3,12
1400ET_30_FADE_3h_SMALL,1400ET,30,FADE,3.0,SMALL,882,1.5099046221570067,1.5838662149569558,0.4717931330766684,-1.8682068669233314,-2.11656162486095,0.42630385487528344,2,12
