time,open,high,low,close,tick_volume,spread
2015-03-22,1183.96,1219.57,1179.18,1198.09,569918,0
2015-03-29,1197.96,1208.51,1178.29,1199.64,628809,0
2015-04-05,1216.03,1224.13,1192.42,1207.24,758861,0
2015-04-12,1206.89,1209.41,1183.75,1204.27,1001174,0
2015-04-19,1204.57,1209.02,1175.0,1179.24,865597,0
2015-04-26,1179.45,1214.96,1169.66,1178.4,1062137,0
2015-05-03,1178.58,1199.86,1177.65,1188.38,856893,0
2015-05-10,1188.86,1227.24,1178.73,1223.78,960311,0
2015-05-17,1223.58,1232.22,1201.26,1206.26,785743,0
2015-05-24,1204.76,1209.15,1180.06,1190.42,678760,0
2015-05-31,1190.7,1204.2,1162.52,1171.52,875853,0
2015-06-07,1170.26,1192.23,1168.97,1181.47,781989,0
2015-06-14,1180.54,1205.68,1172.59,1200.19,762919,0
2015-06-21,1199.88,1200.88,1168.29,1175.18,655352,0
2015-06-28,1184.26,1187.9,1155.98,1168.58,869350,0
2015-07-05,1173.43,1174.75,1146.97,1163.59,1039318,0
2015-07-12,1162.57,1164.76,1130.92,1134.23,794314,0
2015-07-19,1133.12,1133.21,1069.72,1099.08,1220946,0
2015-07-26,1099.52,1104.93,1079.84,1095.48,1054162,0
2015-08-02,1095.85,1099.43,1080.82,1094.17,979454,0
2015-08-09,1094.4,1126.71,1089.51,1114.82,1202945,0
2015-08-16,1114.41,1168.16,1109.37,1160.54,1123543,0
2015-08-23,1162.09,1170.01,1117.55,1134.02,1754897,0
2015-08-30,1133.73,1147.85,1116.42,1122.33,1126528,0
2015-09-06,1123.39,1126.67,1098.56,1107.68,921199,0
2015-09-13,1107.68,1141.68,1102.15,1139.04,965370,0
2015-09-20,1138.91,1156.65,1121.14,1145.56,989249,0
2015-09-27,1145.08,1148.14,1104.39,1138.72,1156732,0
2015-10-04,1137.71,1159.61,1130.0,1156.53,1075032,0
2015-10-11,1155.24,1191.44,1151.63,1177.14,1119139,0
2015-10-18,1176.61,1180.72,1158.78,1164.37,1183850,0
2015-10-25,1163.77,1182.86,1138.89,1141.74,1209477,0
2015-11-01,1137.45,1142.94,1085.3,1088.62,1096062,0
2015-11-08,1090.1,1095.59,1073.92,1083.54,1030337,0
2015-11-15,1089.45,1098.01,1063.74,1077.98,1316724,0
2015-11-22,1076.63,1081.01,1052.55,1058.04,966143,0
2015-11-29,1057.41,1088.78,1046.23,1086.76,1317327,0
2015-12-06,1085.79,1086.55,1062.24,1074.66,1399742,0
2015-12-13,1073.23,1078.27,1047.5,1065.85,1354067,0
2015-12-20,1065.66,1081.71,1063.91,1076.05,698384,0
2015-12-27,1075.6,1076.86,1057.87,1060.91,660062,0
2016-01-03,1062.34,1113.12,1061.65,1103.85,1686509,0
2016-01-10,1103.96,1108.42,1071.25,1088.72,1564364,0
2016-01-17,1089.26,1109.56,1082.26,1097.78,1534349,0
2016-01-24,1097.23,1127.94,1097.08,1117.99,1301796,0
2016-01-31,1117.48,1174.4,1115.26,1173.06,1641842,0
2016-02-07,1173.19,1263.34,1164.06,1238.13,2113131,0
2016-02-14,1235.46,1239.84,1190.73,1227.29,1666448,0
2016-02-21,1226.16,1253.24,1201.71,1223.32,1346048,0
2016-02-28,1222.41,1279.71,1215.45,1258.78,1384073,0
2016-03-06,1259.75,1284.33,1236.87,1249.23,1308642,0
2016-03-13,1250.56,1270.84,1225.6,1255.04,1055057,0
2016-03-20,1254.3,1260.12,1211.95,1217.12,496065,0
2016-03-27,1215.72,1243.99,1208.15,1222.16,622487,0
2016-04-03,1220.99,1243.19,1214.44,1240.49,636177,0
2016-04-10,1239.84,1262.54,1223.7,1233.73,659036,0
2016-04-17,1234.55,1270.19,1227.26,1232.73,706928,0
2016-04-24,1233.06,1296.62,1229.88,1293.68,627009,0
2016-05-01,1290.51,1303.65,1268.67,1288.8,757533,0
2016-05-08,1284.76,1287.46,1256.63,1273.3,694303,0
2016-05-15,1271.44,1288.62,1243.64,1251.91,1094542,0
2016-05-22,1250.71,1255.94,1206.6,1211.64,984814,0
2016-05-29,1212.93,1244.59,1199.62,1244.51,834834,0
2016-06-05,1242.66,1278.09,1234.59,1274.07,896871,0
2016-06-12,1275.85,1315.54,1272.26,1298.55,1100349,0
2016-06-19,1289.46,1358.25,1250.22,1315.67,1117388,0
2016-06-26,1319.18,1344.49,1305.34,1342.28,1556640,0
2016-07-03,1342.36,1375.05,1335.04,1364.93,1347272,0
2016-07-10,1367.36,1375.0,1320.05,1338.29,1634144,0
2016-07-17,1332.4,1338.25,1310.77,1322.39,1114218,0
2016-07-24,1321.65,1354.9,1311.81,1351.11,1125215,0
2016-07-31,1349.81,1367.21,1334.53,1336.87,1021637,0
2016-08-07,1335.11,1357.11,1329.71,1336.58,997812,0
2016-08-14,1338.01,1357.94,1335.57,1340.92,996370,0
2016-08-21,1340.51,1344.58,1317.85,1321.85,1170501,0
2016-08-28,1320.51,1329.99,1302.3,1324.8,1093689,0
2016-09-04,1324.26,1352.51,1321.64,1327.83,1014823,0
2016-09-11,1328.11,1331.88,1306.09,1309.66,1195438,0
2016-09-18,1309.81,1343.55,1307.62,1338.72,879343,0
2016-09-25,1336.76,1342.02,1313.07,1315.89,1044808,0
2016-10-02,1318.31,1319.52,1241.21,1256.54,870427,0
2016-10-09,1257.25,1264.85,1245.99,1250.43,916641,0
2016-10-16,1251.66,1274.52,1250.03,1266.79,804284,0
2016-10-23,1265.91,1284.1,1259.99,1275.71,788724,0
2016-10-30,1277.26,1307.96,1271.0,1304.27,971837,0
2016-11-06,1293.53,1337.23,1218.88,1227.24,1841223,0
2016-11-13,1228.13,1232.96,1202.51,1208.51,1437306,0
2016-11-20,1207.4,1220.95,1170.11,1183.71,1031682,0
2016-11-27,1184.89,1197.53,1160.54,1176.87,1330386,0
2016-12-04,1180.2,1187.93,1156.07,1158.35,1136120,0
2016-12-11,1159.7,1165.72,1122.49,1134.65,1146082,0
2016-12-18,1134.02,1142.24,1125.57,1133.39,734370,0
2016-12-25,1133.95,1163.15,1131.47,1152.12,510713,0
2017-01-01,1151.6,1184.94,1145.88,1172.59,1040312,0
2017-01-08,1172.49,1206.88,1171.74,1197.33,1275114,0
2017-01-15,1199.45,1218.77,1195.68,1209.94,1219290,0
2017-01-22,1209.5,1219.85,1180.34,1191.49,1135916,0
2017-01-29,1192.62,1225.21,1188.05,1219.95,1438606,0
2017-02-05,1219.7,1244.64,1219.02,1233.68,1364374,0
2017-02-12,1232.52,1243.71,1216.43,1234.83,1269962,0
2017-02-19,1235.18,1260.05,1225.94,1256.98,1113883,0
2017-02-26,1257.95,1263.79,1222.67,1234.42,1347790,0
2017-03-05,1233.2,1236.76,1194.77,1204.43,1174150,0
2017-03-12,1205.43,1233.67,1197.04,1229.25,1080778,0
2017-03-19,1229.25,1253.22,1226.68,1245.57,1125473,0
2017-03-26,1246.15,1260.97,1239.47,1248.96,988004,0
2017-04-02,1247.63,1270.83,1243.6,1254.3,1207025,0
2017-04-09,1254.5,1288.54,1246.99,1287.44,1001409,0
2017-04-16,1291.75,1295.45,1273.98,1284.29,1149823,0
2017-04-23,1273.16,1278.06,1259.91,1267.99,1143179,0
2017-04-30,1268.44,1271.15,1225.62,1227.56,988847,0
2017-05-07,1222.69,1236.5,1214.18,1228.48,977973,0
2017-05-14,1228.42,1265.0,1226.83,1255.33,1225561,0
2017-05-21,1256.78,1269.39,1247.82,1266.94,1008593,0
2017-05-28,1266.34,1279.4,1258.93,1278.56,804275,0
2017-06-04,1279.34,1296.01,1264.55,1266.6,1022640,0
2017-06-11,1266.89,1280.85,1251.36,1253.38,1012172,0
2017-06-18,1253.85,1258.8,1240.76,1256.61,923093,0
2017-06-25,1257.05,1258.03,1235.85,1241.43,1113999,0
2017-07-02,1241.4,1242.68,1207.17,1212.2,902294,0
2017-07-09,1213.46,1232.77,1204.79,1228.81,690800,0
2017-07-16,1228.75,1255.63,1228.15,1254.7,861783,0
2017-07-23,1254.74,1270.77,1243.62,1268.91,1104731,0
2017-07-30,1269.71,1274.04,1254.09,1258.73,936638,0
2017-08-06,1258.64,1291.93,1251.41,1290.41,1001843,0
2017-08-13,1289.38,1300.74,1267.2,1284.62,1042193,0
2017-08-20,1283.63,1294.52,1274.36,1291.47,906726,0
2017-08-27,1292.82,1328.76,1291.71,1324.59,1047347,0
2017-09-03,1334.2,1357.43,1326.19,1346.48,1087895,0
2017-09-10,1334.62,1339.96,1315.56,1320.29,1088161,0
2017-09-17,1319.38,1319.82,1288.07,1296.89,1041537,0
2017-09-24,1297.54,1313.56,1275.92,1279.37,1137204,0
2017-10-01,1279.45,1282.12,1260.52,1276.17,815484,0
2017-10-08,1275.41,1303.66,1275.16,1303.3,1016012,0
2017-10-15,1303.14,1305.91,1276.45,1280.11,1374590,0
2017-10-22,1277.5,1283.53,1263.62,1273.43,1441675,0
2017-10-29,1272.11,1283.99,1265.37,1270.03,1309062,0
2017-11-05,1269.81,1288.44,1265.93,1275.6,1428842,0
2017-11-12,1274.87,1296.87,1269.8,1294.11,1536035,0
2017-11-19,1293.17,1294.72,1274.46,1288.27,1624959,0
2017-11-26,1288.27,1299.16,1270.22,1279.88,1912879,0
2017-12-03,1274.03,1277.05,1243.6,1248.04,1534202,0
2017-12-10,1247.84,1261.76,1236.37,1255.33,1443395,0
2017-12-17,1254.23,1276.17,1252.62,1275.28,1582723,0
2017-12-24,1278.67,1307.48,1276.92,1302.54,990934,0
2017-12-31,1307.33,1325.94,1305.7,1319.9,1373852,0
2018-01-07,1320.63,1339.27,1307.96,1338.17,1981336,0
2018-01-14,1336.46,1344.64,1324.14,1331.43,2047252,0
2018-01-21,1333.79,1365.98,1328.27,1350.0,2253514,0
2018-01-28,1349.88,1352.39,1327.39,1332.57,2448033,0
2018-02-04,1331.62,1346.08,1306.99,1315.64,3325337,0
2018-02-11,1314.82,1361.69,1314.08,1347.43,2315355,0
2018-02-18,1347.41,1351.34,1320.86,1328.78,1861362,0
2018-02-25,1327.63,1341.0,1302.73,1322.12,2163056,0
2018-03-04,1323.73,1340.42,1312.83,1323.36,2195885,0
2018-03-11,1323.31,1330.01,1309.59,1313.47,1876082,0
2018-03-18,1313.32,1350.2,1307.11,1347.51,2180594,0
2018-03-25,1346.35,1356.84,1321.16,1325.04,1681614,0
2018-04-01,1325.95,1348.22,1319.5,1332.69,2235498,0
2018-04-08,1333.13,1365.2,1326.81,1345.07,2212235,0
2018-04-15,1346.13,1355.67,1334.92,1335.44,2011345,0
2018-04-22,1334.36,1335.43,1315.08,1322.91,1835134,0
2018-04-29,1322.35,1325.25,1301.58,1314.6,1824857,0
2018-05-06,1313.45,1325.9,1304.26,1317.93,1888053,0
2018-05-13,1318.27,1322.29,1284.93,1292.48,1885073,0
2018-05-20,1290.52,1307.75,1282.0,1300.52,2027084,0
2018-05-27,1292.76,1306.57,1289.32,1293.27,2291712,0
2018-06-03,1292.41,1303.09,1289.69,1298.6,1830429,0
2018-06-10,1294.18,1309.28,1275.33,1280.19,1764068,0
2018-06-17,1278.16,1283.99,1261.26,1269.21,1698906,0
2018-06-24,1270.97,1272.56,1245.84,1252.74,1728076,0
2018-07-01,1251.58,1261.07,1237.82,1254.56,969366,0
2018-07-08,1255.22,1265.85,1236.3,1241.06,1040615,0
2018-07-15,1240.75,1245.51,1211.45,1231.59,1086626,0
2018-07-22,1230.57,1235.18,1217.47,1222.81,1109297,0
2018-07-29,1221.34,1228.53,1204.4,1213.14,987316,0
2018-08-05,1213.83,1217.85,1202.17,1211.38,957989,0
2018-08-12,1210.66,1213.8,1160.05,1184.17,1031512,0
2018-08-19,1183.17,1208.49,1179.94,1205.88,889505,0
2018-08-26,1207.0,1214.21,1190.0,1200.78,876226,0
2018-09-02,1200.57,1206.95,1189.54,1195.83,917830,0
2018-09-09,1194.97,1212.6,1186.43,1193.43,866265,0
2018-09-16,1194.16,1211.03,1190.27,1199.1,871008,0
2018-09-23,1198.82,1204.12,1180.65,1191.51,824467,0
2018-09-30,1192.21,1208.25,1184.51,1202.75,874323,0
2018-10-07,1203.0,1226.3,1183.16,1217.76,897927,0
2018-10-14,1217.23,1233.22,1216.44,1226.38,850818,0
2018-10-21,1227.07,1243.36,1219.97,1233.53,864276,0
2018-10-28,1234.11,1237.33,1211.93,1232.75,895504,0
2018-11-04,1232.87,1236.43,1206.65,1209.32,851545,0
2018-11-11,1209.66,1225.23,1196.21,1221.2,891801,0
2018-11-18,1222.28,1230.03,1217.94,1222.51,698954,0
2018-11-25,1223.2,1228.94,1206.34,1221.96,745669,0
2018-12-02,1221.94,1249.99,1221.24,1248.41,847755,0
2018-12-09,1249.3,1250.73,1230.16,1238.0,859609,0
2018-12-16,1238.99,1266.43,1235.47,1255.38,920910,0
2018-12-23,1257.4,1282.1,1257.04,1280.59,534960,0
2018-12-30,1280.22,1298.52,1276.54,1284.53,556961,0
2019-01-06,1284.79,1297.03,1279.31,1287.39,721777,0
2019-01-13,1287.49,1295.79,1280.56,1281.18,661782,0
2019-01-20,1281.49,1303.91,1276.7,1302.79,565897,0
2019-01-27,1302.8,1326.25,1297.56,1317.71,611757,0
2019-02-03,1317.98,1318.98,1302.73,1313.95,548279,0
2019-02-10,1314.1,1322.57,1302.32,1321.26,620532,0
2019-02-17,1321.22,1346.67,1315.81,1327.56,667309,0
2019-02-24,1328.71,1332.51,1290.12,1293.42,641176,0
2019-03-03,1293.28,1300.69,1280.77,1298.23,679243,0
2019-03-10,1297.62,1311.2,1290.42,1301.92,643453,0
2019-03-17,1301.87,1320.35,1298.13,1313.07,647952,0
2019-03-24,1313.38,1324.49,1286.66,1292.16,630636,0
2019-03-31,1292.21,1296.97,1280.86,1291.49,503417,0
2019-04-07,1291.62,1310.53,1289.41,1290.46,494691,0
2019-04-14,1290.45,1291.9,1271.09,1275.47,400198,0
2019-04-21,1275.49,1288.67,1266.21,1285.95,495571,0
2019-04-28,1286.98,1287.23,1266.2,1278.97,546997,0
2019-05-05,1280.82,1291.44,1276.93,1285.66,635878,0
2019-05-12,1287.49,1303.23,1274.72,1277.48,577139,0
2019-05-19,1276.7,1287.27,1269.41,1284.8,497637,0
2019-05-26,1283.72,1306.92,1274.95,1305.13,528023,0
2019-06-02,1307.11,1348.23,1305.96,1340.24,668786,0
2019-06-09,1336.02,1358.12,1319.79,1340.82,615399,0
2019-06-16,1341.93,1411.76,1332.93,1398.68,868899,0
2019-06-23,1400.19,1439.21,1398.59,1409.91,1012269,0
2019-06-30,1398.04,1437.73,1381.66,1398.09,849956,0
2019-07-07,1398.24,1427.07,1385.69,1414.83,727950,0
2019-07-14,1415.2,1452.92,1400.01,1424.96,784940,0
2019-07-21,1427.59,1433.73,1410.98,1418.31,703308,0
2019-07-28,1418.47,1448.96,1400.44,1440.32,782704,0
2019-08-04,1440.25,1510.33,1436.67,1497.02,1099290,0
2019-08-11,1497.9,1534.96,1479.77,1512.1,1104509,0
2019-08-18,1512.52,1530.2,1492.43,1526.25,806554,0
2019-08-25,1547.5,1555.21,1516.93,1520.55,1024642,0
2019-09-01,1529.64,1556.98,1502.47,1506.38,966206,0
2019-09-08,1506.95,1524.13,1484.45,1488.55,891280,0
2019-09-15,1503.76,1517.03,1482.97,1516.27,791934,0
2019-09-22,1513.53,1535.63,1486.79,1496.61,704115,0
2019-09-29,1498.07,1519.48,1459.03,1504.5,623609,0
2019-10-06,1505.68,1516.98,1473.93,1487.93,972295,0
2019-10-13,1484.11,1498.53,1476.96,1489.93,977881,0
2019-10-20,1491.21,1517.93,1480.78,1504.16,862299,0
2019-10-27,1503.21,1516.09,1481.08,1513.9,909460,0
2019-11-03,1513.7,1514.77,1456.12,1458.72,985794,0
2019-11-10,1458.87,1474.59,1445.57,1467.37,939068,0
2019-11-17,1467.28,1478.82,1456.28,1461.81,955129,0
2019-11-24,1460.85,1466.53,1450.02,1463.83,631115,0
2019-12-01,1464.15,1484.01,1453.89,1459.53,858175,0
2019-12-08,1459.51,1486.69,1458.48,1475.44,808081,0
2019-12-15,1475.03,1481.65,1470.38,1477.93,655758,0
2019-12-22,1478.26,1515.29,1477.46,1510.63,491797,0
2019-12-29,1511.34,1553.51,1510.7,1551.44,645220,0
2020-01-05,1559.72,1611.35,1540.2,1561.76,1211550,0
2020-01-12,1561.83,1561.83,1535.94,1556.83,878826,0
2020-01-19,1557.76,1575.95,1546.3,1570.9,830133,0
2020-01-26,1580.93,1590.48,1563.35,1588.83,1014238,0
2020-02-02,1593.68,1593.76,1547.38,1570.0,1050071,0
2020-02-09,1571.65,1585.01,1561.92,1583.69,923135,0
2020-02-16,1582.22,1649.23,1578.85,1643.73,987351,0
2020-02-23,1649.04,1689.27,1562.89,1584.7,1778187,0
2020-03-01,1591.5,1692.09,1575.31,1674.06,1578414,0
2020-03-08,1697.86,1703.44,1504.62,1529.78,1596618,0
2020-03-15,1546.46,1563.05,1451.13,1498.64,1573291,0
2020-03-22,1500.39,1644.53,1482.92,1622.55,781916,0
2020-03-29,1627.95,1632.88,1568.19,1615.7,862327,0
2020-04-05,1616.1,1690.43,1608.35,1683.56,1047803,0
2020-04-12,1686.99,1747.7,1673.81,1682.14,1677822,0
2020-04-19,1680.44,1738.78,1659.42,1726.41,1853956,0
2020-04-26,1725.82,1727.59,1670.39,1699.6,2081988,0
2020-05-03,1700.34,1723.6,1678.77,1702.09,1502371,0
2020-05-10,1701.87,1751.68,1691.53,1741.85,1839881,0
2020-05-17,1744.21,1765.08,1717.09,1735.45,3624942,0
2020-05-24,1731.71,1737.69,1693.62,1730.41,2648119,0
2020-05-31,1736.03,1745.16,1670.55,1684.3,2760001,0
2020-06-07,1682.7,1744.76,1677.22,1730.57,2475180,0
2020-06-14,1733.57,1745.28,1704.11,1742.26,1570429,0
2020-06-21,1750.31,1779.43,1742.74,1769.57,1542799,0
2020-06-28,1775.1,1789.13,1757.43,1774.9,1232629,0
2020-07-05,1774.64,1818.11,1769.86,1798.57,1334084,0
2020-07-12,1798.88,1815.05,1790.58,1809.68,1280820,0
2020-07-19,1810.02,1906.56,1805.62,1901.63,1920042,0
2020-07-26,1902.42,1983.98,1899.6,1975.02,2331530,0
2020-08-02,1978.43,2074.97,1960.39,2033.15,1885759,0
2020-08-09,2033.56,2049.87,1862.46,1943.57,2170310,0
2020-08-16,1949.43,2015.61,1911.26,1938.98,2062259,0
2020-08-23,1940.19,1976.72,1902.64,1964.34,1881012,0
2020-08-30,1964.99,1992.4,1916.27,1933.09,1715490,0
2020-09-06,1930.2,1966.53,1906.5,1940.48,1404988,0
2020-09-13,1940.41,1973.64,1932.86,1950.42,1482496,0
2020-09-20,1948.84,1955.62,1848.75,1860.14,2100676,0
2020-09-27,1859.97,1917.11,1848.93,1900.58,1672436,0
2020-10-04,1903.52,1930.41,1872.88,1929.87,1300585,0
2020-10-11,1928.96,1933.2,1882.44,1898.76,1273590,0
2020-10-18,1899.86,1931.42,1894.29,1901.41,1150038,0
2020-10-25,1902.23,1911.42,1859.89,1878.37,1307552,0
2020-11-01,1877.28,1960.35,1873.41,1951.81,1566307,0
2020-11-08,1954.23,1965.58,1850.52,1889.28,1655341,0
2020-11-15,1888.58,1899.03,1852.69,1870.9,1223179,0
2020-11-22,1869.86,1876.14,1774.31,1786.76,1054745,0
2020-11-29,1788.09,1848.19,1764.34,1838.6,1165378,0
2020-12-06,1839.01,1875.28,1821.74,1839.91,1061981,0
2020-12-13,1841.03,1896.27,1818.34,1880.55,1156894,0
2020-12-20,1882.1,1906.72,1854.99,1879.3,989827,0
2020-12-27,1882.7,1900.89,1869.12,1897.81,661542,0
2021-01-03,1903.39,1959.29,1828.27,1849.04,1063356,0
2021-01-10,1848.08,1863.8,1817.0,1827.65,1245564,0
2021-01-17,1827.7,1875.05,1802.91,1854.67,1432021,0
2021-01-24,1855.33,1875.69,1831.35,1847.59,1879704,0
2021-01-31,1863.24,1871.78,1784.9,1813.4,2001184,0
2021-02-07,1815.93,1855.35,1807.76,1824.17,1471306,0
2021-02-14,1825.4,1827.03,1760.63,1783.05,1319477,0
2021-02-21,1782.36,1816.01,1717.18,1733.84,1648232,0
2021-02-28,1733.19,1759.89,1687.18,1700.76,1577379,0
2021-03-07,1701.81,1739.89,1676.77,1726.92,1349044,0
2021-03-14,1728.56,1755.54,1719.25,1745.17,1216478,0
2021-03-21,1743.8,1746.99,1721.62,1732.72,1029879,0
2021-03-28,1729.64,1733.21,1677.86,1729.49,876540,0
2021-04-04,1727.76,1758.67,1721.25,1743.46,1002740,0
2021-04-11,1742.49,1783.79,1723.7,1776.67,1112178,0
2021-04-18,1776.49,1797.88,1763.53,1776.48,1141570,0
2021-04-25,1774.78,1789.98,1756.33,1768.97,1112139,0
2021-05-02,1768.15,1843.3,1765.96,1830.85,1125724,0
2021-05-09,1830.79,1845.93,1808.76,1842.56,1291392,0
2021-05-16,1844.06,1890.09,1840.99,1881.74,1282191,0
2021-05-23,1881.5,1912.74,1872.68,1903.18,1186464,0
2021-05-30,1902.87,1916.58,1855.5,1891.51,1069304,0
2021-06-06,1890.54,1903.67,1869.84,1876.16,1091607,0
2021-06-13,1877.3,1877.63,1760.91,1764.52,1367609,0
2021-06-20,1763.92,1794.95,1763.92,1781.11,1263890,0
2021-06-27,1780.59,1795.04,1750.69,1787.33,1036854,0
2021-07-04,1785.71,1818.45,1784.47,1808.04,990318,0
2021-07-11,1807.98,1834.09,1791.65,1811.51,980800,0
2021-07-18,1811.32,1824.97,1789.63,1801.93,1102661,0
2021-07-25,1802.29,1832.66,1792.54,1814.28,1005067,0
2021-08-01,1814.65,1831.71,1758.65,1763.18,907136,0
2021-08-08,1761.13,1779.79,1682.99,1779.7,949104,0
2021-08-15,1779.24,1795.47,1770.8,1780.94,919428,0
2021-08-22,1781.48,1819.16,1776.44,1817.85,825445,0
2021-08-29,1818.13,1833.95,1801.71,1827.59,730034,0
2021-09-05,1828.2,1830.24,1782.39,1787.81,723276,0
2021-09-12,1787.43,1808.66,1745.34,1753.92,558480,0
2021-09-19,1754.37,1787.21,1737.86,1749.72,554334,0
2021-09-26,1749.87,1764.3,1721.66,1760.15,510208,0
2021-10-03,1760.86,1781.31,1745.86,1757.1,395384,5
2021-10-10,1757.04,1800.57,1750.13,1767.82,396804,7
2021-10-17,1767.22,1813.83,1760.31,1792.68,418295,7
2021-10-24,1793.05,1810.42,1771.96,1782.6,424308,7
2021-10-31,1783.36,1818.27,1758.82,1818.18,474499,7
2021-11-07,1815.65,1868.65,1812.4,1864.43,429858,7
2021-11-14,1866.82,1877.18,1842.95,1845.51,389252,7
2021-11-21,1842.06,1849.08,1778.54,1788.1,409121,7
2021-11-28,1788.92,1808.68,1761.93,1783.89,500699,0
2021-12-05,1782.14,1793.08,1770.13,1782.76,337210,7
2021-12-12,1782.76,1814.26,1752.92,1797.96,350782,7
2021-12-19,1800.34,1810.73,1784.87,1808.31,228830,7
2021-12-26,1805.98,1830.32,1789.42,1828.71,238151,7
2022-01-02,1830.59,1831.78,1782.57,1796.04,328649,7
2022-01-09,1795.17,1829.13,1790.35,1817.45,340358,7
2022-01-16,1817.36,1847.89,1805.75,1833.66,345764,7
2022-01-23,1832.94,1853.86,1780.29,1791.3,374506,7
2022-01-30,1789.13,1814.89,1785.58,1807.78,244363,7
2022-02-06,1808.56,1865.48,1807.9,1861.64,307377,7
2022-02-13,1855.94,1902.46,1844.55,1898.29,317078,7
2022-02-20,1902.53,1974.37,1878.11,1890.43,424725,7
2022-02-27,1920.01,1970.21,1890.98,1968.68,404016,7
2022-03-06,1980.95,2070.34,1958.66,1985.22,354082,7
2022-03-13,1979.99,1983.7,1895.27,1920.09,240649,7
2022-03-20,1924.73,1966.17,1910.71,1955.02,268868,7
2022-03-27,1955.5,1958.31,1890.1,1922.93,371995,7
2022-04-03,1924.28,1948.11,1915.01,1945.39,338212,7
2022-04-10,1947.92,1981.5,1939.96,1972.17,277073,7
2022-04-17,1972.59,1998.36,1926.54,1931.31,366666,7
2022-04-24,1932.44,1934.39,1872.07,1896.53,394470,7
2022-05-01,1899.31,1909.76,1850.38,1881.93,350582,7
2022-05-08,1883.49,1885.61,1799.08,1810.87,399309,7
2022-05-15,1814.08,1849.37,1786.72,1845.84,350427,7
2022-05-22,1848.71,1869.65,1840.95,1853.28,287329,7
2022-05-29,1852.56,1874.05,1828.47,1850.45,271231,7
2022-06-05,1850.66,1875.88,1825.02,1870.86,279429,7
2022-06-12,1877.96,1879.0,1805.09,1841.1,405691,7
2022-06-19,1836.06,1847.77,1816.9,1826.26,303589,7
2022-06-26,1836.07,1841.0,1784.49,1807.42,322156,0
2022-07-03,1809.78,1814.2,1732.26,1741.76,309179,7
2022-07-10,1741.03,1745.3,1697.41,1706.51,388195,7
2022-07-17,1706.89,1739.22,1680.85,1723.89,325609,7
2022-07-24,1725.98,1767.87,1711.46,1765.4,345755,7
2022-07-31,1765.09,1794.9,1754.27,1774.96,359322,7
2022-08-07,1773.11,1807.95,1771.18,1801.0,297302,7
2022-08-14,1801.53,1801.74,1745.57,1746.58,303131,7
2022-08-21,1745.58,1765.41,1727.72,1737.28,305910,7
2022-08-28,1734.82,1745.41,1688.76,1711.61,317313,7
2022-09-04,1711.13,1729.47,1691.38,1716.3,303239,7
2022-09-11,1718.22,1735.07,1654.06,1675.08,338975,0
2022-09-18,1674.33,1687.95,1639.74,1643.97,346034,7
2022-09-25,1643.02,1675.39,1614.75,1661.06,426389,7
2022-10-02,1664.2,1729.38,1659.68,1694.36,384049,7
2022-10-09,1696.18,1699.77,1640.15,1644.09,518791,7
2022-10-16,1646.05,1668.42,1617.22,1656.51,505443,7
2022-10-23,1659.82,1674.86,1637.97,1644.88,513428,7
2022-10-30,1643.64,1681.73,1616.6,1680.54,485091,7
2022-11-06,1675.31,1772.76,1664.71,1771.01,523140,7
2022-11-13,1763.69,1786.52,1747.51,1749.86,528028,7
2022-11-20,1751.23,1761.15,1723.8,1756.1,405880,0
2022-11-27,1753.17,1804.42,1739.61,1797.82,512981,7
2022-12-04,1794.67,1809.95,1765.81,1796.64,480722,7
2022-12-11,1795.93,1824.45,1773.69,1792.26,507622,0
2022-12-18,1792.18,1823.79,1783.87,1798.0,461660,7
2022-12-25,1800.59,1833.29,1796.99,1824.51,306782,7
2023-01-01,1827.97,1869.84,1823.71,1865.97,447873,7
2023-01-08,1866.26,1921.86,1866.26,1920.39,487673,0
2023-01-15,1918.21,1937.51,1896.58,1926.83,477829,7
2023-01-22,1924.23,1949.15,1911.37,1927.94,444113,7
2023-01-29,1926.75,1959.72,1861.42,1865.71,597530,7
2023-02-05,1864.22,1890.24,1852.71,1864.81,549005,7
2023-02-12,1864.07,1870.56,1818.91,1841.89,513798,7
2023-02-19,1841.21,1847.45,1808.93,1810.72,444353,7
2023-02-26,1811.8,1856.36,1804.63,1855.06,475606,7
2023-03-05,1853.71,1870.13,1809.33,1868.04,497961,7
2023-03-12,1882.66,1987.76,1871.5,1984.73,833704,7
2023-03-19,1985.24,2009.75,1934.23,1976.78,685232,7
2023-03-26,1976.58,1987.52,1944.0,1968.81,494883,7
2023-04-02,1966.24,2032.07,1949.73,2007.15,430014,7
2023-04-09,1997.06,2048.68,1981.61,2004.18,481500,7
2023-04-16,2000.95,2015.03,1969.22,1983.01,480379,7
2023-04-23,1982.18,2009.3,1973.98,1989.27,545449,7
2023-04-30,1989.83,2062.82,1977.06,2016.47,550123,7
2023-05-07,2016.1,2048.16,2000.87,2010.81,529523,7
2023-05-14,2008.56,2022.18,1951.94,1977.06,516778,7
2023-05-21,1978.02,1985.2,1936.68,1946.73,507138,7
2023-05-28,1942.98,1983.39,1932.01,1947.98,443951,7
2023-06-04,1947.35,1972.94,1938.09,1960.82,489656,7
2023-06-11,1959.57,1971.09,1924.59,1957.75,511393,7
2023-06-18,1958.44,1958.73,1910.16,1919.73,448154,7
2023-06-25,1923.24,1933.33,1892.95,1918.83,481978,7
2023-07-02,1918.49,1935.07,1902.66,1925.35,430405,7
2023-07-09,1925.16,1963.75,1912.65,1955.1,474865,7
2023-07-16,1954.96,1987.46,1945.71,1961.72,460008,7
2023-07-23,1962.35,1982.2,1942.56,1959.0,462285,7
2023-07-30,1959.72,1972.41,1925.41,1942.75,427268,7
2023-08-06,1942.53,1946.66,1910.75,1913.34,366660,7
2023-08-13,1913.79,1916.19,1884.95,1889.45,398288,7
2023-08-20,1889.41,1923.32,1884.84,1914.78,394469,7
2023-08-27,1915.68,1952.91,1912.78,1939.51,378014,7
2023-09-03,1940.32,1946.37,1915.27,1919.22,337000,7
2023-09-10,1919.7,1930.68,1900.98,1923.38,423216,7
2023-09-17,1923.97,1947.41,1913.89,1925.22,365075,7
2023-09-24,1926.15,1927.15,1846.3,1849.12,390992,7
2023-10-01,1847.38,1848.92,1810.37,1831.92,504841,7
2023-10-08,1853.32,1930.76,1844.19,1929.58,602429,7
2023-10-15,1927.38,1997.13,1908.14,1980.23,518923,7
2023-10-22,1972.35,2009.33,1953.57,2005.23,486955,7
2023-10-29,2003.08,2007.72,1969.85,1992.31,454216,7
2023-11-05,1991.44,1993.03,1932.93,1936.97,402272,7
2023-11-12,1940.33,1993.4,1919.39,1980.22,446792,7
2023-11-19,1977.55,2007.51,1965.29,2002.16,426256,7
2023-11-26,2001.13,2075.31,2000.48,2071.16,494463,7
2023-12-03,2074.33,2144.76,1994.64,2003.4,568479,0
2023-12-10,2005.62,2047.9,1973.02,2018.23,510204,7
2023-12-17,2019.57,2070.57,2015.93,2053.06,403041,7
2023-12-24,2057.17,2088.38,2053.46,2062.57,284257,7
2023-12-31,2065.22,2078.87,2024.36,2045.7,479731,7
2024-01-07,2044.57,2062.23,2013.28,2048.87,663128,7
2024-01-14,2047.84,2058.61,2001.85,2029.45,635810,7
2024-01-21,2028.7,2037.74,2009.02,2018.57,592497,7
2024-01-28,2023.64,2065.35,2019.25,2038.64,607613,7
2024-02-04,2041.52,2044.58,2014.91,2024.3,555933,7
2024-02-11,2026.68,2032.36,1984.19,2013.15,526757,0
2024-02-18,2011.81,2041.34,2011.78,2035.81,472862,7
2024-02-25,2033.15,2088.29,2024.49,2083.54,496119,7
2024-03-03,2082.87,2195.16,2079.44,2177.8,622951,7
2024-03-10,2179.88,2188.96,2150.59,2156.07,526294,7
2024-03-17,2153.49,2222.72,2146.05,2164.96,556380,7
2024-03-24,2166.27,2236.25,2163.55,2229.47,431163,7
2024-03-31,2239.37,2330.3,2228.5,2328.89,699664,7
2024-04-07,2327.79,2431.43,2302.86,2343.85,885431,0
2024-04-14,2358.69,2417.81,2324.24,2390.33,946114,7
2024-04-21,2384.33,2388.52,2291.33,2336.59,746338,7
2024-04-28,2333.77,2346.68,2277.31,2303.31,703220,0
2024-05-05,2302.31,2378.38,2291.81,2360.25,613033,7
2024-05-12,2361.48,2422.69,2332.07,2415.56,679703,9
2024-05-19,2425.19,2450.01,2325.36,2334.32,815991,7
2024-05-26,2335.93,2364.06,2320.58,2329.44,698729,9
2024-06-02,2328.67,2387.66,2286.73,2294.02,778968,0
2024-06-09,2290.05,2341.56,2287.72,2332.18,553123,13
2024-06-16,2331.13,2368.67,2306.57,2321.36,380209,9
2024-06-23,2321.1,2339.75,2293.6,2325.49,519413,10
2024-06-30,2323.04,2392.85,2318.49,2391.1,581818,8
2024-07-07,2389.45,2424.51,2349.39,2411.6,647945,8
2024-07-14,2411.88,2483.67,2393.81,2398.46,828879,9
2024-07-21,2403.8,2431.96,2353.06,2388.01,827053,9
2024-07-28,2388.05,2477.63,2369.63,2440.07,903332,9
2024-08-04,2440.31,2458.76,2364.3,2430.55,982119,8
2024-08-11,2428.17,2509.7,2423.81,2508.2,764985,8
2024-08-18,2505.89,2531.61,2470.73,2510.92,777972,8
2024-08-25,2511.93,2528.95,2493.64,2503.28,731757,13
2024-09-01,2502.75,2529.11,2471.83,2496.78,703059,8
2024-09-08,2496.94,2586.0,2485.54,2580.58,804244,9
2024-09-15,2578.71,2625.73,2546.77,2621.92,828056,8
2024-09-22,2621.01,2685.54,2613.84,2654.56,893713,8
2024-09-29,2661.6,2673.11,2624.62,2652.45,787614,8
2024-10-06,2651.59,2661.35,2602.55,2656.93,812385,9
2024-10-13,2649.67,2722.01,2638.02,2721.42,789920,8
2024-10-20,2722.91,2758.41,2708.74,2745.49,821329,14
2024-10-27,2733.74,2790.01,2724.65,2734.62,770024,14
2024-11-03,2731.95,2749.87,2643.13,2683.76,881318,14
2024-11-10,2683.36,2686.05,2536.75,2561.45,861647,11
2024-11-17,2567.97,2712.77,2567.94,2712.73,815676,15
2024-11-24,2710.91,2721.3,2605.21,2650.26,807401,18
2024-12-01,2648.7,2657.11,2613.48,2632.74,713505,17
2024-12-08,2643.1,2726.06,2627.41,2648.67,818434,0
2024-12-15,2648.79,2664.29,2586.4,2621.27,845898,15
2024-12-22,2622.24,2639.01,2608.08,2619.93,487330,28
2024-12-29,2621.49,2665.18,2596.0,2639.13,571883,16
2025-01-05,2639.6,2697.75,2614.66,2689.29,673552,22
2025-01-12,2689.47,2724.66,2656.66,2701.71,649821,14
2025-01-19,2701.1,2785.89,2689.34,2770.82,683564,22
2025-01-26,2765.67,2817.05,2730.4,2800.41,703927,22
2025-02-02,2801.71,2886.75,2772.07,2860.67,738001,13
2025-02-09,2861.42,2942.54,2860.17,2882.91,670099,13
2025-02-16,2893.54,2954.83,2878.81,2935.38,567845,13
2025-02-23,2939.55,2956.15,2832.58,2858.42,645114,17
2025-03-02,2873.06,2930.35,2858.88,2911.17,658391,21
2025-03-09,2912.26,3004.9,2880.18,2987.46,620358,19
2025-03-16,2987.57,3057.38,2982.2,3022.95,557244,21
2025-03-23,3023.36,3086.74,3002.38,3084.93,554261,21
2025-03-30,3092.45,3167.56,3015.88,3037.5,718573,21
2025-04-06,3027.85,3245.32,2956.66,3234.25,798812,0
2025-04-13,3221.92,3357.64,3193.73,3327.95,495874,21
2025-04-20,3331.86,3499.88,3260.09,3313.61,719271,21
2025-04-27,3325.87,3352.95,3201.92,3238.68,592804,21
2025-05-04,3238.61,3430.86,3237.73,3327.63,649392,21
2025-05-11,3288.5,3292.35,3120.81,3201.87,657264,23
2025-05-18,3215.86,3365.89,3204.56,3358.91,577447,23
2025-05-25,3351.71,3356.72,3245.47,3291.54,537545,23
2025-06-01,3303.09,3403.23,3300.18,3311.35,594876,23
2025-06-08,3317.76,3446.72,3293.35,3432.75,584874,23
2025-06-15,3440.97,3451.19,3340.34,3368.77,494703,23
2025-06-22,3383.5,3393.35,3256.12,3274.49,487355,23
2025-06-29,3272.53,3365.65,3248.86,3336.95,391405,21
2025-07-06,3341.37,3368.63,3282.72,3357.23,464001,21
2025-07-13,3360.49,3377.43,3309.68,3351.23,445252,21
2025-07-20,3348.73,3438.81,3324.91,3336.35,462576,21
2025-07-27,3329.25,3362.52,3268.06,3362.17,480765,21
2025-08-03,3364.13,3407.62,3344.96,3397.48,578875,0
2025-08-10,3400.47,3401.83,3329.75,3335.53,582275,21
2025-08-17,3334.57,3378.73,3311.41,3371.48,472575,21
2025-08-24,3368.58,3453.82,3351.24,3447.29,515304,21
2025-08-31,3445.83,3600.02,3437.01,3587.31,794997,21
2025-09-07,3591.63,3674.58,3579.48,3642.32,593944,21
2025-09-14,3644.63,3707.42,3626.54,3684.29,628147,21
2025-09-21,3687.88,3791.01,3683.61,3761.78,683791,21
2025-09-28,3764.52,3896.78,3763.35,3885.46,720570,15
2025-10-05,3888.17,4059.12,3884.11,4010.28,857042,15
2025-10-12,4010.13,4379.2,4010.13,4246.35,904009,15
2025-10-19,4259.89,4381.25,4003.3,4110.84,933051,15
2025-10-26,4083.43,4108.62,3886.56,4002.49,891357,17
2025-11-02,3995.64,4030.5,3928.72,3999.57,678644,15
2025-11-09,4006.48,4244.93,4004.17,4079.39,889401,17
2025-11-16,4077.87,4132.73,3997.99,4065.69,959985,15
2025-11-23,4067.39,4226.75,4040.14,4219.29,708959,17
2025-11-30,4225.62,4264.46,4163.52,4196.86,898899,21
2025-12-07,4203.18,4353.6,4169.92,4302.74,926607,21
2025-12-14,4303.29,4374.58,4271.33,4338.6,947854,21
2025-12-21,4340.69,4549.7,4339.69,4531.49,727145,21
2025-12-28,4540.32,4545.98,4274.6,4330.51,838271,22
2026-01-04,4356.68,4517.07,4349.83,4510.22,991070,22
2026-01-11,4521.15,4642.88,4521.04,4594.61,1099579,23
2026-01-18,4648.66,4989.58,4644.81,4982.44,1084186,23
2026-01-25,5014.0,5598.08,4690.03,4863.57,1577595,27
2026-02-01,4825.15,5091.83,4402.59,4960.19,1523636,33
2026-02-08,4987.55,5118.84,4878.53,5042.78,1093584,36
2026-02-15,5015.19,5104.85,4842.03,5103.59,843424,35
2026-02-22,5117.59,5278.74,5093.52,5277.51,1020773,35
2026-03-01,5358.16,5418.89,4995.98,5170.92,1356745,45
2026-03-08,5164.39,5238.35,5009.46,5018.52,1156787,0
2026-03-15,5015.17,5044.21,4477.16,4497.16,1271720,45
2026-03-22,4474.93,4602.39,4098.74,4498.41,1560372,45
2026-03-29,4511.48,4800.26,4418.17,4670.6,1072449,37
2026-04-05,4636.15,4857.22,4600.63,4750.34,1141862,37
2026-04-12,4669.24,4891.05,4644.16,4832.74,1069103,37
2026-04-19,4773.29,4832.58,4657.47,4706.74,1305124,39
2026-04-26,4696.83,4729.81,4510.08,4613.13,1287134,41
2026-05-03,4625.35,4764.59,4500.56,4714.96,1266494,42
2026-05-10,4686.72,4773.25,4511.61,4538.07,1316279,39
2026-05-17,4544.86,4589.12,4453.53,4506.77,1385956,37
2026-05-24,4550.43,4595.17,4366.45,4541.77,1108515,36
2026-05-31,4520.19,4545.79,4311.67,4327.26,1150277,36
2026-06-07,4320.46,4363.37,4023.77,4214.9,1563378,36
2026-06-14,4300.53,4382.28,4121.65,4155.46,1148590,36
2026-06-21,4156.47,4220.4,3959.19,4075.46,1439333,36
2026-06-28,4075.63,4195.19,3941.74,4174.76,1184672,41
2026-07-05,4180.2,4202.82,4021.62,4113.6,1210053,37
2026-07-12,4091.08,4101.35,3959.52,4015.66,1343049,37
2026-07-19,3996.66,4165.87,3982.56,4054.23,1178630,37
2026-07-26,4089.37,4120.3,3995.83,4051.26,1267574,37
2026-08-02,4075.2,4371.65,4018.97,4339.65,1195739,37
2026-08-09,4340.07,4449.59,4310.76,4375.21,1195873,37
2026-08-16,4373.1,4632.06,4324.42,4606.2,1271534,37
2026-08-23,4610.21,4696.6,4445.34,4459.1,1384343,37
2026-08-30,4446.03,4510.65,4282.4,4428.59,1349740,37
2026-09-06,4422.04,4442.81,4288.16,4347.45,1232676,37
